2026-08-12 19:49:24,037 - ERROR - Failed to process a post, skipping it and continuing: No module named 'selenium'
2026-08-12 19:49:24,037 - ERROR - Failed to process a post, skipping it and continuing: No module named 'selenium'
2026-08-12 19:49:24,047 - ERROR - Failed to process a post, skipping it and continuing: No module named 'selenium'
2026-08-12 19:49:24,050 - ERROR - Failed to process a post, skipping it and continuing: No module named 'selenium'
2026-08-12 19:49:24,052 - ERROR - Failed to process a post, skipping it and continuing: No module named 'selenium'
2026-08-12 19:49:24,054 - ERROR - Failed to process a post, skipping it and continuing: No module named 'selenium'
2026-08-12 19:49:24,057 - ERROR - Failed to process a post, skipping it and continuing: No module named 'selenium'
2026-08-12 19:49:24,059 - ERROR - Failed to process a post, skipping it and continuing: No module named 'selenium'
2026-08-12 19:49:24,061 - ERROR - Failed to process a post, skipping it and continuing: No module named 'selenium'
2026-08-12 19:49:24,064 - ERROR - Failed to process a post, skipping it and continuing: No module named 'selenium'
2026-08-12 19:49:24,064 - ERROR - Failed to process a post, skipping it and continuing: No module named 'selenium'
2026-08-12 19:49:24,067 - ERROR - Failed to process a post, skipping it and continuing: No module named 'selenium'
2026-08-12 19:49:24,069 - ERROR - Failed to process a post, skipping it and continuing: No module named 'selenium'
2026-08-12 19:49:24,073 - ERROR - Failed to process a post, skipping it and continuing: No module named 'selenium'
2026-08-12 19:49:24,075 - ERROR - Failed to process a post, skipping it and continuing: No module named 'selenium'
2026-08-12 19:49:24,077 - ERROR - Failed to process a post, skipping it and continuing: No module named 'selenium'
2026-08-12 19:49:24,080 - ERROR - Failed to process a post, skipping it and continuing: No module named 'selenium'
2026-08-12 19:49:24,082 - ERROR - Failed to process a post, skipping it and continuing: No module named 'selenium'
2026-08-12 19:49:24,082 - ERROR - Failed to process a post, skipping it and continuing: No module named 'selenium'
2026-08-12 19:49:24,082 - ERROR - Failed to process a post, skipping it and continuing: No module named 'selenium'
2026-08-12 19:49:24,082 - ERROR - Failed to process a post, skipping it and continuing: No module named 'selenium'
2026-08-12 19:49:24,082 - ERROR - Failed to process a post, skipping it and continuing: No module named 'selenium'
2026-08-12 19:49:24,082 - ERROR - Failed to process a post, skipping it and continuing: No module named 'selenium'
2026-08-12 19:49:24,095 - ERROR - Failed to process a post, skipping it and continuing: No module named 'selenium'
2026-08-12 19:49:24,099 - ERROR - Failed to process a post, skipping it and continuing: No module named 'selenium'
2026-08-12 19:49:24,099 - ERROR - Failed to process a post, skipping it and continuing: No module named 'selenium'
2026-08-12 19:49:24,099 - ERROR - Failed to process a post, skipping it and continuing: No module named 'selenium'
2026-08-12 19:49:24,099 - ERROR - Failed to process a post, skipping it and continuing: No module named 'selenium'
2026-08-12 19:49:24,099 - ERROR - Failed to process a post, skipping it and continuing: No module named 'selenium'
2026-08-12 19:49:24,099 - ERROR - Failed to process a post, skipping it and continuing: No module named 'selenium'
2026-08-12 19:49:24,099 - ERROR - Failed to process a post, skipping it and continuing: No module named 'selenium'
2026-08-12 19:49:24,113 - ERROR - Failed to process a post, skipping it and continuing: No module named 'selenium'
2026-08-12 19:49:24,114 - ERROR - Failed to process a post, skipping it and continuing: No module named 'selenium'
2026-08-12 19:49:24,114 - ERROR - Failed to process a post, skipping it and continuing: No module named 'selenium'
2026-08-12 19:49:24,114 - ERROR - Failed to process a post, skipping it and continuing: No module named 'selenium'
2026-08-12 19:49:24,114 - ERROR - Failed to process a post, skipping it and continuing: No module named 'selenium'
2026-08-12 19:49:24,114 - ERROR - Failed to process a post, skipping it and continuing: No module named 'selenium'
2026-08-12 19:51:12,359 - INFO - Reached the cap of 20 new lead(s) for this run; stopping immediately.
2026-08-12 19:51:12,364 - INFO - Skipping post (not a clear remote/freelance video-editing lead): https://www.facebook.com/groups/999/posts/1100
2026-08-12 19:51:12,365 - INFO - Skipping post (not a clear remote/freelance video-editing lead): https://www.facebook.com/groups/999/posts/1101
2026-08-12 19:51:12,376 - INFO - Skipping post (not a clear remote/freelance video-editing lead): https://www.facebook.com/groups/999/posts/1102
2026-08-12 20:02:39,855 - INFO - Daily multi-group scrape started.
2026-08-12 20:02:39,857 - INFO - Daily lead quota: 0/20 used today.
2026-08-12 20:03:29,614 - INFO - [1/31] Visiting group: I Need a Editor (https://www.facebook.com/share/g/1YpD7y4noQ/)
2026-08-12 20:03:37,780 - INFO - Current page detected: https://www.facebook.com/groups/ineedavideoeditor/?rdid=N9EqYKS26ZdjQ5QZ&share_url=https%3A%2F%2Fwww.facebook.com%2Fshare%2Fg%2F1YpD7y4noQ%2F#
2026-08-12 20:03:49,940 - INFO - Finished scrolling (6 rounds) to load additional posts.
2026-08-12 20:03:51,198 - INFO - Ran out of loaded posts before reaching MAX_POSTS_PER_RUN; scrolling for more.
2026-08-12 20:04:12,296 - INFO - Finished scrolling (6 rounds) to load additional posts.
2026-08-12 20:04:20,017 - INFO - Ran out of loaded posts before reaching MAX_POSTS_PER_RUN; scrolling for more.
2026-08-12 20:04:33,314 - INFO - Finished scrolling (6 rounds) to load additional posts.
2026-08-12 20:04:34,587 - INFO - Ran out of loaded posts before reaching MAX_POSTS_PER_RUN; scrolling for more.
2026-08-12 20:04:46,657 - INFO - Finished scrolling (6 rounds) to load additional posts.
2026-08-12 20:04:47,039 - INFO - No further unprocessed posts available even after scrolling; stopping.
2026-08-12 20:04:47,040 - INFO - [1/31] I Need a Editor -- processed 5, qualifying 0, old 2, dup 5, invalid 0, ts-unparseable 0, not-qualifying 0
2026-08-12 20:04:47,043 - INFO - [2/31] Visiting group: VIDEO EDITORS for TIKTOK YOUTUBE & INSTAGRAM (https://www.facebook.com/share/g/1SZ9Bs6Dn1/)
2026-08-12 20:04:53,969 - INFO - Current page detected: https://www.facebook.com/groups/1535727757545719/?rdid=lT1AjZgNefbJcN9e&share_url=https%3A%2F%2Fwww.facebook.com%2Fshare%2Fg%2F1SZ9Bs6Dn1%2F#
2026-08-12 20:05:06,070 - INFO - Finished scrolling (6 rounds) to load additional posts.
2026-08-12 20:05:06,169 - INFO - Ran out of loaded posts before reaching MAX_POSTS_PER_RUN; scrolling for more.
2026-08-12 20:05:18,436 - INFO - Finished scrolling (6 rounds) to load additional posts.
2026-08-12 20:05:18,525 - INFO - No further unprocessed posts available even after scrolling; stopping.
2026-08-12 20:05:18,525 - INFO - [2/31] VIDEO EDITORS for TIKTOK YOUTUBE & INSTAGRAM -- processed 2, qualifying 0, old 0, dup 0, invalid 0, ts-unparseable 0, not-qualifying 0
2026-08-12 20:05:18,527 - INFO - [3/31] Visiting group: Looking For Video Editor UK (https://www.facebook.com/share/g/1EN1BBuUB8/)
2026-08-12 20:05:26,740 - INFO - Current page detected: https://www.facebook.com/groups/470532055541674/?rdid=suNED2DStDOuKYgf&share_url=https%3A%2F%2Fwww.facebook.com%2Fshare%2Fg%2F1EN1BBuUB8%2F#
2026-08-12 20:05:38,833 - INFO - Finished scrolling (6 rounds) to load additional posts.
2026-08-12 20:05:38,916 - INFO - Ran out of loaded posts before reaching MAX_POSTS_PER_RUN; scrolling for more.
2026-08-12 20:05:51,251 - INFO - Finished scrolling (6 rounds) to load additional posts.
2026-08-12 20:05:51,323 - INFO - No further unprocessed posts available even after scrolling; stopping.
2026-08-12 20:05:51,323 - INFO - [3/31] Looking For Video Editor UK -- processed 2, qualifying 0, old 0, dup 0, invalid 0, ts-unparseable 0, not-qualifying 0
2026-08-12 20:05:51,325 - INFO - [4/31] Visiting group: Professional Video Editors (https://www.facebook.com/share/g/17sYQhzdR4/)
2026-08-12 20:05:57,625 - INFO - Current page detected: https://www.facebook.com/groups/310584494121197/?rdid=Y3nhgtPLomMBMAFX&share_url=https%3A%2F%2Fwww.facebook.com%2Fshare%2Fg%2F17sYQhzdR4%2F#
2026-08-12 20:06:10,819 - INFO - Finished scrolling (6 rounds) to load additional posts.
2026-08-12 20:06:12,129 - INFO - Skipping post (not a clear remote/freelance video-editing lead): https://www.facebook.com/groups/310584494121197/posts/1589431166236517
2026-08-12 20:06:12,441 - INFO - Ran out of loaded posts before reaching MAX_POSTS_PER_RUN; scrolling for more.
2026-08-12 20:06:24,499 - INFO - Finished scrolling (6 rounds) to load additional posts.
2026-08-12 20:06:24,691 - INFO - No further unprocessed posts available even after scrolling; stopping.
2026-08-12 20:06:24,693 - INFO - [4/31] Professional Video Editors -- processed 3, qualifying 0, old 0, dup 0, invalid 0, ts-unparseable 0, not-qualifying 1
2026-08-12 20:06:24,695 - INFO - [5/31] Visiting group: Freelance Video Editor Philippines Official (https://www.facebook.com/share/g/1BiuKWizbZ/)
2026-08-12 20:06:33,048 - INFO - Current page detected: https://www.facebook.com/groups/563297302882280/?rdid=cE60PYE6frIOjCil&share_url=https%3A%2F%2Fwww.facebook.com%2Fshare%2Fg%2F1BiuKWizbZ%2F#
2026-08-12 20:06:45,175 - INFO - Finished scrolling (6 rounds) to load additional posts.
2026-08-12 20:06:45,726 - INFO - Skipping post (not a clear remote/freelance video-editing lead): https://www.facebook.com/groups/563297302882280/posts/1086138840598121
2026-08-12 20:06:45,893 - INFO - Ran out of loaded posts before reaching MAX_POSTS_PER_RUN; scrolling for more.
2026-08-12 20:06:57,957 - INFO - Finished scrolling (6 rounds) to load additional posts.
2026-08-12 20:06:58,245 - INFO - No further unprocessed posts available even after scrolling; stopping.
2026-08-12 20:06:58,247 - INFO - [5/31] Freelance Video Editor Philippines Official -- processed 3, qualifying 0, old 0, dup 0, invalid 0, ts-unparseable 0, not-qualifying 1
2026-08-12 20:06:58,251 - INFO - [6/31] Visiting group: Hire A VIDEO EDITOR WORLDWIDE Here (https://www.facebook.com/share/g/14fbrHUzmsZ/)
2026-08-12 20:07:06,819 - INFO - Current page detected: https://www.facebook.com/groups/185647597308414/?rdid=PdxHK80wBjKBuZhi&share_url=https%3A%2F%2Fwww.facebook.com%2Fshare%2Fg%2F14fbrHUzmsZ%2F#
2026-08-12 20:07:19,113 - INFO - Finished scrolling (6 rounds) to load additional posts.
2026-08-12 20:07:19,159 - INFO - Ran out of loaded posts before reaching MAX_POSTS_PER_RUN; scrolling for more.
2026-08-12 20:07:31,288 - INFO - Finished scrolling (6 rounds) to load additional posts.
2026-08-12 20:07:31,335 - INFO - No further unprocessed posts available even after scrolling; stopping.
2026-08-12 20:07:31,335 - INFO - [6/31] Hire A VIDEO EDITOR WORLDWIDE Here -- processed 2, qualifying 0, old 0, dup 0, invalid 0, ts-unparseable 0, not-qualifying 0
2026-08-12 20:07:31,335 - INFO - [7/31] Visiting group: Video Editors of the Philippines (https://www.facebook.com/share/g/1AhHHfAAdS/)
2026-08-12 20:07:36,744 - INFO - Current page detected: https://www.facebook.com/groups/914755432934212/?rdid=wYqdeI8EeKlhgWFf&share_url=https%3A%2F%2Fwww.facebook.com%2Fshare%2Fg%2F1AhHHfAAdS%2F#
2026-08-12 20:07:49,107 - INFO - Finished scrolling (6 rounds) to load additional posts.
2026-08-12 20:07:49,372 - INFO - Ran out of loaded posts before reaching MAX_POSTS_PER_RUN; scrolling for more.
2026-08-12 20:08:01,764 - INFO - Finished scrolling (6 rounds) to load additional posts.
2026-08-12 20:08:02,796 - INFO - Skipping post (not a clear remote/freelance video-editing lead): https://www.facebook.com/groups/914755432934212/posts/1677338200009261
2026-08-12 20:08:03,325 - INFO - Skipping post (not a clear remote/freelance video-editing lead): https://www.facebook.com/groups/914755432934212/posts/1677338200009261
2026-08-12 20:08:03,546 - INFO - Ran out of loaded posts before reaching MAX_POSTS_PER_RUN; scrolling for more.
2026-08-12 20:08:15,833 - INFO - Finished scrolling (6 rounds) to load additional posts.
2026-08-12 20:08:15,887 - INFO - No further unprocessed posts available even after scrolling; stopping.
2026-08-12 20:08:15,889 - INFO - [7/31] Video Editors of the Philippines -- processed 4, qualifying 0, old 0, dup 0, invalid 0, ts-unparseable 0, not-qualifying 2
2026-08-12 20:08:15,892 - INFO - [8/31] Visiting group: PHILIPPINES - FOR PROFESSIONAL VIDEO EDITORS ONLY (https://www.facebook.com/share/g/1Gq6caq1u8/)
2026-08-12 20:08:24,601 - INFO - Current page detected: https://www.facebook.com/groups/philippinesforprofessionalvideoeditorsonly/?rdid=zGpu1yNac0GgCQUd&share_url=https%3A%2F%2Fwww.facebook.com%2Fshare%2Fg%2F1Gq6caq1u8%2F#
2026-08-12 20:08:36,694 - INFO - Finished scrolling (6 rounds) to load additional posts.
2026-08-12 20:08:37,003 - INFO - Skipping post (not a clear remote/freelance video-editing lead): https://www.facebook.com/groups/philippinesforprofessionalvideoeditorsonly/posts/1466326648636727
2026-08-12 20:08:37,519 - INFO - Skipping post (not a clear remote/freelance video-editing lead): https://www.facebook.com/groups/philippinesforprofessionalvideoeditorsonly/posts/1466326648636727
2026-08-12 20:08:37,692 - INFO - Ran out of loaded posts before reaching MAX_POSTS_PER_RUN; scrolling for more.
2026-08-12 20:08:49,987 - INFO - Finished scrolling (6 rounds) to load additional posts.
2026-08-12 20:08:50,846 - INFO - No further unprocessed posts available even after scrolling; stopping.
2026-08-12 20:08:50,846 - INFO - [8/31] PHILIPPINES - FOR PROFESSIONAL VIDEO EDITORS ONLY -- processed 4, qualifying 0, old 0, dup 0, invalid 0, ts-unparseable 0, not-qualifying 2
2026-08-12 20:08:50,848 - INFO - [9/31] Visiting group: Pakistani Video Editors (https://www.facebook.com/share/g/17wWHArQg5/)
2026-08-12 20:08:58,047 - INFO - Current page detected: https://www.facebook.com/groups/497041285819747/?rdid=bxH98by0bgfjuUKJ&share_url=https%3A%2F%2Fwww.facebook.com%2Fshare%2Fg%2F17wWHArQg5%2F#
2026-08-12 20:09:10,738 - INFO - Finished scrolling (6 rounds) to load additional posts.
2026-08-12 20:09:12,528 - INFO - Skipping post (not a clear remote/freelance video-editing lead): https://www.facebook.com/groups/497041285819747/posts/1445164721007394
2026-08-12 20:09:13,196 - INFO - Skipping post (not a clear remote/freelance video-editing lead): https://www.facebook.com/groups/497041285819747/posts/1445164721007394
2026-08-12 20:09:13,873 - INFO - Skipping post (not a clear remote/freelance video-editing lead): https://www.facebook.com/groups/497041285819747/posts/1443642814492918
2026-08-12 20:09:14,240 - INFO - Ran out of loaded posts before reaching MAX_POSTS_PER_RUN; scrolling for more.
2026-08-12 20:09:26,305 - INFO - Finished scrolling (6 rounds) to load additional posts.
2026-08-12 20:09:26,692 - INFO - Skipping post (timestamp could not be reliably determined): https://www.facebook.com/groups/497041285819747/posts/1060378926152644
2026-08-12 20:09:27,235 - INFO - Ran out of loaded posts before reaching MAX_POSTS_PER_RUN; scrolling for more.
2026-08-12 20:09:39,308 - INFO - Finished scrolling (6 rounds) to load additional posts.
2026-08-12 20:09:39,891 - INFO - No further unprocessed posts available even after scrolling; stopping.
2026-08-12 20:09:39,894 - INFO - [9/31] Pakistani Video Editors -- processed 5, qualifying 0, old 1, dup 0, invalid 0, ts-unparseable 1, not-qualifying 3
2026-08-12 20:09:39,899 - INFO - [10/31] Visiting group: Video editors(Philippines) (https://www.facebook.com/share/g/1EZBXK2SzH/)
2026-08-12 20:09:47,520 - INFO - Current page detected: https://www.facebook.com/groups/1417223878967262/?rdid=lqLtGSgjF8387436&share_url=https%3A%2F%2Fwww.facebook.com%2Fshare%2Fg%2F1EZBXK2SzH%2F#
2026-08-12 20:09:59,757 - INFO - Finished scrolling (6 rounds) to load additional posts.
2026-08-12 20:10:00,439 - INFO - Skipping post (not a clear remote/freelance video-editing lead): https://www.facebook.com/groups/1417223878967262/posts/1969400260416285
2026-08-12 20:10:01,213 - INFO - Skipping post (not a clear remote/freelance video-editing lead): https://www.facebook.com/groups/1417223878967262/posts/1969400260416285
2026-08-12 20:10:01,638 - INFO - Ran out of loaded posts before reaching MAX_POSTS_PER_RUN; scrolling for more.
2026-08-12 20:10:13,766 - INFO - Finished scrolling (6 rounds) to load additional posts.
2026-08-12 20:10:14,965 - INFO - No further unprocessed posts available even after scrolling; stopping.
2026-08-12 20:10:14,966 - INFO - [10/31] Video editors(Philippines) -- processed 4, qualifying 0, old 0, dup 0, invalid 0, ts-unparseable 0, not-qualifying 2
2026-08-12 20:10:14,967 - INFO - [11/31] Visiting group: Video Editing Groups (https://www.facebook.com/groups/294830932856749/)
2026-08-12 20:10:21,848 - INFO - Current page detected: https://www.facebook.com/groups/294830932856749/
2026-08-12 20:10:34,881 - INFO - Finished scrolling (6 rounds) to load additional posts.
2026-08-12 20:10:36,901 - INFO - Skipping post (not a clear remote/freelance video-editing lead): https://www.facebook.com/groups/294830932856749/posts/1352021670470998
2026-08-12 20:10:37,202 - INFO - Ran out of loaded posts before reaching MAX_POSTS_PER_RUN; scrolling for more.
2026-08-12 20:10:49,293 - INFO - Finished scrolling (6 rounds) to load additional posts.
2026-08-12 20:10:49,364 - INFO - No further unprocessed posts available even after scrolling; stopping.
2026-08-12 20:10:49,367 - INFO - [11/31] Video Editing Groups -- processed 3, qualifying 0, old 0, dup 0, invalid 0, ts-unparseable 0, not-qualifying 1
2026-08-12 20:10:49,368 - INFO - [12/31] Visiting group: Hire a Video Editor - Freelance Hub (https://www.facebook.com/groups/2045519552480506/)
2026-08-12 20:10:55,342 - INFO - Current page detected: https://www.facebook.com/groups/2045519552480506/
2026-08-12 20:11:07,432 - INFO - Finished scrolling (6 rounds) to load additional posts.
2026-08-12 20:11:08,822 - INFO - Skipping post (not a clear remote/freelance video-editing lead): https://www.facebook.com/groups/editverse.freelancehub/posts/2813492329016554
2026-08-12 20:11:09,096 - INFO - Ran out of loaded posts before reaching MAX_POSTS_PER_RUN; scrolling for more.
2026-08-12 20:11:21,357 - INFO - Finished scrolling (6 rounds) to load additional posts.
2026-08-12 20:11:21,781 - INFO - No further unprocessed posts available even after scrolling; stopping.
2026-08-12 20:11:21,782 - INFO - [12/31] Hire a Video Editor - Freelance Hub -- processed 3, qualifying 0, old 0, dup 0, invalid 0, ts-unparseable 0, not-qualifying 1
2026-08-12 20:11:21,786 - INFO - [13/31] Visiting group: Video Editors Community (https://www.facebook.com/groups/503066452462593/)
2026-08-12 20:11:26,903 - INFO - Current page detected: https://www.facebook.com/groups/503066452462593/
2026-08-12 20:11:39,524 - INFO - Finished scrolling (6 rounds) to load additional posts.
2026-08-12 20:11:40,019 - INFO - Ran out of loaded posts before reaching MAX_POSTS_PER_RUN; scrolling for more.
2026-08-12 20:11:52,087 - INFO - Finished scrolling (6 rounds) to load additional posts.
2026-08-12 20:11:52,268 - INFO - No further unprocessed posts available even after scrolling; stopping.
2026-08-12 20:11:52,270 - INFO - [13/31] Video Editors Community -- processed 3, qualifying 0, old 1, dup 0, invalid 0, ts-unparseable 0, not-qualifying 0
2026-08-12 20:11:52,270 - INFO - [14/31] Visiting group: Video Editing Services and Community Worldwide (https://www.facebook.com/groups/610594114897677/)
2026-08-12 20:11:59,440 - INFO - Current page detected: https://www.facebook.com/groups/610594114897677/
2026-08-12 20:12:11,633 - INFO - Finished scrolling (6 rounds) to load additional posts.
2026-08-12 20:12:11,681 - INFO - Ran out of loaded posts before reaching MAX_POSTS_PER_RUN; scrolling for more.
2026-08-12 20:12:23,747 - INFO - Finished scrolling (6 rounds) to load additional posts.
2026-08-12 20:12:23,800 - INFO - No further unprocessed posts available even after scrolling; stopping.
2026-08-12 20:12:23,800 - INFO - [14/31] Video Editing Services and Community Worldwide -- processed 2, qualifying 0, old 0, dup 0, invalid 0, ts-unparseable 0, not-qualifying 0
2026-08-12 20:12:23,800 - INFO - [15/31] Visiting group: YouTube Creators - Promote Your YouTube Channel (https://www.facebook.com/groups/ytcreatorspromo/)
2026-08-12 20:12:29,402 - INFO - Current page detected: https://www.facebook.com/groups/ytcreatorspromo/
2026-08-12 20:12:41,805 - INFO - Finished scrolling (6 rounds) to load additional posts.
2026-08-12 20:12:41,850 - INFO - Ran out of loaded posts before reaching MAX_POSTS_PER_RUN; scrolling for more.
2026-08-12 20:12:53,932 - INFO - Finished scrolling (6 rounds) to load additional posts.
2026-08-12 20:12:54,006 - INFO - No further unprocessed posts available even after scrolling; stopping.
2026-08-12 20:12:54,006 - INFO - [15/31] YouTube Creators - Promote Your YouTube Channel -- processed 2, qualifying 0, old 0, dup 0, invalid 0, ts-unparseable 0, not-qualifying 0
2026-08-12 20:12:54,009 - INFO - [16/31] Visiting group: Video Editor freelancer (https://www.facebook.com/groups/396537685660594/)
2026-08-12 20:12:59,426 - INFO - Current page detected: https://www.facebook.com/groups/396537685660594/
2026-08-12 20:13:12,368 - INFO - Finished scrolling (6 rounds) to load additional posts.
2026-08-12 20:13:12,419 - INFO - Ran out of loaded posts before reaching MAX_POSTS_PER_RUN; scrolling for more.
2026-08-12 20:13:24,920 - INFO - Finished scrolling (6 rounds) to load additional posts.
2026-08-12 20:13:24,969 - INFO - No further unprocessed posts available even after scrolling; stopping.
2026-08-12 20:13:24,969 - INFO - [16/31] Video Editor freelancer -- processed 2, qualifying 0, old 0, dup 0, invalid 0, ts-unparseable 0, not-qualifying 0
2026-08-12 20:13:24,969 - INFO - [17/31] Visiting group: EDITOR HUB (https://www.facebook.com/groups/1380781919968166/)
2026-08-12 20:13:32,041 - INFO - Current page detected: https://www.facebook.com/groups/1380781919968166/
2026-08-12 20:13:44,145 - INFO - Finished scrolling (6 rounds) to load additional posts.
2026-08-12 20:13:44,226 - INFO - Ran out of loaded posts before reaching MAX_POSTS_PER_RUN; scrolling for more.
2026-08-12 20:13:56,293 - INFO - Finished scrolling (6 rounds) to load additional posts.
2026-08-12 20:13:56,414 - INFO - No further unprocessed posts available even after scrolling; stopping.
2026-08-12 20:13:56,416 - INFO - [17/31] EDITOR HUB -- processed 2, qualifying 0, old 0, dup 0, invalid 0, ts-unparseable 0, not-qualifying 0
2026-08-12 20:13:56,417 - INFO - [18/31] Visiting group: Video editing (https://www.facebook.com/groups/409392954169013/)
2026-08-12 20:14:02,900 - INFO - Current page detected: https://www.facebook.com/groups/409392954169013/
2026-08-12 20:14:15,209 - INFO - Finished scrolling (6 rounds) to load additional posts.
2026-08-12 20:14:15,271 - INFO - Ran out of loaded posts before reaching MAX_POSTS_PER_RUN; scrolling for more.
2026-08-12 20:14:27,487 - INFO - Finished scrolling (6 rounds) to load additional posts.
2026-08-12 20:14:27,552 - INFO - No further unprocessed posts available even after scrolling; stopping.
2026-08-12 20:14:27,552 - INFO - [18/31] Video editing -- processed 2, qualifying 0, old 0, dup 0, invalid 0, ts-unparseable 0, not-qualifying 0
2026-08-12 20:14:27,557 - INFO - [19/31] Visiting group: AI Video Editing Jobs & Services Online (https://www.facebook.com/groups/1155257268851946/)
2026-08-12 20:14:32,493 - INFO - Current page detected: https://www.facebook.com/groups/1155257268851946/
2026-08-12 20:14:44,918 - INFO - Finished scrolling (6 rounds) to load additional posts.
2026-08-12 20:14:48,326 - INFO - Ran out of loaded posts before reaching MAX_POSTS_PER_RUN; scrolling for more.
2026-08-12 20:15:00,451 - INFO - Finished scrolling (6 rounds) to load additional posts.
2026-08-12 20:15:00,506 - INFO - No further unprocessed posts available even after scrolling; stopping.
2026-08-12 20:15:00,508 - INFO - [19/31] AI Video Editing Jobs & Services Online -- processed 4, qualifying 0, old 2, dup 0, invalid 0, ts-unparseable 0, not-qualifying 0
2026-08-12 20:15:00,508 - INFO - [20/31] Visiting group: Freelancer Video Editing (https://www.facebook.com/groups/1326223411530920/)
2026-08-12 20:15:06,962 - INFO - Current page detected: https://www.facebook.com/groups/1326223411530920/
2026-08-12 20:15:19,042 - INFO - Finished scrolling (6 rounds) to load additional posts.
2026-08-12 20:15:19,085 - INFO - Ran out of loaded posts before reaching MAX_POSTS_PER_RUN; scrolling for more.
2026-08-12 20:15:31,139 - INFO - Finished scrolling (6 rounds) to load additional posts.
2026-08-12 20:15:31,260 - INFO - No further unprocessed posts available even after scrolling; stopping.
2026-08-12 20:15:31,261 - INFO - [20/31] Freelancer Video Editing -- processed 2, qualifying 0, old 0, dup 0, invalid 0, ts-unparseable 0, not-qualifying 0
2026-08-12 20:15:31,262 - INFO - [21/31] Visiting group: Freelance Video Editor Philippines (https://www.facebook.com/share/g/1b6kxk64Ny/)
2026-08-12 20:15:37,287 - INFO - Current page detected: https://www.facebook.com/groups/786509760938079/?rdid=2Sye1hUcmOlQUY27&share_url=https%3A%2F%2Fwww.facebook.com%2Fshare%2Fg%2F1b6kxk64Ny%2F#
2026-08-12 20:15:50,419 - INFO - Finished scrolling (6 rounds) to load additional posts.
2026-08-12 20:15:50,991 - INFO - Skipping post (not a clear remote/freelance video-editing lead): https://www.facebook.com/groups/786509760938079/posts/1037845715804481
2026-08-12 20:15:51,526 - INFO - Skipping post (not a clear remote/freelance video-editing lead): https://www.facebook.com/groups/786509760938079/posts/1037845715804481
2026-08-12 20:15:51,820 - INFO - Ran out of loaded posts before reaching MAX_POSTS_PER_RUN; scrolling for more.
2026-08-12 20:16:03,891 - INFO - Finished scrolling (6 rounds) to load additional posts.
2026-08-12 20:16:04,065 - INFO - No further unprocessed posts available even after scrolling; stopping.
2026-08-12 20:16:04,066 - INFO - [21/31] Freelance Video Editor Philippines -- processed 4, qualifying 0, old 0, dup 0, invalid 0, ts-unparseable 0, not-qualifying 2
2026-08-12 20:16:04,066 - INFO - [22/31] Visiting group: Video Editors of the Philippines (2) (https://www.facebook.com/share/g/1D1Cud11Wk/)
2026-08-12 20:16:09,784 - INFO - Current page detected: https://www.facebook.com/groups/914755432934212/?rdid=CaLT7unPQojawXIV&share_url=https%3A%2F%2Fwww.facebook.com%2Fshare%2Fg%2F1D1Cud11Wk%2F#
2026-08-12 20:16:22,817 - INFO - Finished scrolling (6 rounds) to load additional posts.
2026-08-12 20:16:22,921 - INFO - Ran out of loaded posts before reaching MAX_POSTS_PER_RUN; scrolling for more.
2026-08-12 20:16:35,055 - INFO - Finished scrolling (6 rounds) to load additional posts.
2026-08-12 20:16:35,276 - INFO - No further unprocessed posts available even after scrolling; stopping.
2026-08-12 20:16:35,278 - INFO - [22/31] Video Editors of the Philippines (2) -- processed 2, qualifying 0, old 0, dup 0, invalid 0, ts-unparseable 0, not-qualifying 0
2026-08-12 20:16:35,278 - INFO - [23/31] Visiting group: Video editors(Philippines) (2) (https://www.facebook.com/share/g/1NsqCBmshn/)
2026-08-12 20:16:40,930 - INFO - Current page detected: https://www.facebook.com/groups/1417223878967262/?rdid=BAzJSryMwlXUCgoJ&share_url=https%3A%2F%2Fwww.facebook.com%2Fshare%2Fg%2F1NsqCBmshn%2F#
2026-08-12 20:16:53,136 - INFO - Finished scrolling (6 rounds) to load additional posts.
2026-08-12 20:16:53,490 - INFO - Skipping post (not a clear remote/freelance video-editing lead): https://www.facebook.com/groups/1417223878967262/posts/1969400260416285
2026-08-12 20:16:53,967 - INFO - Skipping post (not a clear remote/freelance video-editing lead): https://www.facebook.com/groups/1417223878967262/posts/1969400260416285
2026-08-12 20:16:54,180 - INFO - Ran out of loaded posts before reaching MAX_POSTS_PER_RUN; scrolling for more.
2026-08-12 20:17:06,279 - INFO - Finished scrolling (6 rounds) to load additional posts.
2026-08-12 20:17:06,441 - INFO - No further unprocessed posts available even after scrolling; stopping.
2026-08-12 20:17:06,442 - INFO - [23/31] Video editors(Philippines) (2) -- processed 4, qualifying 0, old 0, dup 0, invalid 0, ts-unparseable 0, not-qualifying 2
2026-08-12 20:17:06,443 - INFO - [24/31] Visiting group: Video Editing Jobs & video Editors (USA/UK/Canada) (https://www.facebook.com/share/g/17fWUHPZGW/)
2026-08-12 20:17:13,515 - INFO - Current page detected: https://www.facebook.com/groups/147032671260514/?rdid=L8fDb66XZB1p0zec&share_url=https%3A%2F%2Fwww.facebook.com%2Fshare%2Fg%2F17fWUHPZGW%2F#
2026-08-12 20:17:26,593 - INFO - Finished scrolling (6 rounds) to load additional posts.
2026-08-12 20:17:28,223 - INFO - Skipping post (not a clear remote/freelance video-editing lead): https://www.facebook.com/groups/147032671260514/posts/918732257423881
2026-08-12 20:17:29,024 - INFO - Ran out of loaded posts before reaching MAX_POSTS_PER_RUN; scrolling for more.
2026-08-12 20:17:41,258 - INFO - Finished scrolling (6 rounds) to load additional posts.
2026-08-12 20:17:41,345 - INFO - No further unprocessed posts available even after scrolling; stopping.
2026-08-12 20:17:41,348 - INFO - [24/31] Video Editing Jobs & video Editors (USA/UK/Canada) -- processed 3, qualifying 0, old 0, dup 0, invalid 0, ts-unparseable 0, not-qualifying 1
2026-08-12 20:17:41,349 - INFO - [25/31] Visiting group: Video Editing Jobs & video Editors (worldwide) (https://www.facebook.com/groups/6100423586635776/)
2026-08-12 20:17:48,810 - INFO - Current page detected: https://www.facebook.com/groups/6100423586635776/
2026-08-12 20:18:02,089 - INFO - Finished scrolling (6 rounds) to load additional posts.
2026-08-12 20:18:02,170 - INFO - Ran out of loaded posts before reaching MAX_POSTS_PER_RUN; scrolling for more.
2026-08-12 20:18:14,273 - INFO - Finished scrolling (6 rounds) to load additional posts.
2026-08-12 20:18:14,374 - INFO - No further unprocessed posts available even after scrolling; stopping.
2026-08-12 20:18:14,374 - INFO - [25/31] Video Editing Jobs & video Editors (worldwide) -- processed 2, qualifying 0, old 0, dup 0, invalid 0, ts-unparseable 0, not-qualifying 0
2026-08-12 20:18:14,379 - INFO - [26/31] Visiting group: Video Editing JOBS (https://www.facebook.com/groups/510764166305355/)
2026-08-12 20:18:20,291 - INFO - Current page detected: https://www.facebook.com/groups/510764166305355/
2026-08-12 20:18:33,223 - INFO - Finished scrolling (6 rounds) to load additional posts.
2026-08-12 20:18:33,549 - INFO - Ran out of loaded posts before reaching MAX_POSTS_PER_RUN; scrolling for more.
2026-08-12 20:18:46,431 - INFO - Finished scrolling (6 rounds) to load additional posts.
2026-08-12 20:18:48,357 - INFO - Ran out of loaded posts before reaching MAX_POSTS_PER_RUN; scrolling for more.
2026-08-12 20:19:00,441 - INFO - Finished scrolling (6 rounds) to load additional posts.
2026-08-12 20:19:00,493 - INFO - No further unprocessed posts available even after scrolling; stopping.
2026-08-12 20:19:00,493 - INFO - [26/31] Video Editing JOBS -- processed 3, qualifying 0, old 1, dup 0, invalid 0, ts-unparseable 0, not-qualifying 0
2026-08-12 20:19:00,496 - INFO - [27/31] Visiting group: Video Editing, Voice over, Whiteboard, 2D & 3D Jobs in Pakistan (https://www.facebook.com/groups/1102047611258448/)
2026-08-12 20:19:05,615 - INFO - Current page detected: https://www.facebook.com/groups/1102047611258448/
2026-08-12 20:19:19,846 - INFO - Finished scrolling (6 rounds) to load additional posts.
2026-08-12 20:19:20,255 - INFO - Skipping post (not a clear remote/freelance video-editing lead): https://www.facebook.com/groups/1102047611258448/posts/1618000376329833
2026-08-12 20:19:20,709 - INFO - Skipping post (not a clear remote/freelance video-editing lead): https://www.facebook.com/groups/1102047611258448/posts/1618000376329833
2026-08-12 20:19:20,925 - INFO - Ran out of loaded posts before reaching MAX_POSTS_PER_RUN; scrolling for more.
2026-08-12 20:19:33,016 - INFO - Finished scrolling (6 rounds) to load additional posts.
2026-08-12 20:19:33,220 - INFO - No further unprocessed posts available even after scrolling; stopping.
2026-08-12 20:19:33,220 - INFO - [27/31] Video Editing, Voice over, Whiteboard, 2D & 3D Jobs in Pakistan -- processed 4, qualifying 0, old 0, dup 0, invalid 0, ts-unparseable 0, not-qualifying 2
2026-08-12 20:19:33,222 - INFO - [28/31] Visiting group: Video Editing (https://www.facebook.com/groups/editingvideofilms/)
2026-08-12 20:19:38,916 - INFO - Current page detected: https://www.facebook.com/groups/editingvideofilms/
2026-08-12 20:19:51,359 - INFO - Finished scrolling (6 rounds) to load additional posts.
2026-08-12 20:19:54,344 - INFO - Skipping post (timestamp could not be reliably determined): https://www.facebook.com/groups/editingvideofilms/posts/6923419791072099
2026-08-12 20:19:55,724 - INFO - Ran out of loaded posts before reaching MAX_POSTS_PER_RUN; scrolling for more.
2026-08-12 20:20:07,977 - INFO - Finished scrolling (6 rounds) to load additional posts.
2026-08-12 20:20:08,071 - INFO - No further unprocessed posts available even after scrolling; stopping.
2026-08-12 20:20:08,071 - INFO - [28/31] Video Editing -- processed 5, qualifying 0, old 2, dup 0, invalid 0, ts-unparseable 1, not-qualifying 0
2026-08-12 20:20:08,073 - INFO - [29/31] Visiting group: YouTube Video editing (https://www.facebook.com/groups/302737219333992/)
2026-08-12 20:20:13,716 - INFO - Current page detected: https://www.facebook.com/groups/302737219333992/
2026-08-12 20:20:25,951 - INFO - Finished scrolling (6 rounds) to load additional posts.
2026-08-12 20:20:26,310 - INFO - Skipping post (not a clear remote/freelance video-editing lead): https://www.facebook.com/groups/302737219333992/posts/1036761769264863
2026-08-12 20:20:26,670 - INFO - Skipping post (not a clear remote/freelance video-editing lead): https://www.facebook.com/groups/302737219333992/posts/1036761769264863
2026-08-12 20:20:26,851 - INFO - Ran out of loaded posts before reaching MAX_POSTS_PER_RUN; scrolling for more.
2026-08-12 20:20:38,911 - INFO - Finished scrolling (6 rounds) to load additional posts.
2026-08-12 20:20:39,284 - INFO - No further unprocessed posts available even after scrolling; stopping.
2026-08-12 20:20:39,285 - INFO - [29/31] YouTube Video editing -- processed 4, qualifying 0, old 0, dup 0, invalid 0, ts-unparseable 0, not-qualifying 2
2026-08-12 20:20:39,287 - INFO - [30/31] Visiting group: Video Editors Make Money Online (https://www.facebook.com/groups/evokeverse/)
2026-08-12 20:20:43,463 - INFO - Current page detected: https://www.facebook.com/groups/evokeverse/
2026-08-12 20:20:56,249 - INFO - Finished scrolling (6 rounds) to load additional posts.
2026-08-12 20:20:56,811 - INFO - Ran out of loaded posts before reaching MAX_POSTS_PER_RUN; scrolling for more.
2026-08-12 20:21:09,290 - INFO - Finished scrolling (6 rounds) to load additional posts.
2026-08-12 20:21:09,333 - INFO - No further unprocessed posts available even after scrolling; stopping.
2026-08-12 20:21:09,333 - INFO - [30/31] Video Editors Make Money Online -- processed 2, qualifying 0, old 0, dup 0, invalid 0, ts-unparseable 0, not-qualifying 0
2026-08-12 20:21:09,336 - INFO - [31/31] Visiting group: Video Editing Jobs (India) (https://www.facebook.com/groups/1080596700055075/)
2026-08-12 20:21:14,542 - INFO - Current page detected: https://www.facebook.com/groups/1080596700055075/
2026-08-12 20:21:27,390 - INFO - Finished scrolling (6 rounds) to load additional posts.
2026-08-12 20:21:32,013 - INFO - Skipping post (not a clear remote/freelance video-editing lead): https://www.facebook.com/groups/1080596700055075/posts/1771732404274831
2026-08-12 20:21:32,919 - INFO - Skipping post (not a clear remote/freelance video-editing lead): https://www.facebook.com/groups/1080596700055075/posts/1771732404274831
2026-08-12 20:21:33,554 - INFO - Ran out of loaded posts before reaching MAX_POSTS_PER_RUN; scrolling for more.
2026-08-12 20:21:45,622 - INFO - Finished scrolling (6 rounds) to load additional posts.
2026-08-12 20:21:45,664 - INFO - No further unprocessed posts available even after scrolling; stopping.
2026-08-12 20:21:45,667 - INFO - [31/31] Video Editing Jobs (India) -- processed 10, qualifying 0, old 6, dup 0, invalid 0, ts-unparseable 0, not-qualifying 2
2026-08-12 20:21:47,802 - INFO - Daily multi-group scrape finished. New leads saved this run: 0. Daily total: 0/20. Groups skipped (inaccessible): 0. Groups errored: 0.
2026-08-12 20:36:37,409 - INFO - Reached the cap of 20 new lead(s) for this run; stopping immediately.
2026-08-12 20:36:37,409 - INFO - Skipping post (not a clear remote/freelance video-editing lead) [intent classified as 'seller', not 'buyer']: https://www.facebook.com/groups/999/posts/1100 | text: 'I am a video editor, available for hire, DM me.'
2026-08-12 20:36:37,409 - INFO - Skipping post (not a clear remote/freelance video-editing lead) [intent classified as 'seller', not 'buyer']: https://www.facebook.com/groups/999/posts/1101 | text: 'I am a video editor, available for hire, DM me.'
2026-08-12 20:36:37,409 - INFO - Skipping post (not a clear remote/freelance video-editing lead) [intent classified as 'seller', not 'buyer']: https://www.facebook.com/groups/999/posts/1102 | text: 'I am a video editor, available for hire, DM me.'
2026-08-12 20:37:21,855 - INFO - Reached the cap of 20 new lead(s) for this run; stopping immediately.
2026-08-12 20:37:21,855 - INFO - Skipping post (not a clear remote/freelance video-editing lead) [intent classified as 'seller', not 'buyer']: https://www.facebook.com/groups/999/posts/1100 | text: 'I am a video editor, available for hire, DM me.'
2026-08-12 20:37:21,855 - INFO - Skipping post (not a clear remote/freelance video-editing lead) [intent classified as 'seller', not 'buyer']: https://www.facebook.com/groups/999/posts/1101 | text: 'I am a video editor, available for hire, DM me.'
2026-08-12 20:37:21,857 - INFO - Skipping post (not a clear remote/freelance video-editing lead) [intent classified as 'seller', not 'buyer']: https://www.facebook.com/groups/999/posts/1102 | text: 'I am a video editor, available for hire, DM me.'
2026-08-12 20:37:21,857 - INFO - Hit 8 consecutive posts older than the 2-day window; treating this group's recent history as fully covered and stopping.
2026-08-12 20:37:21,859 - INFO - Ran out of loaded posts; scrolling for more (attempt 1/4).
2026-08-12 20:37:21,859 - INFO - Ran out of loaded posts; scrolling for more (attempt 2/4).
2026-08-12 20:37:21,859 - INFO - Ran out of loaded posts; scrolling for more (attempt 1/4).
2026-08-12 20:37:21,859 - INFO - Ran out of loaded posts; scrolling for more (attempt 2/4).
2026-08-12 20:37:21,859 - INFO - Ran out of loaded posts; scrolling for more (attempt 3/4).
2026-08-12 20:37:21,859 - INFO - Ran out of loaded posts; scrolling for more (attempt 4/4).
2026-08-12 20:37:21,859 - INFO - No further unprocessed posts available after 4 scroll attempts; treating this group as fully scanned.
2026-08-12 20:38:21,908 - INFO - Daily multi-group scrape started.
2026-08-12 20:38:21,908 - INFO - Daily lead quota: 0/20 used today.
2026-08-12 20:38:23,755 - INFO - [1/31] Visiting group: I Need a Editor (https://www.facebook.com/share/g/1YpD7y4noQ/)
2026-08-12 20:38:34,920 - INFO - Current page detected: https://www.facebook.com/groups/ineedavideoeditor/?rdid=LHmP9DWa2S8hz2Sx&share_url=https%3A%2F%2Fwww.facebook.com%2Fshare%2Fg%2F1YpD7y4noQ%2F#
2026-08-12 20:38:47,031 - INFO - Finished scrolling (6 rounds) to load additional posts.
2026-08-12 20:38:48,972 - INFO - Ran out of loaded posts; scrolling for more (attempt 1/4).
2026-08-12 20:39:01,027 - INFO - Finished scrolling (6 rounds) to load additional posts.
2026-08-12 20:39:01,368 - INFO - Ran out of loaded posts; scrolling for more (attempt 2/4).
2026-08-12 20:39:13,425 - INFO - Finished scrolling (6 rounds) to load additional posts.
2026-08-12 20:39:13,984 - INFO - Ran out of loaded posts; scrolling for more (attempt 3/4).
2026-08-12 20:39:26,041 - INFO - Finished scrolling (6 rounds) to load additional posts.
2026-08-12 20:39:26,743 - INFO - Ran out of loaded posts; scrolling for more (attempt 4/4).
2026-08-12 20:39:38,798 - INFO - Finished scrolling (6 rounds) to load additional posts.
2026-08-12 20:39:39,346 - INFO - No further unprocessed posts available after 4 scroll attempts; treating this group as fully scanned.
2026-08-12 20:39:39,346 - INFO - [1/31] I Need a Editor -- processed 8, qualifying 0, old 0, dup 2, invalid 0, ts-unparseable 0, not-qualifying 0
2026-08-12 20:39:39,350 - INFO - [2/31] Visiting group: VIDEO EDITORS for TIKTOK YOUTUBE & INSTAGRAM (https://www.facebook.com/share/g/1SZ9Bs6Dn1/)
2026-08-12 20:39:46,824 - INFO - Current page detected: https://www.facebook.com/groups/1535727757545719/?rdid=O5FmFIvrZDgE01BL&share_url=https%3A%2F%2Fwww.facebook.com%2Fshare%2Fg%2F1SZ9Bs6Dn1%2F#
2026-08-12 20:39:59,085 - INFO - Finished scrolling (6 rounds) to load additional posts.
2026-08-12 20:39:59,173 - INFO - Ran out of loaded posts; scrolling for more (attempt 1/4).
2026-08-12 20:40:11,237 - INFO - Finished scrolling (6 rounds) to load additional posts.
2026-08-12 20:40:11,376 - INFO - Ran out of loaded posts; scrolling for more (attempt 2/4).
2026-08-12 20:40:23,431 - INFO - Finished scrolling (6 rounds) to load additional posts.
2026-08-12 20:40:23,523 - INFO - Ran out of loaded posts; scrolling for more (attempt 3/4).
2026-08-12 20:40:35,589 - INFO - Finished scrolling (6 rounds) to load additional posts.
2026-08-12 20:40:35,686 - INFO - Ran out of loaded posts; scrolling for more (attempt 4/4).
2026-08-12 20:40:47,740 - INFO - Finished scrolling (6 rounds) to load additional posts.
2026-08-12 20:40:47,824 - INFO - No further unprocessed posts available after 4 scroll attempts; treating this group as fully scanned.
2026-08-12 20:40:47,824 - INFO - [2/31] VIDEO EDITORS for TIKTOK YOUTUBE & INSTAGRAM -- processed 5, qualifying 0, old 0, dup 0, invalid 0, ts-unparseable 0, not-qualifying 0
2026-08-12 20:40:47,824 - INFO - [3/31] Visiting group: Looking For Video Editor UK (https://www.facebook.com/share/g/1EN1BBuUB8/)
2026-08-12 20:40:53,689 - INFO - Current page detected: https://www.facebook.com/groups/470532055541674/?rdid=CuSTpj6C9R6RAxjD&share_url=https%3A%2F%2Fwww.facebook.com%2Fshare%2Fg%2F1EN1BBuUB8%2F#
2026-08-12 20:41:06,554 - INFO - Finished scrolling (6 rounds) to load additional posts.
2026-08-12 20:41:06,676 - INFO - Ran out of loaded posts; scrolling for more (attempt 1/4).
2026-08-12 20:41:18,812 - INFO - Finished scrolling (6 rounds) to load additional posts.
2026-08-12 20:41:18,869 - INFO - Ran out of loaded posts; scrolling for more (attempt 2/4).
2026-08-12 20:41:30,926 - INFO - Finished scrolling (6 rounds) to load additional posts.
2026-08-12 20:41:30,982 - INFO - Ran out of loaded posts; scrolling for more (attempt 3/4).
2026-08-12 20:41:43,054 - INFO - Finished scrolling (6 rounds) to load additional posts.
2026-08-12 20:41:43,113 - INFO - Ran out of loaded posts; scrolling for more (attempt 4/4).
2026-08-12 20:41:55,205 - INFO - Finished scrolling (6 rounds) to load additional posts.
2026-08-12 20:41:55,282 - INFO - No further unprocessed posts available after 4 scroll attempts; treating this group as fully scanned.
2026-08-12 20:41:55,282 - INFO - [3/31] Looking For Video Editor UK -- processed 5, qualifying 0, old 0, dup 0, invalid 0, ts-unparseable 0, not-qualifying 0
2026-08-12 20:41:55,285 - INFO - [4/31] Visiting group: Professional Video Editors (https://www.facebook.com/share/g/17sYQhzdR4/)
2026-08-12 20:42:02,884 - INFO - Current page detected: https://www.facebook.com/groups/310584494121197/?rdid=kHNEgnNsgETDHaQB&share_url=https%3A%2F%2Fwww.facebook.com%2Fshare%2Fg%2F17sYQhzdR4%2F#
2026-08-12 20:42:15,067 - INFO - Finished scrolling (6 rounds) to load additional posts.
2026-08-12 20:42:15,148 - INFO - Ran out of loaded posts; scrolling for more (attempt 1/4).
2026-08-12 20:42:27,230 - INFO - Finished scrolling (6 rounds) to load additional posts.
2026-08-12 20:42:27,348 - INFO - Ran out of loaded posts; scrolling for more (attempt 2/4).
2026-08-12 20:42:39,413 - INFO - Finished scrolling (6 rounds) to load additional posts.
2026-08-12 20:42:39,501 - INFO - Ran out of loaded posts; scrolling for more (attempt 3/4).
2026-08-12 20:42:51,550 - INFO - Finished scrolling (6 rounds) to load additional posts.
2026-08-12 20:42:51,628 - INFO - Ran out of loaded posts; scrolling for more (attempt 4/4).
2026-08-12 20:43:03,696 - INFO - Finished scrolling (6 rounds) to load additional posts.
2026-08-12 20:43:03,780 - INFO - No further unprocessed posts available after 4 scroll attempts; treating this group as fully scanned.
2026-08-12 20:43:03,780 - INFO - [4/31] Professional Video Editors -- processed 4, qualifying 0, old 0, dup 0, invalid 0, ts-unparseable 0, not-qualifying 0
2026-08-12 20:43:03,787 - INFO - [5/31] Visiting group: Freelance Video Editor Philippines Official (https://www.facebook.com/share/g/1BiuKWizbZ/)
2026-08-12 20:43:15,472 - INFO - Current page detected: https://www.facebook.com/groups/563297302882280/?rdid=Ek9d1mdOLOuGlmig&share_url=https%3A%2F%2Fwww.facebook.com%2Fshare%2Fg%2F1BiuKWizbZ%2F#
2026-08-12 20:43:28,010 - INFO - Finished scrolling (6 rounds) to load additional posts.
2026-08-12 20:43:28,719 - INFO - Ran out of loaded posts; scrolling for more (attempt 1/4).
2026-08-12 20:43:40,800 - INFO - Finished scrolling (6 rounds) to load additional posts.
2026-08-12 20:43:40,971 - INFO - Ran out of loaded posts; scrolling for more (attempt 2/4).
2026-08-12 20:43:53,052 - INFO - Finished scrolling (6 rounds) to load additional posts.
2026-08-12 20:43:54,103 - INFO - Ran out of loaded posts; scrolling for more (attempt 3/4).
2026-08-12 20:44:06,186 - INFO - Finished scrolling (6 rounds) to load additional posts.
2026-08-12 20:44:06,395 - INFO - Ran out of loaded posts; scrolling for more (attempt 4/4).
2026-08-12 20:44:18,607 - INFO - Finished scrolling (6 rounds) to load additional posts.
2026-08-12 20:44:18,776 - INFO - No further unprocessed posts available after 4 scroll attempts; treating this group as fully scanned.
2026-08-12 20:44:18,776 - INFO - [5/31] Freelance Video Editor Philippines Official -- processed 6, qualifying 0, old 1, dup 0, invalid 0, ts-unparseable 0, not-qualifying 0
2026-08-12 20:44:18,778 - INFO - [6/31] Visiting group: Hire A VIDEO EDITOR WORLDWIDE Here (https://www.facebook.com/share/g/14fbrHUzmsZ/)
2026-08-12 20:44:24,459 - INFO - Current page detected: https://www.facebook.com/groups/185647597308414/?rdid=XWwaJtgDQIA2R76F&share_url=https%3A%2F%2Fwww.facebook.com%2Fshare%2Fg%2F14fbrHUzmsZ%2F#
2026-08-12 20:44:36,980 - INFO - Finished scrolling (6 rounds) to load additional posts.
2026-08-12 20:44:37,117 - INFO - Ran out of loaded posts; scrolling for more (attempt 1/4).
2026-08-12 20:44:50,074 - INFO - Finished scrolling (6 rounds) to load additional posts.
2026-08-12 20:44:50,165 - INFO - Ran out of loaded posts; scrolling for more (attempt 2/4).
2026-08-12 20:45:02,277 - INFO - Finished scrolling (6 rounds) to load additional posts.
2026-08-12 20:45:02,352 - INFO - Ran out of loaded posts; scrolling for more (attempt 3/4).
2026-08-12 20:45:14,404 - INFO - Finished scrolling (6 rounds) to load additional posts.
2026-08-12 20:45:14,526 - INFO - Ran out of loaded posts; scrolling for more (attempt 4/4).
2026-08-12 20:45:26,581 - INFO - Finished scrolling (6 rounds) to load additional posts.
2026-08-12 20:45:26,673 - INFO - No further unprocessed posts available after 4 scroll attempts; treating this group as fully scanned.
2026-08-12 20:45:26,689 - INFO - [6/31] Hire A VIDEO EDITOR WORLDWIDE Here -- processed 4, qualifying 0, old 0, dup 0, invalid 0, ts-unparseable 0, not-qualifying 0
2026-08-12 20:45:26,691 - INFO - [7/31] Visiting group: Video Editors of the Philippines (https://www.facebook.com/share/g/1AhHHfAAdS/)
2026-08-12 20:45:32,867 - INFO - Current page detected: https://www.facebook.com/groups/914755432934212/?rdid=XrdILzB26pX2lUl6&share_url=https%3A%2F%2Fwww.facebook.com%2Fshare%2Fg%2F1AhHHfAAdS%2F#
2026-08-12 20:45:44,954 - INFO - Finished scrolling (6 rounds) to load additional posts.
2026-08-12 20:45:45,481 - INFO - Skipping post (not a clear remote/freelance video-editing lead) [intent classified as 'unknown', not 'buyer'; no video-editing context keyword found]: https://www.facebook.com/groups/914755432934212/posts/1677789223297492 | text: 'I am interested work with you'
2026-08-12 20:45:45,830 - INFO - Ran out of loaded posts; scrolling for more (attempt 1/4).
2026-08-12 20:45:57,909 - INFO - Finished scrolling (6 rounds) to load additional posts.
2026-08-12 20:45:58,203 - INFO - Ran out of loaded posts; scrolling for more (attempt 2/4).
2026-08-12 20:46:10,289 - INFO - Finished scrolling (6 rounds) to load additional posts.
2026-08-12 20:46:10,565 - INFO - Ran out of loaded posts; scrolling for more (attempt 3/4).
2026-08-12 20:46:22,624 - INFO - Finished scrolling (6 rounds) to load additional posts.
2026-08-12 20:46:22,935 - INFO - Ran out of loaded posts; scrolling for more (attempt 4/4).
2026-08-12 20:46:34,985 - INFO - Finished scrolling (6 rounds) to load additional posts.
2026-08-12 20:46:35,323 - INFO - No further unprocessed posts available after 4 scroll attempts; treating this group as fully scanned.
2026-08-12 20:46:35,325 - INFO - [7/31] Video Editors of the Philippines -- processed 7, qualifying 0, old 0, dup 0, invalid 0, ts-unparseable 0, not-qualifying 1
2026-08-12 20:46:35,327 - INFO - [8/31] Visiting group: PHILIPPINES - FOR PROFESSIONAL VIDEO EDITORS ONLY (https://www.facebook.com/share/g/1Gq6caq1u8/)
2026-08-12 20:46:41,954 - INFO - Current page detected: https://www.facebook.com/groups/philippinesforprofessionalvideoeditorsonly/?rdid=iiYW9yHbPj4BZn6V&share_url=https%3A%2F%2Fwww.facebook.com%2Fshare%2Fg%2F1Gq6caq1u8%2F#
2026-08-12 20:46:54,038 - INFO - Finished scrolling (6 rounds) to load additional posts.
2026-08-12 20:46:54,885 - INFO - Ran out of loaded posts; scrolling for more (attempt 1/4).
2026-08-12 20:47:06,939 - INFO - Finished scrolling (6 rounds) to load additional posts.
2026-08-12 20:47:07,329 - INFO - Ran out of loaded posts; scrolling for more (attempt 2/4).
2026-08-12 20:47:19,378 - INFO - Finished scrolling (6 rounds) to load additional posts.
2026-08-12 20:47:19,851 - INFO - Ran out of loaded posts; scrolling for more (attempt 3/4).
2026-08-12 20:47:31,924 - INFO - Finished scrolling (6 rounds) to load additional posts.
2026-08-12 20:47:32,205 - INFO - Ran out of loaded posts; scrolling for more (attempt 4/4).
2026-08-12 20:47:44,411 - INFO - Finished scrolling (6 rounds) to load additional posts.
2026-08-12 20:47:44,979 - INFO - No further unprocessed posts available after 4 scroll attempts; treating this group as fully scanned.
2026-08-12 20:47:44,979 - INFO - [8/31] PHILIPPINES - FOR PROFESSIONAL VIDEO EDITORS ONLY -- processed 7, qualifying 0, old 1, dup 0, invalid 0, ts-unparseable 0, not-qualifying 0
2026-08-12 20:47:44,982 - INFO - [9/31] Visiting group: Pakistani Video Editors (https://www.facebook.com/share/g/17wWHArQg5/)
2026-08-12 20:47:51,352 - INFO - Current page detected: https://www.facebook.com/groups/497041285819747/?rdid=u9lr1f2GZpVnYFnf&share_url=https%3A%2F%2Fwww.facebook.com%2Fshare%2Fg%2F17wWHArQg5%2F#
2026-08-12 20:48:04,147 - INFO - Finished scrolling (6 rounds) to load additional posts.
2026-08-12 20:48:04,787 - INFO - Skipping post (not a clear remote/freelance video-editing lead) [intent classified as 'unknown', not 'buyer']: https://www.facebook.com/groups/497041285819747/posts/1446260497564483 | text: 'Abbas editor'
2026-08-12 20:48:05,640 - INFO - Skipping post (not a clear remote/freelance video-editing lead) [intent classified as 'unknown', not 'buyer'; no video-editing context keyword found]: https://www.facebook.com/groups/497041285819747/posts/1446260497564483 | text: 'Anonymous participant 128'
2026-08-12 20:48:06,179 - INFO - Ran out of loaded posts; scrolling for more (attempt 1/4).
2026-08-12 20:48:18,309 - INFO - Finished scrolling (6 rounds) to load additional posts.
2026-08-12 20:48:48,400 - INFO - Current page detected: https://www.facebook.com/groups/310584494121197/?rdid=tZtfyCJaQKGIsKhH&share_url=https%3A%2F%2Fwww.facebook.com%2Fshare%2Fg%2F17sYQhzdR4%2F#
2026-08-12 20:49:00,458 - INFO - Finished scrolling (6 rounds) to load additional posts.
2026-08-12 20:49:12,520 - INFO - Finished scrolling (6 rounds) to load additional posts.
2026-08-12 20:49:24,596 - INFO - Finished scrolling (6 rounds) to load additional posts.
2026-08-12 20:49:36,646 - INFO - Finished scrolling (6 rounds) to load additional posts.
2026-08-12 20:49:48,729 - INFO - Finished scrolling (6 rounds) to load additional posts.
2026-08-12 20:50:49,370 - INFO - Current page detected: https://www.facebook.com/groups/310584494121197/?rdid=TwQh5LMak5s6FFRF&share_url=https%3A%2F%2Fwww.facebook.com%2Fshare%2Fg%2F17sYQhzdR4%2F#
2026-08-12 20:51:05,378 - INFO - Finished scrolling (6 rounds) to load additional posts.
2026-08-12 20:53:06,157 - INFO - Reached the cap of 20 new lead(s) for this run; stopping immediately.
2026-08-12 20:53:06,161 - INFO - Skipping post (not a clear remote/freelance video-editing lead) [intent classified as 'seller', not 'buyer']: https://www.facebook.com/groups/999/posts/1100 | text: 'I am a video editor, available for hire, DM me.'
2026-08-12 20:53:06,163 - INFO - Skipping post (not a clear remote/freelance video-editing lead) [intent classified as 'seller', not 'buyer']: https://www.facebook.com/groups/999/posts/1101 | text: 'I am a video editor, available for hire, DM me.'
2026-08-12 20:53:06,164 - INFO - Skipping post (not a clear remote/freelance video-editing lead) [intent classified as 'seller', not 'buyer']: https://www.facebook.com/groups/999/posts/1102 | text: 'I am a video editor, available for hire, DM me.'
2026-08-12 20:53:06,169 - INFO - Hit 8 consecutive posts older than the 2-day window; treating this group's recent history as fully covered and stopping.
2026-08-12 20:53:06,171 - INFO - Ran out of loaded posts; scrolling for more (attempt 1/4).
2026-08-12 20:53:06,172 - INFO - Ran out of loaded posts; scrolling for more (attempt 2/4).
2026-08-12 20:53:06,174 - INFO - Ran out of loaded posts; scrolling for more (attempt 1/4).
2026-08-12 20:53:06,175 - INFO - Ran out of loaded posts; scrolling for more (attempt 2/4).
2026-08-12 20:53:06,175 - INFO - Ran out of loaded posts; scrolling for more (attempt 3/4).
2026-08-12 20:53:06,176 - INFO - Ran out of loaded posts; scrolling for more (attempt 4/4).
2026-08-12 20:53:06,177 - INFO - No further unprocessed posts available after 4 scroll attempts; treating this group as fully scanned.
2026-08-12 20:53:38,061 - INFO - Current page detected: https://www.facebook.com/groups/310584494121197/?rdid=gtLFmwN8CtWZ4UMH&share_url=https%3A%2F%2Fwww.facebook.com%2Fshare%2Fg%2F17sYQhzdR4%2F#
2026-08-12 20:53:44,897 - WARNING - Post containers found but none rendered visible text after 3.0s of waiting -- Facebook may be loading slowly; proceeding with what's available.
2026-08-12 20:54:43,293 - INFO - Current page detected: https://www.facebook.com/groups/310584494121197/?rdid=oCExDEHex1j3WTuN&share_url=https%3A%2F%2Fwww.facebook.com%2Fshare%2Fg%2F17sYQhzdR4%2F#
2026-08-12 20:54:52,144 - WARNING - Post containers found but none rendered visible text after 3.0s of waiting -- Facebook may be loading slowly; proceeding with what's available.
2026-08-12 20:55:55,407 - INFO - Reached the cap of 20 new lead(s) for this run; stopping immediately.
2026-08-12 20:55:55,407 - INFO - Skipping post (not a clear remote/freelance video-editing lead) [intent classified as 'seller', not 'buyer']: https://www.facebook.com/groups/999/posts/1100 | text: 'I am a video editor, available for hire, DM me.'
2026-08-12 20:55:55,407 - INFO - Skipping post (not a clear remote/freelance video-editing lead) [intent classified as 'seller', not 'buyer']: https://www.facebook.com/groups/999/posts/1101 | text: 'I am a video editor, available for hire, DM me.'
2026-08-12 20:55:55,407 - INFO - Skipping post (not a clear remote/freelance video-editing lead) [intent classified as 'seller', not 'buyer']: https://www.facebook.com/groups/999/posts/1102 | text: 'I am a video editor, available for hire, DM me.'
2026-08-12 20:55:55,420 - INFO - Hit 8 consecutive posts older than the 2-day window; treating this group's recent history as fully covered and stopping.
2026-08-12 20:55:55,422 - INFO - Ran out of loaded posts; scrolling for more (attempt 1/4).
2026-08-12 20:55:55,422 - INFO - Ran out of loaded posts; scrolling for more (attempt 2/4).
2026-08-12 20:55:55,422 - INFO - Ran out of loaded posts; scrolling for more (attempt 1/4).
2026-08-12 20:55:55,422 - INFO - Ran out of loaded posts; scrolling for more (attempt 2/4).
2026-08-12 20:55:55,422 - INFO - Ran out of loaded posts; scrolling for more (attempt 3/4).
2026-08-12 20:55:55,422 - INFO - Ran out of loaded posts; scrolling for more (attempt 4/4).
2026-08-12 20:55:55,422 - INFO - No further unprocessed posts available after 4 scroll attempts; treating this group as fully scanned.
2026-08-12 20:56:13,389 - INFO - Current page detected: https://www.facebook.com/groups/310584494121197/?rdid=KXkJw1dBdQInf7hC&share_url=https%3A%2F%2Fwww.facebook.com%2Fshare%2Fg%2F17sYQhzdR4%2F#
2026-08-12 20:56:33,394 - WARNING - No post content rendered after 15.0s of waiting (only loading skeletons or empty containers were present) -- Facebook may be loading slowly or this feed may be empty.
2026-08-12 20:59:13,373 - INFO - Finished scrolling (6 rounds) to load additional posts.
2026-08-12 21:05:46,483 - INFO - Current page detected: https://www.facebook.com/groups/310584494121197/?rdid=ac9pENbv2RaUuo3l&share_url=https%3A%2F%2Fwww.facebook.com%2Fshare%2Fg%2F17sYQhzdR4%2F#
2026-08-12 21:07:12,177 - INFO - Reached the cap of 20 new lead(s) for this run; stopping immediately.
2026-08-12 21:07:12,177 - INFO - Skipping post (not a clear remote/freelance video-editing lead) [intent classified as 'seller', not 'buyer']: https://www.facebook.com/groups/999/posts/1100 | text: 'I am a video editor, available for hire, DM me.'
2026-08-12 21:07:12,177 - INFO - Skipping post (not a clear remote/freelance video-editing lead) [intent classified as 'seller', not 'buyer']: https://www.facebook.com/groups/999/posts/1101 | text: 'I am a video editor, available for hire, DM me.'
2026-08-12 21:07:12,177 - INFO - Skipping post (not a clear remote/freelance video-editing lead) [intent classified as 'seller', not 'buyer']: https://www.facebook.com/groups/999/posts/1102 | text: 'I am a video editor, available for hire, DM me.'
2026-08-12 21:07:12,187 - INFO - Hit 8 consecutive posts older than the 2-day window; treating this group's recent history as fully covered and stopping.
2026-08-12 21:07:12,187 - INFO - Ran out of loaded posts; scrolling for more (attempt 1/4).
2026-08-12 21:07:12,187 - INFO - Ran out of loaded posts; scrolling for more (attempt 2/4).
2026-08-12 21:07:12,187 - INFO - Ran out of loaded posts; scrolling for more (attempt 1/4).
2026-08-12 21:07:12,187 - INFO - Ran out of loaded posts; scrolling for more (attempt 2/4).
2026-08-12 21:07:12,187 - INFO - Ran out of loaded posts; scrolling for more (attempt 3/4).
2026-08-12 21:07:12,187 - INFO - Ran out of loaded posts; scrolling for more (attempt 4/4).
2026-08-12 21:07:12,187 - INFO - No further unprocessed posts available after 4 scroll attempts; treating this group as fully scanned.
2026-08-12 21:07:12,187 - INFO - Ran out of loaded posts; scrolling for more (attempt 1/4).
2026-08-12 21:07:24,197 - INFO - Finished scrolling (6 rounds) to load additional posts.
2026-08-12 21:07:24,199 - INFO - Ran out of loaded posts; scrolling for more (attempt 2/4).
2026-08-12 21:07:36,202 - INFO - Finished scrolling (6 rounds) to load additional posts.
2026-08-12 21:07:36,202 - INFO - Ran out of loaded posts; scrolling for more (attempt 3/4).
2026-08-12 21:07:48,207 - INFO - Finished scrolling (6 rounds) to load additional posts.
2026-08-12 21:07:48,207 - INFO - Ran out of loaded posts; scrolling for more (attempt 4/4).
2026-08-12 21:08:00,211 - INFO - Finished scrolling (6 rounds) to load additional posts.
2026-08-12 21:08:00,211 - INFO - No further unprocessed posts available after 4 scroll attempts; treating this group as fully scanned.
2026-08-12 21:08:47,367 - INFO - Current page detected: https://www.facebook.com/groups/310584494121197/?rdid=ZEZTq5xJrgSed45Z&share_url=https%3A%2F%2Fwww.facebook.com%2Fshare%2Fg%2F17sYQhzdR4%2F#
2026-08-12 21:08:55,166 - INFO - Ran out of loaded posts; scrolling for more (attempt 1/4).
2026-08-12 21:09:07,265 - INFO - Finished scrolling (6 rounds) to load additional posts.
2026-08-12 21:09:08,631 - INFO - Ran out of loaded posts; scrolling for more (attempt 2/4).
2026-08-12 21:09:20,753 - INFO - Finished scrolling (6 rounds) to load additional posts.
2026-08-12 21:09:21,829 - INFO - Ran out of loaded posts; scrolling for more (attempt 3/4).
2026-08-12 21:09:33,908 - INFO - Finished scrolling (6 rounds) to load additional posts.
2026-08-12 21:09:34,984 - INFO - Ran out of loaded posts; scrolling for more (attempt 4/4).
2026-08-12 21:09:47,069 - INFO - Finished scrolling (6 rounds) to load additional posts.
2026-08-12 21:09:48,181 - INFO - No further unprocessed posts available after 4 scroll attempts; treating this group as fully scanned.
2026-08-12 21:11:53,435 - INFO - Current page detected: https://www.facebook.com/groups/310584494121197/?rdid=XFs0yItIgPGGEyE2&share_url=https%3A%2F%2Fwww.facebook.com%2Fshare%2Fg%2F17sYQhzdR4%2F#
2026-08-12 21:12:01,627 - INFO - Ran out of loaded posts; scrolling for more (attempt 1/4).
2026-08-12 21:12:13,771 - INFO - Finished scrolling (6 rounds) to load additional posts.
2026-08-12 21:12:14,927 - INFO - Ran out of loaded posts; scrolling for more (attempt 2/4).
2026-08-12 21:12:27,012 - INFO - Finished scrolling (6 rounds) to load additional posts.
2026-08-12 21:12:28,092 - INFO - Ran out of loaded posts; scrolling for more (attempt 3/4).
2026-08-12 21:12:40,168 - INFO - Finished scrolling (6 rounds) to load additional posts.
2026-08-12 21:12:41,138 - INFO - Ran out of loaded posts; scrolling for more (attempt 4/4).
2026-08-12 21:12:53,214 - INFO - Finished scrolling (6 rounds) to load additional posts.
2026-08-12 21:12:54,281 - INFO - No further unprocessed posts available after 4 scroll attempts; treating this group as fully scanned.
2026-08-12 21:15:07,689 - WARNING - No post containers found via [data-ad-rendering-role="story_message"]. Either the feed hasn't rendered yet, or Facebook's DOM structure changed and selectors need updating.
2026-08-12 21:15:11,042 - WARNING - No post containers found via [data-ad-rendering-role="story_message"]. Either the feed hasn't rendered yet, or Facebook's DOM structure changed and selectors need updating.
2026-08-12 21:15:14,104 - WARNING - No post containers found via [data-ad-rendering-role="story_message"]. Either the feed hasn't rendered yet, or Facebook's DOM structure changed and selectors need updating.
2026-08-12 21:15:17,156 - WARNING - No post containers found via [data-ad-rendering-role="story_message"]. Either the feed hasn't rendered yet, or Facebook's DOM structure changed and selectors need updating.
2026-08-12 21:15:20,216 - WARNING - No post containers found via [data-ad-rendering-role="story_message"]. Either the feed hasn't rendered yet, or Facebook's DOM structure changed and selectors need updating.
2026-08-12 21:15:23,275 - WARNING - No post containers found via [data-ad-rendering-role="story_message"]. Either the feed hasn't rendered yet, or Facebook's DOM structure changed and selectors need updating.
2026-08-12 21:15:26,347 - WARNING - No post containers found via [data-ad-rendering-role="story_message"]. Either the feed hasn't rendered yet, or Facebook's DOM structure changed and selectors need updating.
2026-08-12 21:15:29,407 - WARNING - No post containers found via [data-ad-rendering-role="story_message"]. Either the feed hasn't rendered yet, or Facebook's DOM structure changed and selectors need updating.
2026-08-12 21:15:32,468 - WARNING - No post containers found via [data-ad-rendering-role="story_message"]. Either the feed hasn't rendered yet, or Facebook's DOM structure changed and selectors need updating.
2026-08-12 21:15:35,528 - WARNING - No post containers found via [data-ad-rendering-role="story_message"]. Either the feed hasn't rendered yet, or Facebook's DOM structure changed and selectors need updating.
2026-08-12 21:15:38,584 - WARNING - No post containers found via [data-ad-rendering-role="story_message"]. Either the feed hasn't rendered yet, or Facebook's DOM structure changed and selectors need updating.
2026-08-12 21:15:41,645 - WARNING - No post containers found via [data-ad-rendering-role="story_message"]. Either the feed hasn't rendered yet, or Facebook's DOM structure changed and selectors need updating.
2026-08-12 21:16:14,333 - INFO - Reached the cap of 20 new lead(s) for this run; stopping immediately.
2026-08-12 21:16:14,333 - INFO - Skipping post (not a clear remote/freelance video-editing lead) [intent classified as 'seller', not 'buyer']: https://www.facebook.com/groups/999/posts/1100 | text: 'I am a video editor, available for hire, DM me.'
2026-08-12 21:16:14,333 - INFO - Skipping post (not a clear remote/freelance video-editing lead) [intent classified as 'seller', not 'buyer']: https://www.facebook.com/groups/999/posts/1101 | text: 'I am a video editor, available for hire, DM me.'
2026-08-12 21:16:14,333 - INFO - Skipping post (not a clear remote/freelance video-editing lead) [intent classified as 'seller', not 'buyer']: https://www.facebook.com/groups/999/posts/1102 | text: 'I am a video editor, available for hire, DM me.'
2026-08-12 21:16:14,344 - INFO - Hit 8 consecutive posts older than the 2-day window; treating this group's recent history as fully covered and stopping.
2026-08-12 21:16:14,344 - INFO - Ran out of loaded posts; scrolling for more (attempt 1/4).
2026-08-12 21:16:14,344 - INFO - Ran out of loaded posts; scrolling for more (attempt 2/4).
2026-08-12 21:16:14,349 - INFO - Ran out of loaded posts; scrolling for more (attempt 1/4).
2026-08-12 21:16:14,349 - INFO - Ran out of loaded posts; scrolling for more (attempt 2/4).
2026-08-12 21:16:14,349 - INFO - Ran out of loaded posts; scrolling for more (attempt 3/4).
2026-08-12 21:16:14,349 - INFO - Ran out of loaded posts; scrolling for more (attempt 4/4).
2026-08-12 21:16:14,349 - INFO - No further unprocessed posts available after 4 scroll attempts; treating this group as fully scanned.
2026-08-12 21:16:14,349 - INFO - Ran out of loaded posts; scrolling for more (attempt 1/4).
2026-08-12 21:16:26,356 - INFO - Finished scrolling (6 rounds) to load additional posts.
2026-08-12 21:16:26,356 - INFO - Ran out of loaded posts; scrolling for more (attempt 2/4).
2026-08-12 21:16:38,363 - INFO - Finished scrolling (6 rounds) to load additional posts.
2026-08-12 21:16:38,363 - INFO - Ran out of loaded posts; scrolling for more (attempt 3/4).
2026-08-12 21:16:50,367 - INFO - Finished scrolling (6 rounds) to load additional posts.
2026-08-12 21:16:50,367 - INFO - Ran out of loaded posts; scrolling for more (attempt 4/4).
2026-08-12 21:17:02,371 - INFO - Finished scrolling (6 rounds) to load additional posts.
2026-08-12 21:17:02,371 - INFO - No further unprocessed posts available after 4 scroll attempts; treating this group as fully scanned.
2026-08-12 21:17:23,534 - INFO - Current page detected: https://www.facebook.com/groups/310584494121197/?sorting_setting=CHRONOLOGICAL
2026-08-12 21:17:41,594 - WARNING - No post content rendered after 15.0s of waiting (only loading skeletons or empty containers were present) -- Facebook may be loading slowly or this feed may be empty.
2026-08-12 21:17:41,594 - INFO - Ran out of loaded posts; scrolling for more (attempt 1/4).
2026-08-12 21:17:53,676 - INFO - Finished scrolling (6 rounds) to load additional posts.
2026-08-12 21:18:09,841 - WARNING - No post content rendered after 15.0s of waiting (only loading skeletons or empty containers were present) -- Facebook may be loading slowly or this feed may be empty.
2026-08-12 21:18:09,841 - INFO - Ran out of loaded posts; scrolling for more (attempt 2/4).
2026-08-12 21:18:21,921 - INFO - Finished scrolling (6 rounds) to load additional posts.
2026-08-12 21:18:38,170 - WARNING - No post content rendered after 15.0s of waiting (only loading skeletons or empty containers were present) -- Facebook may be loading slowly or this feed may be empty.
2026-08-12 21:18:38,170 - INFO - Ran out of loaded posts; scrolling for more (attempt 3/4).
2026-08-12 21:18:50,279 - INFO - Finished scrolling (6 rounds) to load additional posts.
2026-08-12 21:19:06,451 - WARNING - No post content rendered after 15.0s of waiting (only loading skeletons or empty containers were present) -- Facebook may be loading slowly or this feed may be empty.
2026-08-12 21:19:06,451 - INFO - Ran out of loaded posts; scrolling for more (attempt 4/4).
2026-08-12 21:19:18,513 - INFO - Finished scrolling (6 rounds) to load additional posts.
2026-08-12 21:19:34,993 - WARNING - No post content rendered after 15.0s of waiting (only loading skeletons or empty containers were present) -- Facebook may be loading slowly or this feed may be empty.
2026-08-12 21:19:34,993 - INFO - No further unprocessed posts available after 4 scroll attempts; treating this group as fully scanned.
2026-08-12 21:24:08,129 - WARNING - The Chrome window appears MINIMIZED or hidden (document.visibilityState is not 'visible'). Chrome throttles hidden pages, so Facebook will not render or paginate group feeds and this run will find few or no posts. Please leave the debug Chrome window open and NOT minimized while the scraper runs.
2026-08-12 21:24:08,303 - INFO - Reached the cap of 20 new lead(s) for this run; stopping immediately.
2026-08-12 21:24:08,322 - WARNING - The Chrome window appears MINIMIZED or hidden (document.visibilityState is not 'visible'). Chrome throttles hidden pages, so Facebook will not render or paginate group feeds and this run will find few or no posts. Please leave the debug Chrome window open and NOT minimized while the scraper runs.
2026-08-12 21:24:08,335 - WARNING - The Chrome window appears MINIMIZED or hidden (document.visibilityState is not 'visible'). Chrome throttles hidden pages, so Facebook will not render or paginate group feeds and this run will find few or no posts. Please leave the debug Chrome window open and NOT minimized while the scraper runs.
2026-08-12 21:24:08,337 - INFO - Skipping post (not a clear remote/freelance video-editing lead) [intent classified as 'seller', not 'buyer']: https://www.facebook.com/groups/999/posts/1100 | text: 'I am a video editor, available for hire, DM me.'
2026-08-12 21:24:08,339 - INFO - Skipping post (not a clear remote/freelance video-editing lead) [intent classified as 'seller', not 'buyer']: https://www.facebook.com/groups/999/posts/1101 | text: 'I am a video editor, available for hire, DM me.'
2026-08-12 21:24:08,341 - INFO - Skipping post (not a clear remote/freelance video-editing lead) [intent classified as 'seller', not 'buyer']: https://www.facebook.com/groups/999/posts/1102 | text: 'I am a video editor, available for hire, DM me.'
2026-08-12 21:24:08,349 - WARNING - The Chrome window appears MINIMIZED or hidden (document.visibilityState is not 'visible'). Chrome throttles hidden pages, so Facebook will not render or paginate group feeds and this run will find few or no posts. Please leave the debug Chrome window open and NOT minimized while the scraper runs.
2026-08-12 21:24:08,361 - WARNING - The Chrome window appears MINIMIZED or hidden (document.visibilityState is not 'visible'). Chrome throttles hidden pages, so Facebook will not render or paginate group feeds and this run will find few or no posts. Please leave the debug Chrome window open and NOT minimized while the scraper runs.
2026-08-12 21:24:08,379 - WARNING - The Chrome window appears MINIMIZED or hidden (document.visibilityState is not 'visible'). Chrome throttles hidden pages, so Facebook will not render or paginate group feeds and this run will find few or no posts. Please leave the debug Chrome window open and NOT minimized while the scraper runs.
2026-08-12 21:24:08,386 - INFO - Hit 8 consecutive posts older than the 2-day window; treating this group's recent history as fully covered and stopping.
2026-08-12 21:24:08,398 - WARNING - The Chrome window appears MINIMIZED or hidden (document.visibilityState is not 'visible'). Chrome throttles hidden pages, so Facebook will not render or paginate group feeds and this run will find few or no posts. Please leave the debug Chrome window open and NOT minimized while the scraper runs.
2026-08-12 21:24:08,402 - INFO - Ran out of loaded posts; scrolling for more (attempt 1/4).
2026-08-12 21:24:08,402 - INFO - Ran out of loaded posts; scrolling for more (attempt 2/4).
2026-08-12 21:24:08,404 - INFO - Ran out of loaded posts; scrolling for more (attempt 1/4).
2026-08-12 21:24:08,404 - INFO - Ran out of loaded posts; scrolling for more (attempt 2/4).
2026-08-12 21:24:08,404 - INFO - Ran out of loaded posts; scrolling for more (attempt 3/4).
2026-08-12 21:24:08,404 - INFO - Ran out of loaded posts; scrolling for more (attempt 4/4).
2026-08-12 21:24:08,404 - INFO - No further unprocessed posts available after 4 scroll attempts; treating this group as fully scanned.
2026-08-12 21:24:08,409 - WARNING - The Chrome window appears MINIMIZED or hidden (document.visibilityState is not 'visible'). Chrome throttles hidden pages, so Facebook will not render or paginate group feeds and this run will find few or no posts. Please leave the debug Chrome window open and NOT minimized while the scraper runs.
2026-08-12 21:24:08,411 - INFO - Ran out of loaded posts; scrolling for more (attempt 1/4).
2026-08-12 21:24:20,417 - INFO - Finished scrolling (6 rounds) to load additional posts.
2026-08-12 21:24:20,419 - INFO - Ran out of loaded posts; scrolling for more (attempt 2/4).
2026-08-12 21:24:32,425 - INFO - Finished scrolling (6 rounds) to load additional posts.
2026-08-12 21:24:32,425 - INFO - Ran out of loaded posts; scrolling for more (attempt 3/4).
2026-08-12 21:24:44,433 - INFO - Finished scrolling (6 rounds) to load additional posts.
2026-08-12 21:24:44,434 - INFO - Ran out of loaded posts; scrolling for more (attempt 4/4).
2026-08-12 21:24:56,439 - INFO - Finished scrolling (6 rounds) to load additional posts.
2026-08-12 21:24:56,441 - INFO - No further unprocessed posts available after 4 scroll attempts; treating this group as fully scanned.
2026-08-12 21:25:16,387 - INFO - Current page detected: https://www.facebook.com/groups/310584494121197/?rdid=ZwK9tAietWn1kq7V&share_url=https%3A%2F%2Fwww.facebook.com%2Fshare%2Fg%2F17sYQhzdR4%2F#
2026-08-12 21:25:18,741 - INFO - Skipping post (not a clear remote/freelance video-editing lead) [intent classified as 'unknown', not 'buyer']: https://www.facebook.com/groups/310584494121197/posts/1587499576429676 | text: 'Looking for a Long-Term Video Editor for a Police Bodycam Channel (1 Video/Week + Room to Scale)  Hey everyone! I’m launching a new YouTube '
2026-08-12 21:25:19,310 - INFO - Ran out of loaded posts; scrolling for more (attempt 1/4).
2026-08-12 21:25:31,542 - INFO - Finished scrolling (6 rounds) to load additional posts.
2026-08-12 21:25:32,180 - INFO - Ran out of loaded posts; scrolling for more (attempt 2/4).
2026-08-12 21:25:44,275 - INFO - Finished scrolling (6 rounds) to load additional posts.
2026-08-12 21:25:47,200 - INFO - Ran out of loaded posts; scrolling for more (attempt 1/4).
2026-08-12 21:25:59,307 - INFO - Finished scrolling (6 rounds) to load additional posts.
2026-08-12 21:26:03,250 - INFO - Ran out of loaded posts; scrolling for more (attempt 1/4).
2026-08-12 21:26:15,352 - INFO - Finished scrolling (6 rounds) to load additional posts.
2026-08-12 21:26:16,979 - INFO - Skipping post (timestamp could not be reliably determined): https://www.facebook.com/stories/122103495212887367/UzpfSVNDOjM2NTAwNDU5NjE4Mjc4MTM=
2026-08-12 21:26:17,989 - INFO - Ran out of loaded posts; scrolling for more (attempt 1/4).
2026-08-12 21:26:30,069 - INFO - Finished scrolling (6 rounds) to load additional posts.
2026-08-12 21:26:45,893 - WARNING - No post content rendered after 15.0s of waiting (only loading skeletons or empty containers were present) -- Facebook may be loading slowly or this feed may be empty.
2026-08-12 21:26:45,893 - INFO - Ran out of loaded posts; scrolling for more (attempt 2/4).
2026-08-12 21:26:57,996 - INFO - Finished scrolling (6 rounds) to load additional posts.
2026-08-12 21:27:00,918 - INFO - Skipping post (timestamp could not be reliably determined): https://www.facebook.com/stories/122096383208970783/UzpfSVNDOjE5ODQwNTM3ODU2MjkxNzg=
2026-08-12 21:27:02,962 - INFO - Ran out of loaded posts; scrolling for more (attempt 1/4).
2026-08-12 21:27:15,062 - INFO - Finished scrolling (6 rounds) to load additional posts.
2026-08-12 21:27:15,479 - INFO - Ran out of loaded posts; scrolling for more (attempt 2/4).
2026-08-12 21:27:27,608 - INFO - Finished scrolling (6 rounds) to load additional posts.
2026-08-12 21:27:29,321 - INFO - Skipping post (not a clear remote/freelance video-editing lead) [intent classified as 'unknown', not 'buyer'; no video-editing context keyword found]: https://www.facebook.com/stories/122100778658326166/UzpfSVNDOjQ1NzI3MjE0MjYzNDU4MDQ= | text: 'Designer Life in One Picture!… See more'
2026-08-12 21:27:30,370 - INFO - Ran out of loaded posts; scrolling for more (attempt 1/4).
2026-08-12 21:27:42,636 - INFO - Finished scrolling (6 rounds) to load additional posts.
2026-08-12 21:27:43,266 - INFO - Ran out of loaded posts; scrolling for more (attempt 2/4).
2026-08-12 21:27:55,406 - INFO - Finished scrolling (6 rounds) to load additional posts.
2026-08-12 21:30:37,203 - WARNING - The Chrome window appears MINIMIZED or hidden (document.visibilityState is not 'visible'). Chrome throttles hidden pages, so Facebook will not render or paginate group feeds and this run will find few or no posts. Please leave the debug Chrome window open and NOT minimized while the scraper runs.
2026-08-12 21:30:37,349 - INFO - Reached the cap of 20 new lead(s) for this run; stopping immediately.
2026-08-12 21:30:37,367 - WARNING - The Chrome window appears MINIMIZED or hidden (document.visibilityState is not 'visible'). Chrome throttles hidden pages, so Facebook will not render or paginate group feeds and this run will find few or no posts. Please leave the debug Chrome window open and NOT minimized while the scraper runs.
2026-08-12 21:30:37,381 - WARNING - The Chrome window appears MINIMIZED or hidden (document.visibilityState is not 'visible'). Chrome throttles hidden pages, so Facebook will not render or paginate group feeds and this run will find few or no posts. Please leave the debug Chrome window open and NOT minimized while the scraper runs.
2026-08-12 21:30:37,384 - INFO - Skipping post (not a clear remote/freelance video-editing lead) [intent classified as 'seller', not 'buyer']: https://www.facebook.com/groups/999/posts/1100 | text: 'I am a video editor, available for hire, DM me.'
2026-08-12 21:30:37,385 - INFO - Skipping post (not a clear remote/freelance video-editing lead) [intent classified as 'seller', not 'buyer']: https://www.facebook.com/groups/999/posts/1101 | text: 'I am a video editor, available for hire, DM me.'
2026-08-12 21:30:37,387 - INFO - Skipping post (not a clear remote/freelance video-editing lead) [intent classified as 'seller', not 'buyer']: https://www.facebook.com/groups/999/posts/1102 | text: 'I am a video editor, available for hire, DM me.'
2026-08-12 21:30:37,394 - WARNING - The Chrome window appears MINIMIZED or hidden (document.visibilityState is not 'visible'). Chrome throttles hidden pages, so Facebook will not render or paginate group feeds and this run will find few or no posts. Please leave the debug Chrome window open and NOT minimized while the scraper runs.
2026-08-12 21:30:37,407 - WARNING - The Chrome window appears MINIMIZED or hidden (document.visibilityState is not 'visible'). Chrome throttles hidden pages, so Facebook will not render or paginate group feeds and this run will find few or no posts. Please leave the debug Chrome window open and NOT minimized while the scraper runs.
2026-08-12 21:30:37,422 - WARNING - The Chrome window appears MINIMIZED or hidden (document.visibilityState is not 'visible'). Chrome throttles hidden pages, so Facebook will not render or paginate group feeds and this run will find few or no posts. Please leave the debug Chrome window open and NOT minimized while the scraper runs.
2026-08-12 21:30:37,424 - INFO - Hit 8 consecutive posts older than the 2-day window; treating this group's recent history as fully covered and stopping.
2026-08-12 21:30:37,436 - WARNING - The Chrome window appears MINIMIZED or hidden (document.visibilityState is not 'visible'). Chrome throttles hidden pages, so Facebook will not render or paginate group feeds and this run will find few or no posts. Please leave the debug Chrome window open and NOT minimized while the scraper runs.
2026-08-12 21:30:37,438 - INFO - Ran out of loaded posts; scrolling for more (attempt 1/4).
2026-08-12 21:30:37,439 - INFO - Ran out of loaded posts; scrolling for more (attempt 2/4).
2026-08-12 21:30:37,439 - INFO - Ran out of loaded posts; scrolling for more (attempt 1/4).
2026-08-12 21:30:37,439 - INFO - Ran out of loaded posts; scrolling for more (attempt 2/4).
2026-08-12 21:30:37,441 - INFO - Ran out of loaded posts; scrolling for more (attempt 3/4).
2026-08-12 21:30:37,441 - INFO - Ran out of loaded posts; scrolling for more (attempt 4/4).
2026-08-12 21:30:37,441 - INFO - No further unprocessed posts available after 4 scroll attempts; treating this group as fully scanned.
2026-08-12 21:30:37,449 - WARNING - The Chrome window appears MINIMIZED or hidden (document.visibilityState is not 'visible'). Chrome throttles hidden pages, so Facebook will not render or paginate group feeds and this run will find few or no posts. Please leave the debug Chrome window open and NOT minimized while the scraper runs.
2026-08-12 21:30:37,449 - INFO - Ran out of loaded posts; scrolling for more (attempt 1/4).
2026-08-12 21:30:49,455 - INFO - Finished scrolling (6 rounds) to load additional posts.
2026-08-12 21:30:49,456 - INFO - Ran out of loaded posts; scrolling for more (attempt 2/4).
2026-08-12 21:31:01,460 - INFO - Finished scrolling (6 rounds) to load additional posts.
2026-08-12 21:31:01,460 - INFO - Ran out of loaded posts; scrolling for more (attempt 3/4).
2026-08-12 21:31:13,463 - INFO - Finished scrolling (6 rounds) to load additional posts.
2026-08-12 21:31:13,463 - INFO - Ran out of loaded posts; scrolling for more (attempt 4/4).
2026-08-12 21:31:25,467 - INFO - Finished scrolling (6 rounds) to load additional posts.
2026-08-12 21:31:25,467 - INFO - No further unprocessed posts available after 4 scroll attempts; treating this group as fully scanned.
2026-08-12 21:31:48,931 - INFO - Current page detected: https://www.facebook.com/groups/310584494121197/?rdid=XbOJWx0GnqL9CoPK&share_url=https%3A%2F%2Fwww.facebook.com%2Fshare%2Fg%2F17sYQhzdR4%2F#
2026-08-12 21:31:49,011 - WARNING - No post containers found via [data-ad-rendering-role="story_message"]. Either the feed hasn't rendered yet, or Facebook's DOM structure changed and selectors need updating.
2026-08-12 21:31:49,783 - WARNING - No post containers found via [data-ad-rendering-role="story_message"]. Either the feed hasn't rendered yet, or Facebook's DOM structure changed and selectors need updating.
2026-08-12 21:31:50,546 - WARNING - No post containers found via [data-ad-rendering-role="story_message"]. Either the feed hasn't rendered yet, or Facebook's DOM structure changed and selectors need updating.
2026-08-12 21:31:51,309 - WARNING - No post containers found via [data-ad-rendering-role="story_message"]. Either the feed hasn't rendered yet, or Facebook's DOM structure changed and selectors need updating.
2026-08-12 21:31:52,071 - WARNING - No post containers found via [data-ad-rendering-role="story_message"]. Either the feed hasn't rendered yet, or Facebook's DOM structure changed and selectors need updating.
2026-08-12 21:31:52,925 - WARNING - No post containers found via [data-ad-rendering-role="story_message"]. Either the feed hasn't rendered yet, or Facebook's DOM structure changed and selectors need updating.
2026-08-12 21:31:53,689 - WARNING - No post containers found via [data-ad-rendering-role="story_message"]. Either the feed hasn't rendered yet, or Facebook's DOM structure changed and selectors need updating.
2026-08-12 21:31:54,450 - WARNING - No post containers found via [data-ad-rendering-role="story_message"]. Either the feed hasn't rendered yet, or Facebook's DOM structure changed and selectors need updating.
2026-08-12 21:31:55,219 - WARNING - No post containers found via [data-ad-rendering-role="story_message"]. Either the feed hasn't rendered yet, or Facebook's DOM structure changed and selectors need updating.
2026-08-12 21:31:55,983 - WARNING - No post containers found via [data-ad-rendering-role="story_message"]. Either the feed hasn't rendered yet, or Facebook's DOM structure changed and selectors need updating.
2026-08-12 21:31:56,798 - WARNING - No post containers found via [data-ad-rendering-role="story_message"]. Either the feed hasn't rendered yet, or Facebook's DOM structure changed and selectors need updating.
2026-08-12 21:31:57,554 - WARNING - No post containers found via [data-ad-rendering-role="story_message"]. Either the feed hasn't rendered yet, or Facebook's DOM structure changed and selectors need updating.
2026-08-12 21:31:58,314 - WARNING - No post containers found via [data-ad-rendering-role="story_message"]. Either the feed hasn't rendered yet, or Facebook's DOM structure changed and selectors need updating.
2026-08-12 21:31:59,077 - WARNING - No post containers found via [data-ad-rendering-role="story_message"]. Either the feed hasn't rendered yet, or Facebook's DOM structure changed and selectors need updating.
2026-08-12 21:31:59,852 - WARNING - No post containers found via [data-ad-rendering-role="story_message"]. Either the feed hasn't rendered yet, or Facebook's DOM structure changed and selectors need updating.
2026-08-12 21:32:00,613 - WARNING - No post containers found via [data-ad-rendering-role="story_message"]. Either the feed hasn't rendered yet, or Facebook's DOM structure changed and selectors need updating.
2026-08-12 21:32:01,377 - WARNING - No post containers found via [data-ad-rendering-role="story_message"]. Either the feed hasn't rendered yet, or Facebook's DOM structure changed and selectors need updating.
2026-08-12 21:32:02,138 - WARNING - No post containers found via [data-ad-rendering-role="story_message"]. Either the feed hasn't rendered yet, or Facebook's DOM structure changed and selectors need updating.
2026-08-12 21:32:02,896 - WARNING - No post containers found via [data-ad-rendering-role="story_message"]. Either the feed hasn't rendered yet, or Facebook's DOM structure changed and selectors need updating.
2026-08-12 21:32:03,704 - WARNING - No post containers found via [data-ad-rendering-role="story_message"]. Either the feed hasn't rendered yet, or Facebook's DOM structure changed and selectors need updating.
2026-08-12 21:32:04,455 - WARNING - No post content rendered after 15.0s of waiting (only loading skeletons or empty containers were present) -- Facebook may be loading slowly or this feed may be empty.
2026-08-12 21:32:04,455 - INFO - Ran out of loaded posts; scrolling for more (attempt 1/4).
2026-08-12 21:32:16,798 - INFO - Finished scrolling (6 rounds) to load additional posts.
2026-08-12 21:32:16,830 - WARNING - No post containers found via [data-ad-rendering-role="story_message"]. Either the feed hasn't rendered yet, or Facebook's DOM structure changed and selectors need updating.
2026-08-12 21:32:17,583 - WARNING - No post containers found via [data-ad-rendering-role="story_message"]. Either the feed hasn't rendered yet, or Facebook's DOM structure changed and selectors need updating.
2026-08-12 21:32:18,354 - WARNING - No post containers found via [data-ad-rendering-role="story_message"]. Either the feed hasn't rendered yet, or Facebook's DOM structure changed and selectors need updating.
2026-08-12 21:32:19,115 - WARNING - No post containers found via [data-ad-rendering-role="story_message"]. Either the feed hasn't rendered yet, or Facebook's DOM structure changed and selectors need updating.
2026-08-12 21:32:19,897 - WARNING - No post containers found via [data-ad-rendering-role="story_message"]. Either the feed hasn't rendered yet, or Facebook's DOM structure changed and selectors need updating.
2026-08-12 21:32:20,661 - WARNING - No post containers found via [data-ad-rendering-role="story_message"]. Either the feed hasn't rendered yet, or Facebook's DOM structure changed and selectors need updating.
2026-08-12 21:32:21,434 - WARNING - No post containers found via [data-ad-rendering-role="story_message"]. Either the feed hasn't rendered yet, or Facebook's DOM structure changed and selectors need updating.
2026-08-12 21:32:22,201 - WARNING - No post containers found via [data-ad-rendering-role="story_message"]. Either the feed hasn't rendered yet, or Facebook's DOM structure changed and selectors need updating.
2026-08-12 21:32:23,019 - WARNING - No post containers found via [data-ad-rendering-role="story_message"]. Either the feed hasn't rendered yet, or Facebook's DOM structure changed and selectors need updating.
2026-08-12 21:32:23,782 - WARNING - No post containers found via [data-ad-rendering-role="story_message"]. Either the feed hasn't rendered yet, or Facebook's DOM structure changed and selectors need updating.
2026-08-12 21:32:24,547 - WARNING - No post containers found via [data-ad-rendering-role="story_message"]. Either the feed hasn't rendered yet, or Facebook's DOM structure changed and selectors need updating.
2026-08-12 21:32:25,528 - WARNING - No post containers found via [data-ad-rendering-role="story_message"]. Either the feed hasn't rendered yet, or Facebook's DOM structure changed and selectors need updating.
2026-08-12 21:32:26,334 - WARNING - No post containers found via [data-ad-rendering-role="story_message"]. Either the feed hasn't rendered yet, or Facebook's DOM structure changed and selectors need updating.
2026-08-12 21:32:27,102 - WARNING - No post containers found via [data-ad-rendering-role="story_message"]. Either the feed hasn't rendered yet, or Facebook's DOM structure changed and selectors need updating.
2026-08-12 21:32:27,859 - WARNING - No post containers found via [data-ad-rendering-role="story_message"]. Either the feed hasn't rendered yet, or Facebook's DOM structure changed and selectors need updating.
2026-08-12 21:32:28,887 - WARNING - No post containers found via [data-ad-rendering-role="story_message"]. Either the feed hasn't rendered yet, or Facebook's DOM structure changed and selectors need updating.
2026-08-12 21:32:30,073 - WARNING - No post containers found via [data-ad-rendering-role="story_message"]. Either the feed hasn't rendered yet, or Facebook's DOM structure changed and selectors need updating.
2026-08-12 21:32:30,848 - WARNING - No post containers found via [data-ad-rendering-role="story_message"]. Either the feed hasn't rendered yet, or Facebook's DOM structure changed and selectors need updating.
2026-08-12 21:32:32,212 - WARNING - No post containers found via [data-ad-rendering-role="story_message"]. Either the feed hasn't rendered yet, or Facebook's DOM structure changed and selectors need updating.
2026-08-12 21:32:32,995 - WARNING - No post containers found via [data-ad-rendering-role="story_message"]. Either the feed hasn't rendered yet, or Facebook's DOM structure changed and selectors need updating.
2026-08-12 21:32:33,747 - WARNING - No post content rendered after 15.0s of waiting (only loading skeletons or empty containers were present) -- Facebook may be loading slowly or this feed may be empty.
2026-08-12 21:32:33,747 - INFO - Ran out of loaded posts; scrolling for more (attempt 2/4).
2026-08-12 21:33:03,144 - INFO - Daily multi-group scrape started.
2026-08-12 21:33:03,145 - INFO - Daily lead quota: 0/20 used today.
2026-08-12 21:33:05,196 - INFO - [1/31] Visiting group: I Need a Editor (https://www.facebook.com/share/g/1YpD7y4noQ/)
2026-08-12 21:33:11,821 - INFO - Current page detected: https://www.facebook.com/groups/ineedavideoeditor/?rdid=a9th7KjDEvcOIv6I&share_url=https%3A%2F%2Fwww.facebook.com%2Fshare%2Fg%2F1YpD7y4noQ%2F#
2026-08-12 21:33:25,145 - INFO - Finished scrolling (6 rounds) to load additional posts.
2026-08-12 21:33:25,223 - WARNING - No post containers found via [data-ad-rendering-role="story_message"]. Either the feed hasn't rendered yet, or Facebook's DOM structure changed and selectors need updating.
2026-08-12 21:33:26,005 - WARNING - No post containers found via [data-ad-rendering-role="story_message"]. Either the feed hasn't rendered yet, or Facebook's DOM structure changed and selectors need updating.
2026-08-12 21:33:26,772 - WARNING - No post containers found via [data-ad-rendering-role="story_message"]. Either the feed hasn't rendered yet, or Facebook's DOM structure changed and selectors need updating.
2026-08-12 21:33:27,536 - WARNING - No post containers found via [data-ad-rendering-role="story_message"]. Either the feed hasn't rendered yet, or Facebook's DOM structure changed and selectors need updating.
2026-08-12 21:33:28,296 - WARNING - No post containers found via [data-ad-rendering-role="story_message"]. Either the feed hasn't rendered yet, or Facebook's DOM structure changed and selectors need updating.
2026-08-12 21:33:29,071 - WARNING - No post containers found via [data-ad-rendering-role="story_message"]. Either the feed hasn't rendered yet, or Facebook's DOM structure changed and selectors need updating.
2026-08-12 21:33:29,853 - WARNING - No post containers found via [data-ad-rendering-role="story_message"]. Either the feed hasn't rendered yet, or Facebook's DOM structure changed and selectors need updating.
2026-08-12 21:33:30,631 - WARNING - No post containers found via [data-ad-rendering-role="story_message"]. Either the feed hasn't rendered yet, or Facebook's DOM structure changed and selectors need updating.
2026-08-12 21:33:31,394 - WARNING - No post containers found via [data-ad-rendering-role="story_message"]. Either the feed hasn't rendered yet, or Facebook's DOM structure changed and selectors need updating.
2026-08-12 21:33:32,151 - WARNING - No post containers found via [data-ad-rendering-role="story_message"]. Either the feed hasn't rendered yet, or Facebook's DOM structure changed and selectors need updating.
2026-08-12 21:33:32,921 - WARNING - No post containers found via [data-ad-rendering-role="story_message"]. Either the feed hasn't rendered yet, or Facebook's DOM structure changed and selectors need updating.
2026-08-12 21:33:33,701 - WARNING - No post containers found via [data-ad-rendering-role="story_message"]. Either the feed hasn't rendered yet, or Facebook's DOM structure changed and selectors need updating.
2026-08-12 21:33:34,493 - WARNING - No post containers found via [data-ad-rendering-role="story_message"]. Either the feed hasn't rendered yet, or Facebook's DOM structure changed and selectors need updating.
2026-08-12 21:33:35,261 - WARNING - No post containers found via [data-ad-rendering-role="story_message"]. Either the feed hasn't rendered yet, or Facebook's DOM structure changed and selectors need updating.
2026-08-12 21:33:36,024 - WARNING - No post containers found via [data-ad-rendering-role="story_message"]. Either the feed hasn't rendered yet, or Facebook's DOM structure changed and selectors need updating.
2026-08-12 21:33:36,873 - WARNING - No post containers found via [data-ad-rendering-role="story_message"]. Either the feed hasn't rendered yet, or Facebook's DOM structure changed and selectors need updating.
2026-08-12 21:33:37,633 - WARNING - No post containers found via [data-ad-rendering-role="story_message"]. Either the feed hasn't rendered yet, or Facebook's DOM structure changed and selectors need updating.
2026-08-12 21:33:38,398 - WARNING - No post containers found via [data-ad-rendering-role="story_message"]. Either the feed hasn't rendered yet, or Facebook's DOM structure changed and selectors need updating.
2026-08-12 21:33:39,163 - WARNING - No post containers found via [data-ad-rendering-role="story_message"]. Either the feed hasn't rendered yet, or Facebook's DOM structure changed and selectors need updating.
2026-08-12 21:33:39,925 - WARNING - No post containers found via [data-ad-rendering-role="story_message"]. Either the feed hasn't rendered yet, or Facebook's DOM structure changed and selectors need updating.
2026-08-12 21:33:40,677 - WARNING - No post content rendered after 15.0s of waiting (only loading skeletons or empty containers were present) -- Facebook may be loading slowly or this feed may be empty.
2026-08-12 21:33:40,677 - INFO - Ran out of loaded posts; scrolling for more (attempt 1/4).
2026-08-12 21:33:52,768 - INFO - Finished scrolling (6 rounds) to load additional posts.
2026-08-12 21:33:54,379 - INFO - Ran out of loaded posts; scrolling for more (attempt 1/4).
2026-08-12 21:34:06,555 - INFO - Finished scrolling (6 rounds) to load additional posts.
2026-08-12 21:34:09,434 - INFO - Ran out of loaded posts; scrolling for more (attempt 1/4).
2026-08-12 21:34:21,745 - INFO - Finished scrolling (6 rounds) to load additional posts.
2026-08-12 21:34:25,720 - INFO - Ran out of loaded posts; scrolling for more (attempt 1/4).
2026-08-12 21:34:37,824 - INFO - Finished scrolling (6 rounds) to load additional posts.
2026-08-12 21:34:42,289 - INFO - Ran out of loaded posts; scrolling for more (attempt 1/4).
2026-08-12 21:34:54,399 - INFO - Finished scrolling (6 rounds) to load additional posts.
2026-08-12 21:34:56,796 - INFO - Ran out of loaded posts; scrolling for more (attempt 1/4).
2026-08-12 21:35:08,944 - INFO - Finished scrolling (6 rounds) to load additional posts.
2026-08-12 21:35:11,973 - INFO - Ran out of loaded posts; scrolling for more (attempt 1/4).
2026-08-12 21:35:24,133 - INFO - Finished scrolling (6 rounds) to load additional posts.
2026-08-12 21:35:25,109 - INFO - Ran out of loaded posts; scrolling for more (attempt 2/4).
2026-08-12 21:35:37,243 - INFO - Finished scrolling (6 rounds) to load additional posts.
2026-08-12 21:35:39,175 - INFO - Skipping post (not a clear remote/freelance video-editing lead) [intent classified as 'unknown', not 'buyer']: https://www.facebook.com/groups/ineedavideoeditor/posts/2626687171117942 | text: 'Looking for a Long-Term Video Editor for a Police Bodycam Channel (1 Video/Week + Room to Scale)  Hey everyone! I’m launching a new YouTube '
2026-08-12 21:35:40,212 - INFO - Ran out of loaded posts; scrolling for more (attempt 1/4).
2026-08-12 21:35:53,102 - INFO - Finished scrolling (6 rounds) to load additional posts.
2026-08-12 21:35:56,699 - INFO - Ran out of loaded posts; scrolling for more (attempt 1/4).
2026-08-12 21:36:08,858 - INFO - Finished scrolling (6 rounds) to load additional posts.
2026-08-12 21:36:10,871 - INFO - Ran out of loaded posts; scrolling for more (attempt 1/4).
2026-08-12 21:36:22,950 - INFO - Finished scrolling (6 rounds) to load additional posts.
2026-08-12 21:36:25,532 - INFO - Ran out of loaded posts; scrolling for more (attempt 1/4).
2026-08-12 21:36:37,623 - INFO - Finished scrolling (6 rounds) to load additional posts.
2026-08-12 21:36:40,305 - INFO - Ran out of loaded posts; scrolling for more (attempt 1/4).
2026-08-12 21:36:52,396 - INFO - Finished scrolling (6 rounds) to load additional posts.
2026-08-12 21:36:55,772 - INFO - Ran out of loaded posts; scrolling for more (attempt 1/4).
2026-08-12 21:37:07,856 - INFO - Finished scrolling (6 rounds) to load additional posts.
2026-08-12 21:37:09,631 - INFO - Skipping post (not a clear remote/freelance video-editing lead) [intent classified as 'unknown', not 'buyer']: https://www.facebook.com/groups/ineedavideoeditor/posts/2625636114556381 | text: 'Video Editor Required! Interested? WhatsApp: +91 9735001668 Portfolio/Previous Work zaroor share karein.'
2026-08-12 21:37:10,432 - INFO - Ran out of loaded posts; scrolling for more (attempt 1/4).
2026-08-12 21:37:22,646 - INFO - Finished scrolling (6 rounds) to load additional posts.
2026-08-12 21:37:23,294 - INFO - Ran out of loaded posts; scrolling for more (attempt 2/4).
2026-08-12 21:37:35,381 - INFO - Finished scrolling (6 rounds) to load additional posts.
2026-08-12 21:37:37,262 - INFO - Skipping post (not a clear remote/freelance video-editing lead) [intent classified as 'unknown', not 'buyer']: https://www.facebook.com/stories/105847440650818/UzpfSVNDOjE5ODQ0OTI1MDg5MjI2ODk= | text: "বাংলা ভাষী Video Editor চাই। যারা health নিয়ে এডিটিং করতে আগ্রহী। যোগাযোগ করুন। Long term collaboration..For Long Videos.. Remember it's a "
2026-08-12 21:37:39,096 - INFO - Ran out of loaded posts; scrolling for more (attempt 1/4).
2026-08-12 21:37:51,192 - INFO - Finished scrolling (6 rounds) to load additional posts.
2026-08-12 21:37:51,575 - INFO - Ran out of loaded posts; scrolling for more (attempt 2/4).
2026-08-12 21:38:03,673 - INFO - Finished scrolling (6 rounds) to load additional posts.
2026-08-12 21:38:06,397 - INFO - Ran out of loaded posts; scrolling for more (attempt 1/4).
2026-08-12 21:38:18,484 - INFO - Finished scrolling (6 rounds) to load additional posts.
2026-08-12 21:38:21,454 - INFO - Ran out of loaded posts; scrolling for more (attempt 1/4).
2026-08-12 21:38:33,536 - INFO - Finished scrolling (6 rounds) to load additional posts.
2026-08-12 21:38:36,390 - INFO - Ran out of loaded posts; scrolling for more (attempt 1/4).
2026-08-12 21:38:48,580 - INFO - Finished scrolling (6 rounds) to load additional posts.
2026-08-12 21:38:51,485 - INFO - Ran out of loaded posts; scrolling for more (attempt 1/4).
2026-08-12 21:39:03,696 - INFO - Finished scrolling (6 rounds) to load additional posts.
2026-08-12 21:39:04,221 - INFO - Ran out of loaded posts; scrolling for more (attempt 2/4).
2026-08-12 21:39:16,333 - INFO - Finished scrolling (6 rounds) to load additional posts.
2026-08-12 21:39:19,306 - INFO - Ran out of loaded posts; scrolling for more (attempt 1/4).
2026-08-12 21:39:31,473 - INFO - Finished scrolling (6 rounds) to load additional posts.
2026-08-12 21:39:34,061 - INFO - Ran out of loaded posts; scrolling for more (attempt 1/4).
2026-08-12 21:39:46,230 - INFO - Finished scrolling (6 rounds) to load additional posts.
2026-08-12 21:39:49,083 - INFO - Ran out of loaded posts; scrolling for more (attempt 1/4).
2026-08-12 21:40:01,187 - INFO - Finished scrolling (6 rounds) to load additional posts.
2026-08-12 21:40:04,526 - INFO - Ran out of loaded posts; scrolling for more (attempt 1/4).
2026-08-12 21:40:16,654 - INFO - Finished scrolling (6 rounds) to load additional posts.
2026-08-12 21:40:17,830 - INFO - Ran out of loaded posts; scrolling for more (attempt 2/4).
2026-08-12 21:40:30,023 - INFO - Finished scrolling (6 rounds) to load additional posts.
2026-08-12 21:40:31,105 - INFO - Ran out of loaded posts; scrolling for more (attempt 3/4).
2026-08-12 21:40:43,539 - INFO - Finished scrolling (6 rounds) to load additional posts.
2026-08-12 21:40:49,999 - INFO - Ran out of loaded posts; scrolling for more (attempt 1/4).
2026-08-12 21:41:02,502 - INFO - Finished scrolling (6 rounds) to load additional posts.
2026-08-12 21:41:08,070 - INFO - Ran out of loaded posts; scrolling for more (attempt 1/4).
2026-08-12 21:41:20,174 - INFO - Finished scrolling (6 rounds) to load additional posts.
2026-08-12 21:41:25,209 - INFO - Ran out of loaded posts; scrolling for more (attempt 1/4).
2026-08-12 21:41:37,482 - INFO - Finished scrolling (6 rounds) to load additional posts.
2026-08-12 21:41:38,430 - INFO - Ran out of loaded posts; scrolling for more (attempt 2/4).
2026-08-12 21:41:50,831 - INFO - Finished scrolling (6 rounds) to load additional posts.
2026-08-12 21:41:57,214 - INFO - Ran out of loaded posts; scrolling for more (attempt 1/4).
2026-08-12 21:42:09,319 - INFO - Finished scrolling (6 rounds) to load additional posts.
2026-08-12 21:42:15,959 - INFO - Ran out of loaded posts; scrolling for more (attempt 1/4).
2026-08-12 21:42:28,245 - INFO - Finished scrolling (6 rounds) to load additional posts.
2026-08-12 21:42:29,320 - INFO - Ran out of loaded posts; scrolling for more (attempt 2/4).
2026-08-12 21:42:41,426 - INFO - Finished scrolling (6 rounds) to load additional posts.
2026-08-12 21:42:46,445 - INFO - Ran out of loaded posts; scrolling for more (attempt 1/4).
2026-08-12 21:42:58,560 - INFO - Finished scrolling (6 rounds) to load additional posts.
2026-08-12 21:43:03,376 - INFO - Ran out of loaded posts; scrolling for more (attempt 1/4).
2026-08-12 21:43:15,469 - INFO - Finished scrolling (6 rounds) to load additional posts.
2026-08-12 21:43:22,125 - INFO - Ran out of loaded posts; scrolling for more (attempt 1/4).
2026-08-12 21:43:34,284 - INFO - Finished scrolling (6 rounds) to load additional posts.
2026-08-12 21:43:39,975 - INFO - Ran out of loaded posts; scrolling for more (attempt 1/4).
2026-08-12 21:43:52,121 - INFO - Finished scrolling (6 rounds) to load additional posts.
2026-08-12 21:43:53,610 - INFO - Ran out of loaded posts; scrolling for more (attempt 2/4).
2026-08-12 21:44:06,035 - INFO - Finished scrolling (6 rounds) to load additional posts.
2026-08-12 21:44:11,500 - INFO - Ran out of loaded posts; scrolling for more (attempt 1/4).
2026-08-12 21:44:23,640 - INFO - Finished scrolling (6 rounds) to load additional posts.
2026-08-12 21:44:28,831 - INFO - Ran out of loaded posts; scrolling for more (attempt 1/4).
2026-08-12 21:44:40,937 - INFO - Finished scrolling (6 rounds) to load additional posts.
2026-08-12 21:44:47,630 - INFO - Ran out of loaded posts; scrolling for more (attempt 1/4).
2026-08-12 21:45:00,232 - INFO - Finished scrolling (6 rounds) to load additional posts.
2026-08-12 21:45:05,578 - INFO - Ran out of loaded posts; scrolling for more (attempt 1/4).
2026-08-12 21:45:17,789 - INFO - Finished scrolling (6 rounds) to load additional posts.
2026-08-12 21:45:18,772 - INFO - Ran out of loaded posts; scrolling for more (attempt 2/4).
2026-08-12 21:45:30,921 - INFO - Finished scrolling (6 rounds) to load additional posts.
2026-08-12 21:45:37,255 - INFO - Ran out of loaded posts; scrolling for more (attempt 1/4).
2026-08-12 21:45:49,353 - INFO - Finished scrolling (6 rounds) to load additional posts.
2026-08-12 21:45:54,742 - INFO - Ran out of loaded posts; scrolling for more (attempt 1/4).
2026-08-12 21:46:06,998 - INFO - Finished scrolling (6 rounds) to load additional posts.
2026-08-12 21:46:08,316 - INFO - Ran out of loaded posts; scrolling for more (attempt 2/4).
2026-08-12 21:46:20,440 - INFO - Finished scrolling (6 rounds) to load additional posts.
2026-08-12 21:46:26,505 - INFO - Ran out of loaded posts; scrolling for more (attempt 1/4).
2026-08-12 21:46:38,643 - INFO - Finished scrolling (6 rounds) to load additional posts.
2026-08-12 21:46:44,721 - INFO - Ran out of loaded posts; scrolling for more (attempt 1/4).
2026-08-12 21:46:56,824 - INFO - Finished scrolling (6 rounds) to load additional posts.
2026-08-12 21:47:03,433 - INFO - Ran out of loaded posts; scrolling for more (attempt 1/4).
2026-08-12 21:47:15,539 - INFO - Finished scrolling (6 rounds) to load additional posts.
2026-08-12 21:47:16,596 - INFO - Ran out of loaded posts; scrolling for more (attempt 2/4).
2026-08-12 21:47:28,732 - INFO - Finished scrolling (6 rounds) to load additional posts.
2026-08-12 21:47:29,902 - INFO - Ran out of loaded posts; scrolling for more (attempt 3/4).
2026-08-12 21:47:42,008 - INFO - Finished scrolling (6 rounds) to load additional posts.
2026-08-12 21:47:48,592 - INFO - Ran out of loaded posts; scrolling for more (attempt 1/4).
2026-08-12 21:48:00,890 - INFO - Finished scrolling (6 rounds) to load additional posts.
2026-08-12 21:48:01,732 - INFO - Ran out of loaded posts; scrolling for more (attempt 2/4).
2026-08-12 21:48:13,946 - INFO - Finished scrolling (6 rounds) to load additional posts.
2026-08-12 21:48:19,784 - INFO - Ran out of loaded posts; scrolling for more (attempt 1/4).
2026-08-12 21:48:31,918 - INFO - Finished scrolling (6 rounds) to load additional posts.
2026-08-12 21:48:36,110 - INFO - Ran out of loaded posts; scrolling for more (attempt 1/4).
2026-08-12 21:48:48,633 - INFO - Finished scrolling (6 rounds) to load additional posts.
2026-08-12 21:48:52,240 - INFO - Ran out of loaded posts; scrolling for more (attempt 1/4).
2026-08-12 21:49:04,655 - INFO - Finished scrolling (6 rounds) to load additional posts.
2026-08-12 21:49:05,238 - INFO - Ran out of loaded posts; scrolling for more (attempt 2/4).
2026-08-12 21:49:17,489 - INFO - Finished scrolling (6 rounds) to load additional posts.
2026-08-12 21:49:19,843 - INFO - Ran out of loaded posts; scrolling for more (attempt 1/4).
2026-08-12 21:51:47,611 - WARNING - The Chrome window appears MINIMIZED or hidden (document.visibilityState is not 'visible'). Chrome throttles hidden pages, so Facebook will not render or paginate group feeds and this run will find few or no posts. Please leave the debug Chrome window open and NOT minimized while the scraper runs.
2026-08-12 21:51:47,757 - INFO - Reached the cap of 20 new lead(s) for this run; stopping immediately.
2026-08-12 21:51:47,772 - WARNING - The Chrome window appears MINIMIZED or hidden (document.visibilityState is not 'visible'). Chrome throttles hidden pages, so Facebook will not render or paginate group feeds and this run will find few or no posts. Please leave the debug Chrome window open and NOT minimized while the scraper runs.
2026-08-12 21:51:47,788 - WARNING - The Chrome window appears MINIMIZED or hidden (document.visibilityState is not 'visible'). Chrome throttles hidden pages, so Facebook will not render or paginate group feeds and this run will find few or no posts. Please leave the debug Chrome window open and NOT minimized while the scraper runs.
2026-08-12 21:51:47,789 - INFO - Skipping post (not a clear remote/freelance video-editing lead) [intent classified as 'seller', not 'buyer']: https://www.facebook.com/groups/999/posts/1100 | text: 'I am a video editor, available for hire, DM me.'
2026-08-12 21:51:47,792 - INFO - Skipping post (not a clear remote/freelance video-editing lead) [intent classified as 'seller', not 'buyer']: https://www.facebook.com/groups/999/posts/1101 | text: 'I am a video editor, available for hire, DM me.'
2026-08-12 21:51:47,792 - INFO - Skipping post (not a clear remote/freelance video-editing lead) [intent classified as 'seller', not 'buyer']: https://www.facebook.com/groups/999/posts/1102 | text: 'I am a video editor, available for hire, DM me.'
2026-08-12 21:51:47,806 - WARNING - The Chrome window appears MINIMIZED or hidden (document.visibilityState is not 'visible'). Chrome throttles hidden pages, so Facebook will not render or paginate group feeds and this run will find few or no posts. Please leave the debug Chrome window open and NOT minimized while the scraper runs.
2026-08-12 21:51:47,816 - WARNING - The Chrome window appears MINIMIZED or hidden (document.visibilityState is not 'visible'). Chrome throttles hidden pages, so Facebook will not render or paginate group feeds and this run will find few or no posts. Please leave the debug Chrome window open and NOT minimized while the scraper runs.
2026-08-12 21:51:47,835 - WARNING - The Chrome window appears MINIMIZED or hidden (document.visibilityState is not 'visible'). Chrome throttles hidden pages, so Facebook will not render or paginate group feeds and this run will find few or no posts. Please leave the debug Chrome window open and NOT minimized while the scraper runs.
2026-08-12 21:51:47,839 - INFO - Hit 8 consecutive posts older than the 2-day window; treating this group's recent history as fully covered and stopping.
2026-08-12 21:51:47,848 - WARNING - The Chrome window appears MINIMIZED or hidden (document.visibilityState is not 'visible'). Chrome throttles hidden pages, so Facebook will not render or paginate group feeds and this run will find few or no posts. Please leave the debug Chrome window open and NOT minimized while the scraper runs.
2026-08-12 21:51:47,852 - INFO - Ran out of loaded posts; scrolling for more (attempt 1/4).
2026-08-12 21:51:49,854 - INFO - Ran out of loaded posts; scrolling for more (attempt 2/4).
2026-08-12 21:51:51,862 - INFO - Ran out of loaded posts; scrolling for more (attempt 3/4).
2026-08-12 21:51:53,979 - INFO - Ran out of loaded posts; scrolling for more (attempt 4/4).
2026-08-12 21:51:55,992 - INFO - No further unprocessed posts available after 4 scroll attempts; treating this group as fully scanned.
2026-08-12 21:51:56,007 - WARNING - The Chrome window appears MINIMIZED or hidden (document.visibilityState is not 'visible'). Chrome throttles hidden pages, so Facebook will not render or paginate group feeds and this run will find few or no posts. Please leave the debug Chrome window open and NOT minimized while the scraper runs.
2026-08-12 21:51:56,015 - INFO - Ran out of loaded posts; scrolling for more (attempt 1/4).
2026-08-12 21:51:58,017 - INFO - Ran out of loaded posts; scrolling for more (attempt 2/4).
2026-08-12 21:52:00,097 - INFO - Ran out of loaded posts; scrolling for more (attempt 3/4).
2026-08-12 21:52:02,100 - INFO - Ran out of loaded posts; scrolling for more (attempt 4/4).
2026-08-12 21:52:04,100 - INFO - No further unprocessed posts available after 4 scroll attempts; treating this group as fully scanned.
2026-08-12 21:52:23,149 - WARNING - The Chrome window appears MINIMIZED or hidden (document.visibilityState is not 'visible'). Chrome throttles hidden pages, so Facebook will not render or paginate group feeds and this run will find few or no posts. Please leave the debug Chrome window open and NOT minimized while the scraper runs.
2026-08-12 21:52:23,268 - INFO - Reached the cap of 20 new lead(s) for this run; stopping immediately.
2026-08-12 21:52:23,276 - WARNING - The Chrome window appears MINIMIZED or hidden (document.visibilityState is not 'visible'). Chrome throttles hidden pages, so Facebook will not render or paginate group feeds and this run will find few or no posts. Please leave the debug Chrome window open and NOT minimized while the scraper runs.
2026-08-12 21:52:23,299 - WARNING - The Chrome window appears MINIMIZED or hidden (document.visibilityState is not 'visible'). Chrome throttles hidden pages, so Facebook will not render or paginate group feeds and this run will find few or no posts. Please leave the debug Chrome window open and NOT minimized while the scraper runs.
2026-08-12 21:52:23,299 - INFO - Skipping post (not a clear remote/freelance video-editing lead) [intent classified as 'seller', not 'buyer']: https://www.facebook.com/groups/999/posts/1100 | text: 'I am a video editor, available for hire, DM me.'
2026-08-12 21:52:23,302 - INFO - Skipping post (not a clear remote/freelance video-editing lead) [intent classified as 'seller', not 'buyer']: https://www.facebook.com/groups/999/posts/1101 | text: 'I am a video editor, available for hire, DM me.'
2026-08-12 21:52:23,305 - INFO - Skipping post (not a clear remote/freelance video-editing lead) [intent classified as 'seller', not 'buyer']: https://www.facebook.com/groups/999/posts/1102 | text: 'I am a video editor, available for hire, DM me.'
2026-08-12 21:52:23,334 - WARNING - The Chrome window appears MINIMIZED or hidden (document.visibilityState is not 'visible'). Chrome throttles hidden pages, so Facebook will not render or paginate group feeds and this run will find few or no posts. Please leave the debug Chrome window open and NOT minimized while the scraper runs.
2026-08-12 21:52:23,348 - WARNING - The Chrome window appears MINIMIZED or hidden (document.visibilityState is not 'visible'). Chrome throttles hidden pages, so Facebook will not render or paginate group feeds and this run will find few or no posts. Please leave the debug Chrome window open and NOT minimized while the scraper runs.
2026-08-12 21:52:23,370 - WARNING - The Chrome window appears MINIMIZED or hidden (document.visibilityState is not 'visible'). Chrome throttles hidden pages, so Facebook will not render or paginate group feeds and this run will find few or no posts. Please leave the debug Chrome window open and NOT minimized while the scraper runs.
2026-08-12 21:52:23,376 - INFO - Hit 8 consecutive posts older than the 2-day window; treating this group's recent history as fully covered and stopping.
2026-08-12 21:52:23,397 - WARNING - The Chrome window appears MINIMIZED or hidden (document.visibilityState is not 'visible'). Chrome throttles hidden pages, so Facebook will not render or paginate group feeds and this run will find few or no posts. Please leave the debug Chrome window open and NOT minimized while the scraper runs.
2026-08-12 21:52:23,397 - INFO - Ran out of loaded posts; scrolling for more (attempt 1/4).
2026-08-12 21:52:23,401 - INFO - Ran out of loaded posts; scrolling for more (attempt 2/4).
2026-08-12 21:52:23,401 - INFO - Ran out of loaded posts; scrolling for more (attempt 1/4).
2026-08-12 21:52:23,403 - INFO - Ran out of loaded posts; scrolling for more (attempt 2/4).
2026-08-12 21:52:23,405 - INFO - Ran out of loaded posts; scrolling for more (attempt 3/4).
2026-08-12 21:52:23,405 - INFO - Ran out of loaded posts; scrolling for more (attempt 4/4).
2026-08-12 21:52:23,405 - INFO - No further unprocessed posts available after 4 scroll attempts; treating this group as fully scanned.
2026-08-12 21:52:23,416 - WARNING - The Chrome window appears MINIMIZED or hidden (document.visibilityState is not 'visible'). Chrome throttles hidden pages, so Facebook will not render or paginate group feeds and this run will find few or no posts. Please leave the debug Chrome window open and NOT minimized while the scraper runs.
2026-08-12 21:52:23,418 - INFO - Ran out of loaded posts; scrolling for more (attempt 1/4).
2026-08-12 21:52:25,421 - INFO - Ran out of loaded posts; scrolling for more (attempt 2/4).
2026-08-12 21:52:27,423 - INFO - Ran out of loaded posts; scrolling for more (attempt 3/4).
2026-08-12 21:52:29,424 - INFO - Ran out of loaded posts; scrolling for more (attempt 4/4).
2026-08-12 21:52:31,425 - INFO - No further unprocessed posts available after 4 scroll attempts; treating this group as fully scanned.
2026-08-12 21:52:44,736 - INFO - Daily multi-group scrape started.
2026-08-12 21:52:44,736 - INFO - Daily lead quota: 0/20 used today.
2026-08-12 21:52:47,367 - INFO - [1/31] Visiting group: I Need a Editor (https://www.facebook.com/share/g/1YpD7y4noQ/)
2026-08-12 21:52:56,651 - INFO - Current page detected: https://www.facebook.com/groups/ineedavideoeditor/?rdid=ghkHjRpVpTD2tmKl&share_url=https%3A%2F%2Fwww.facebook.com%2Fshare%2Fg%2F1YpD7y4noQ%2F#
2026-08-12 21:53:08,938 - INFO - Finished scrolling (6 rounds) to load additional posts.
2026-08-12 21:53:08,992 - WARNING - No post containers found via [data-ad-rendering-role="story_message"]. Either the feed hasn't rendered yet, or Facebook's DOM structure changed and selectors need updating.
2026-08-12 21:53:09,807 - WARNING - No post containers found via [data-ad-rendering-role="story_message"]. Either the feed hasn't rendered yet, or Facebook's DOM structure changed and selectors need updating.
2026-08-12 21:53:10,564 - WARNING - No post containers found via [data-ad-rendering-role="story_message"]. Either the feed hasn't rendered yet, or Facebook's DOM structure changed and selectors need updating.
2026-08-12 21:53:11,341 - WARNING - No post containers found via [data-ad-rendering-role="story_message"]. Either the feed hasn't rendered yet, or Facebook's DOM structure changed and selectors need updating.
2026-08-12 21:53:12,109 - WARNING - No post containers found via [data-ad-rendering-role="story_message"]. Either the feed hasn't rendered yet, or Facebook's DOM structure changed and selectors need updating.
2026-08-12 21:53:12,872 - WARNING - No post containers found via [data-ad-rendering-role="story_message"]. Either the feed hasn't rendered yet, or Facebook's DOM structure changed and selectors need updating.
2026-08-12 21:53:13,633 - WARNING - No post containers found via [data-ad-rendering-role="story_message"]. Either the feed hasn't rendered yet, or Facebook's DOM structure changed and selectors need updating.
2026-08-12 21:53:14,409 - WARNING - No post containers found via [data-ad-rendering-role="story_message"]. Either the feed hasn't rendered yet, or Facebook's DOM structure changed and selectors need updating.
2026-08-12 21:53:15,178 - WARNING - No post containers found via [data-ad-rendering-role="story_message"]. Either the feed hasn't rendered yet, or Facebook's DOM structure changed and selectors need updating.
2026-08-12 21:53:15,941 - WARNING - No post containers found via [data-ad-rendering-role="story_message"]. Either the feed hasn't rendered yet, or Facebook's DOM structure changed and selectors need updating.
2026-08-12 21:53:16,710 - WARNING - No post containers found via [data-ad-rendering-role="story_message"]. Either the feed hasn't rendered yet, or Facebook's DOM structure changed and selectors need updating.
2026-08-12 21:53:17,476 - WARNING - No post containers found via [data-ad-rendering-role="story_message"]. Either the feed hasn't rendered yet, or Facebook's DOM structure changed and selectors need updating.
2026-08-12 21:53:18,247 - WARNING - No post containers found via [data-ad-rendering-role="story_message"]. Either the feed hasn't rendered yet, or Facebook's DOM structure changed and selectors need updating.
2026-08-12 21:53:19,013 - WARNING - No post containers found via [data-ad-rendering-role="story_message"]. Either the feed hasn't rendered yet, or Facebook's DOM structure changed and selectors need updating.
2026-08-12 21:53:19,780 - WARNING - No post containers found via [data-ad-rendering-role="story_message"]. Either the feed hasn't rendered yet, or Facebook's DOM structure changed and selectors need updating.
2026-08-12 21:53:20,542 - WARNING - No post containers found via [data-ad-rendering-role="story_message"]. Either the feed hasn't rendered yet, or Facebook's DOM structure changed and selectors need updating.
2026-08-12 21:53:21,311 - WARNING - No post containers found via [data-ad-rendering-role="story_message"]. Either the feed hasn't rendered yet, or Facebook's DOM structure changed and selectors need updating.
2026-08-12 21:53:22,080 - WARNING - No post containers found via [data-ad-rendering-role="story_message"]. Either the feed hasn't rendered yet, or Facebook's DOM structure changed and selectors need updating.
2026-08-12 21:53:22,846 - WARNING - No post containers found via [data-ad-rendering-role="story_message"]. Either the feed hasn't rendered yet, or Facebook's DOM structure changed and selectors need updating.
2026-08-12 21:53:23,613 - WARNING - No post containers found via [data-ad-rendering-role="story_message"]. Either the feed hasn't rendered yet, or Facebook's DOM structure changed and selectors need updating.
2026-08-12 21:53:24,364 - WARNING - No post content rendered after 15.0s of waiting (only loading skeletons or empty containers were present) -- Facebook may be loading slowly or this feed may be empty.
2026-08-12 21:53:24,364 - INFO - Ran out of loaded posts; scrolling for more (attempt 1/4).
2026-08-12 21:53:26,391 - WARNING - No post containers found via [data-ad-rendering-role="story_message"]. Either the feed hasn't rendered yet, or Facebook's DOM structure changed and selectors need updating.
2026-08-12 21:53:27,165 - WARNING - No post containers found via [data-ad-rendering-role="story_message"]. Either the feed hasn't rendered yet, or Facebook's DOM structure changed and selectors need updating.
2026-08-12 21:53:27,940 - WARNING - No post containers found via [data-ad-rendering-role="story_message"]. Either the feed hasn't rendered yet, or Facebook's DOM structure changed and selectors need updating.
2026-08-12 21:53:28,720 - WARNING - No post containers found via [data-ad-rendering-role="story_message"]. Either the feed hasn't rendered yet, or Facebook's DOM structure changed and selectors need updating.
2026-08-12 21:53:29,723 - WARNING - No post containers found via [data-ad-rendering-role="story_message"]. Either the feed hasn't rendered yet, or Facebook's DOM structure changed and selectors need updating.
2026-08-12 21:53:30,500 - WARNING - No post containers found via [data-ad-rendering-role="story_message"]. Either the feed hasn't rendered yet, or Facebook's DOM structure changed and selectors need updating.
2026-08-12 21:53:31,269 - WARNING - No post containers found via [data-ad-rendering-role="story_message"]. Either the feed hasn't rendered yet, or Facebook's DOM structure changed and selectors need updating.
2026-08-12 21:53:32,271 - WARNING - No post containers found via [data-ad-rendering-role="story_message"]. Either the feed hasn't rendered yet, or Facebook's DOM structure changed and selectors need updating.
2026-08-12 21:53:33,070 - WARNING - No post containers found via [data-ad-rendering-role="story_message"]. Either the feed hasn't rendered yet, or Facebook's DOM structure changed and selectors need updating.
2026-08-12 21:53:33,869 - WARNING - No post containers found via [data-ad-rendering-role="story_message"]. Either the feed hasn't rendered yet, or Facebook's DOM structure changed and selectors need updating.
2026-08-12 21:53:34,637 - WARNING - No post containers found via [data-ad-rendering-role="story_message"]. Either the feed hasn't rendered yet, or Facebook's DOM structure changed and selectors need updating.
2026-08-12 21:53:35,451 - WARNING - No post containers found via [data-ad-rendering-role="story_message"]. Either the feed hasn't rendered yet, or Facebook's DOM structure changed and selectors need updating.
2026-08-12 21:53:36,253 - WARNING - No post containers found via [data-ad-rendering-role="story_message"]. Either the feed hasn't rendered yet, or Facebook's DOM structure changed and selectors need updating.
2026-08-12 21:53:37,034 - WARNING - No post containers found via [data-ad-rendering-role="story_message"]. Either the feed hasn't rendered yet, or Facebook's DOM structure changed and selectors need updating.
2026-08-12 21:53:38,120 - WARNING - No post containers found via [data-ad-rendering-role="story_message"]. Either the feed hasn't rendered yet, or Facebook's DOM structure changed and selectors need updating.
2026-08-12 21:53:38,946 - WARNING - No post containers found via [data-ad-rendering-role="story_message"]. Either the feed hasn't rendered yet, or Facebook's DOM structure changed and selectors need updating.
2026-08-12 21:53:39,736 - WARNING - No post containers found via [data-ad-rendering-role="story_message"]. Either the feed hasn't rendered yet, or Facebook's DOM structure changed and selectors need updating.
2026-08-12 21:53:40,507 - WARNING - No post containers found via [data-ad-rendering-role="story_message"]. Either the feed hasn't rendered yet, or Facebook's DOM structure changed and selectors need updating.
2026-08-12 21:53:41,277 - WARNING - No post containers found via [data-ad-rendering-role="story_message"]. Either the feed hasn't rendered yet, or Facebook's DOM structure changed and selectors need updating.
2026-08-12 21:53:42,046 - WARNING - No post containers found via [data-ad-rendering-role="story_message"]. Either the feed hasn't rendered yet, or Facebook's DOM structure changed and selectors need updating.
2026-08-12 21:53:42,799 - WARNING - No post content rendered after 15.0s of waiting (only loading skeletons or empty containers were present) -- Facebook may be loading slowly or this feed may be empty.
2026-08-12 21:53:42,799 - INFO - Ran out of loaded posts; scrolling for more (attempt 2/4).
2026-08-12 21:53:47,146 - INFO - Ran out of loaded posts; scrolling for more (attempt 1/4).
2026-08-12 21:53:49,967 - INFO - Ran out of loaded posts; scrolling for more (attempt 2/4).
2026-08-12 21:53:52,711 - INFO - Ran out of loaded posts; scrolling for more (attempt 3/4).
2026-08-12 21:53:55,695 - INFO - Ran out of loaded posts; scrolling for more (attempt 4/4).
2026-08-12 21:53:58,436 - INFO - No further unprocessed posts available after 4 scroll attempts; treating this group as fully scanned.
2026-08-12 21:53:58,436 - INFO - [1/31] I Need a Editor -- processed 1, qualifying 0, old 0, dup 1, invalid 0, ts-unparseable 0, not-qualifying 0
2026-08-12 21:53:58,440 - INFO - [2/31] Visiting group: VIDEO EDITORS for TIKTOK YOUTUBE & INSTAGRAM (https://www.facebook.com/share/g/1SZ9Bs6Dn1/)
2026-08-12 21:54:04,782 - INFO - Current page detected: https://www.facebook.com/groups/1535727757545719/?rdid=58OZInX8KLUec6ql&share_url=https%3A%2F%2Fwww.facebook.com%2Fshare%2Fg%2F1SZ9Bs6Dn1%2F#
2026-08-12 21:54:20,503 - WARNING - No post content rendered after 15.0s of waiting (only loading skeletons or empty containers were present) -- Facebook may be loading slowly or this feed may be empty.
2026-08-12 21:54:20,503 - WARNING - [2/31] No post content rendered (likely needs joining or is inaccessible); skipping without joining: https://www.facebook.com/share/g/1SZ9Bs6Dn1/
2026-08-12 21:54:20,503 - INFO - [3/31] Visiting group: Looking For Video Editor UK (https://www.facebook.com/share/g/1EN1BBuUB8/)
2026-08-12 21:54:26,473 - INFO - Current page detected: https://www.facebook.com/groups/470532055541674/?rdid=hWpdJpNr5D5cKLxT&share_url=https%3A%2F%2Fwww.facebook.com%2Fshare%2Fg%2F1EN1BBuUB8%2F#
2026-08-12 21:54:38,831 - INFO - Finished scrolling (6 rounds) to load additional posts.
2026-08-12 21:55:32,030 - WARNING - The Chrome window appears MINIMIZED or hidden (document.visibilityState is not 'visible'). Chrome throttles hidden pages, so Facebook will not render or paginate group feeds and this run will find few or no posts. Please leave the debug Chrome window open and NOT minimized while the scraper runs.
2026-08-12 21:55:33,698 - INFO - Reached the cap of 20 new lead(s) for this run; stopping immediately.
2026-08-12 21:55:33,732 - WARNING - The Chrome window appears MINIMIZED or hidden (document.visibilityState is not 'visible'). Chrome throttles hidden pages, so Facebook will not render or paginate group feeds and this run will find few or no posts. Please leave the debug Chrome window open and NOT minimized while the scraper runs.
2026-08-12 21:55:35,240 - WARNING - The Chrome window appears MINIMIZED or hidden (document.visibilityState is not 'visible'). Chrome throttles hidden pages, so Facebook will not render or paginate group feeds and this run will find few or no posts. Please leave the debug Chrome window open and NOT minimized while the scraper runs.
2026-08-12 21:55:36,743 - INFO - Skipping post (not a clear remote/freelance video-editing lead) [intent classified as 'seller', not 'buyer']: https://www.facebook.com/groups/999/posts/1100 | text: 'I am a video editor, available for hire, DM me.'
2026-08-12 21:55:36,745 - INFO - Skipping post (not a clear remote/freelance video-editing lead) [intent classified as 'seller', not 'buyer']: https://www.facebook.com/groups/999/posts/1101 | text: 'I am a video editor, available for hire, DM me.'
2026-08-12 21:55:36,749 - INFO - Skipping post (not a clear remote/freelance video-editing lead) [intent classified as 'seller', not 'buyer']: https://www.facebook.com/groups/999/posts/1102 | text: 'I am a video editor, available for hire, DM me.'
2026-08-12 21:55:36,754 - WARNING - The Chrome window appears MINIMIZED or hidden (document.visibilityState is not 'visible'). Chrome throttles hidden pages, so Facebook will not render or paginate group feeds and this run will find few or no posts. Please leave the debug Chrome window open and NOT minimized while the scraper runs.
2026-08-12 21:55:38,263 - WARNING - The Chrome window appears MINIMIZED or hidden (document.visibilityState is not 'visible'). Chrome throttles hidden pages, so Facebook will not render or paginate group feeds and this run will find few or no posts. Please leave the debug Chrome window open and NOT minimized while the scraper runs.
2026-08-12 21:55:39,783 - WARNING - The Chrome window appears MINIMIZED or hidden (document.visibilityState is not 'visible'). Chrome throttles hidden pages, so Facebook will not render or paginate group feeds and this run will find few or no posts. Please leave the debug Chrome window open and NOT minimized while the scraper runs.
2026-08-12 21:55:41,286 - INFO - Hit 8 consecutive posts older than the 2-day window; treating this group's recent history as fully covered and stopping.
2026-08-12 21:55:41,299 - WARNING - The Chrome window appears MINIMIZED or hidden (document.visibilityState is not 'visible'). Chrome throttles hidden pages, so Facebook will not render or paginate group feeds and this run will find few or no posts. Please leave the debug Chrome window open and NOT minimized while the scraper runs.
2026-08-12 21:55:42,802 - INFO - Ran out of loaded posts; scrolling for more (attempt 1/4).
2026-08-12 21:55:42,802 - INFO - Ran out of loaded posts; scrolling for more (attempt 2/4).
2026-08-12 21:55:42,802 - INFO - Ran out of loaded posts; scrolling for more (attempt 1/4).
2026-08-12 21:55:42,802 - INFO - Ran out of loaded posts; scrolling for more (attempt 2/4).
2026-08-12 21:55:42,802 - INFO - Ran out of loaded posts; scrolling for more (attempt 3/4).
2026-08-12 21:55:42,802 - INFO - Ran out of loaded posts; scrolling for more (attempt 4/4).
2026-08-12 21:55:42,802 - INFO - No further unprocessed posts available after 4 scroll attempts; treating this group as fully scanned.
2026-08-12 21:55:42,810 - WARNING - The Chrome window appears MINIMIZED or hidden (document.visibilityState is not 'visible'). Chrome throttles hidden pages, so Facebook will not render or paginate group feeds and this run will find few or no posts. Please leave the debug Chrome window open and NOT minimized while the scraper runs.
2026-08-12 21:55:44,318 - INFO - Ran out of loaded posts; scrolling for more (attempt 1/4).
2026-08-12 21:55:46,321 - INFO - Ran out of loaded posts; scrolling for more (attempt 2/4).
2026-08-12 21:55:48,321 - INFO - Ran out of loaded posts; scrolling for more (attempt 3/4).
2026-08-12 21:56:00,327 - INFO - Finished scrolling (6 rounds) to load additional posts.
2026-08-12 21:56:00,329 - INFO - Ran out of loaded posts; scrolling for more (attempt 4/4).
2026-08-12 21:56:12,332 - INFO - Finished scrolling (6 rounds) to load additional posts.
2026-08-12 21:56:12,332 - INFO - No further unprocessed posts available after 4 scroll attempts; treating this group as fully scanned.
2026-08-12 21:56:29,260 - INFO - Current page detected: https://www.facebook.com/groups/ineedavideoeditor/?rdid=4Zlu2F1RdxtMqrSv&share_url=https%3A%2F%2Fwww.facebook.com%2Fshare%2Fg%2F1YpD7y4noQ%2F#
2026-08-12 21:56:32,860 - INFO - Ran out of loaded posts; scrolling for more (attempt 1/4).
2026-08-12 21:56:34,936 - WARNING - No post containers found via [data-ad-rendering-role="story_message"]. Either the feed hasn't rendered yet, or Facebook's DOM structure changed and selectors need updating.
2026-08-12 21:56:35,743 - WARNING - No post containers found via [data-ad-rendering-role="story_message"]. Either the feed hasn't rendered yet, or Facebook's DOM structure changed and selectors need updating.
2026-08-12 21:56:36,641 - WARNING - No post containers found via [data-ad-rendering-role="story_message"]. Either the feed hasn't rendered yet, or Facebook's DOM structure changed and selectors need updating.
2026-08-12 21:56:37,431 - WARNING - No post containers found via [data-ad-rendering-role="story_message"]. Either the feed hasn't rendered yet, or Facebook's DOM structure changed and selectors need updating.
2026-08-12 21:56:38,248 - WARNING - No post containers found via [data-ad-rendering-role="story_message"]. Either the feed hasn't rendered yet, or Facebook's DOM structure changed and selectors need updating.
2026-08-12 21:56:39,016 - WARNING - No post containers found via [data-ad-rendering-role="story_message"]. Either the feed hasn't rendered yet, or Facebook's DOM structure changed and selectors need updating.
2026-08-12 21:56:40,323 - WARNING - No post containers found via [data-ad-rendering-role="story_message"]. Either the feed hasn't rendered yet, or Facebook's DOM structure changed and selectors need updating.
2026-08-12 21:56:41,365 - WARNING - No post containers found via [data-ad-rendering-role="story_message"]. Either the feed hasn't rendered yet, or Facebook's DOM structure changed and selectors need updating.
2026-08-12 21:56:42,130 - WARNING - No post containers found via [data-ad-rendering-role="story_message"]. Either the feed hasn't rendered yet, or Facebook's DOM structure changed and selectors need updating.
2026-08-12 21:56:43,341 - WARNING - No post containers found via [data-ad-rendering-role="story_message"]. Either the feed hasn't rendered yet, or Facebook's DOM structure changed and selectors need updating.
2026-08-12 21:56:44,129 - WARNING - No post containers found via [data-ad-rendering-role="story_message"]. Either the feed hasn't rendered yet, or Facebook's DOM structure changed and selectors need updating.
2026-08-12 21:56:44,893 - WARNING - No post containers found via [data-ad-rendering-role="story_message"]. Either the feed hasn't rendered yet, or Facebook's DOM structure changed and selectors need updating.
2026-08-12 21:56:46,097 - WARNING - No post containers found via [data-ad-rendering-role="story_message"]. Either the feed hasn't rendered yet, or Facebook's DOM structure changed and selectors need updating.
2026-08-12 21:56:46,865 - WARNING - No post containers found via [data-ad-rendering-role="story_message"]. Either the feed hasn't rendered yet, or Facebook's DOM structure changed and selectors need updating.
2026-08-12 21:56:47,628 - WARNING - No post containers found via [data-ad-rendering-role="story_message"]. Either the feed hasn't rendered yet, or Facebook's DOM structure changed and selectors need updating.
2026-08-12 21:56:48,557 - WARNING - No post containers found via [data-ad-rendering-role="story_message"]. Either the feed hasn't rendered yet, or Facebook's DOM structure changed and selectors need updating.
2026-08-12 21:56:49,384 - WARNING - No post containers found via [data-ad-rendering-role="story_message"]. Either the feed hasn't rendered yet, or Facebook's DOM structure changed and selectors need updating.
2026-08-12 21:56:50,218 - WARNING - No post containers found via [data-ad-rendering-role="story_message"]. Either the feed hasn't rendered yet, or Facebook's DOM structure changed and selectors need updating.
2026-08-12 21:56:50,983 - WARNING - No post containers found via [data-ad-rendering-role="story_message"]. Either the feed hasn't rendered yet, or Facebook's DOM structure changed and selectors need updating.
2026-08-12 21:56:51,794 - WARNING - No post containers found via [data-ad-rendering-role="story_message"]. Either the feed hasn't rendered yet, or Facebook's DOM structure changed and selectors need updating.
2026-08-12 21:56:52,545 - WARNING - No post content rendered after 15.0s of waiting (only loading skeletons or empty containers were present) -- Facebook may be loading slowly or this feed may be empty.
2026-08-12 21:56:52,545 - INFO - Ran out of loaded posts; scrolling for more (attempt 2/4).
2026-08-12 21:56:54,754 - WARNING - No post containers found via [data-ad-rendering-role="story_message"]. Either the feed hasn't rendered yet, or Facebook's DOM structure changed and selectors need updating.
2026-08-12 21:56:55,519 - WARNING - No post containers found via [data-ad-rendering-role="story_message"]. Either the feed hasn't rendered yet, or Facebook's DOM structure changed and selectors need updating.
2026-08-12 21:56:56,286 - WARNING - No post containers found via [data-ad-rendering-role="story_message"]. Either the feed hasn't rendered yet, or Facebook's DOM structure changed and selectors need updating.
2026-08-12 21:56:57,048 - WARNING - No post containers found via [data-ad-rendering-role="story_message"]. Either the feed hasn't rendered yet, or Facebook's DOM structure changed and selectors need updating.
2026-08-12 21:56:57,938 - WARNING - No post containers found via [data-ad-rendering-role="story_message"]. Either the feed hasn't rendered yet, or Facebook's DOM structure changed and selectors need updating.
2026-08-12 21:56:58,706 - WARNING - No post containers found via [data-ad-rendering-role="story_message"]. Either the feed hasn't rendered yet, or Facebook's DOM structure changed and selectors need updating.
2026-08-12 21:56:59,467 - WARNING - No post containers found via [data-ad-rendering-role="story_message"]. Either the feed hasn't rendered yet, or Facebook's DOM structure changed and selectors need updating.
2026-08-12 21:57:00,228 - WARNING - No post containers found via [data-ad-rendering-role="story_message"]. Either the feed hasn't rendered yet, or Facebook's DOM structure changed and selectors need updating.
2026-08-12 21:57:01,003 - WARNING - No post containers found via [data-ad-rendering-role="story_message"]. Either the feed hasn't rendered yet, or Facebook's DOM structure changed and selectors need updating.
2026-08-12 21:57:01,777 - WARNING - No post containers found via [data-ad-rendering-role="story_message"]. Either the feed hasn't rendered yet, or Facebook's DOM structure changed and selectors need updating.
2026-08-12 21:57:02,696 - WARNING - No post containers found via [data-ad-rendering-role="story_message"]. Either the feed hasn't rendered yet, or Facebook's DOM structure changed and selectors need updating.
2026-08-12 21:57:03,908 - WARNING - No post containers found via [data-ad-rendering-role="story_message"]. Either the feed hasn't rendered yet, or Facebook's DOM structure changed and selectors need updating.
2026-08-12 21:57:04,675 - WARNING - No post containers found via [data-ad-rendering-role="story_message"]. Either the feed hasn't rendered yet, or Facebook's DOM structure changed and selectors need updating.
2026-08-12 21:57:05,439 - WARNING - No post containers found via [data-ad-rendering-role="story_message"]. Either the feed hasn't rendered yet, or Facebook's DOM structure changed and selectors need updating.
2026-08-12 21:57:06,203 - WARNING - No post containers found via [data-ad-rendering-role="story_message"]. Either the feed hasn't rendered yet, or Facebook's DOM structure changed and selectors need updating.
2026-08-12 21:57:06,969 - WARNING - No post containers found via [data-ad-rendering-role="story_message"]. Either the feed hasn't rendered yet, or Facebook's DOM structure changed and selectors need updating.
2026-08-12 21:57:07,736 - WARNING - No post containers found via [data-ad-rendering-role="story_message"]. Either the feed hasn't rendered yet, or Facebook's DOM structure changed and selectors need updating.
2026-08-12 21:57:08,502 - WARNING - No post containers found via [data-ad-rendering-role="story_message"]. Either the feed hasn't rendered yet, or Facebook's DOM structure changed and selectors need updating.
2026-08-12 21:57:09,260 - WARNING - No post containers found via [data-ad-rendering-role="story_message"]. Either the feed hasn't rendered yet, or Facebook's DOM structure changed and selectors need updating.
2026-08-12 21:57:10,036 - WARNING - No post containers found via [data-ad-rendering-role="story_message"]. Either the feed hasn't rendered yet, or Facebook's DOM structure changed and selectors need updating.
2026-08-12 21:57:10,788 - WARNING - No post content rendered after 15.0s of waiting (only loading skeletons or empty containers were present) -- Facebook may be loading slowly or this feed may be empty.
2026-08-12 21:57:10,788 - INFO - Ran out of loaded posts; scrolling for more (attempt 3/4).
2026-08-12 21:57:22,920 - INFO - Finished scrolling (6 rounds) to load additional posts.
2026-08-12 21:57:24,317 - INFO - Ran out of loaded posts; scrolling for more (attempt 4/4).
2026-08-12 21:58:20,099 - WARNING - The Chrome window appears MINIMIZED or hidden (document.visibilityState is not 'visible'). Chrome throttles hidden pages, so Facebook will not render or paginate group feeds and this run will find few or no posts. Please leave the debug Chrome window open and NOT minimized while the scraper runs.
2026-08-12 21:58:21,684 - INFO - Reached the cap of 20 new lead(s) for this run; stopping immediately.
2026-08-12 21:58:21,697 - WARNING - The Chrome window appears MINIMIZED or hidden (document.visibilityState is not 'visible'). Chrome throttles hidden pages, so Facebook will not render or paginate group feeds and this run will find few or no posts. Please leave the debug Chrome window open and NOT minimized while the scraper runs.
2026-08-12 21:58:23,204 - WARNING - The Chrome window appears MINIMIZED or hidden (document.visibilityState is not 'visible'). Chrome throttles hidden pages, so Facebook will not render or paginate group feeds and this run will find few or no posts. Please leave the debug Chrome window open and NOT minimized while the scraper runs.
2026-08-12 21:58:24,706 - INFO - Skipping post (not a clear remote/freelance video-editing lead) [intent classified as 'seller', not 'buyer']: https://www.facebook.com/groups/999/posts/1100 | text: 'I am a video editor, available for hire, DM me.'
2026-08-12 21:58:24,708 - INFO - Skipping post (not a clear remote/freelance video-editing lead) [intent classified as 'seller', not 'buyer']: https://www.facebook.com/groups/999/posts/1101 | text: 'I am a video editor, available for hire, DM me.'
2026-08-12 21:58:24,710 - INFO - Skipping post (not a clear remote/freelance video-editing lead) [intent classified as 'seller', not 'buyer']: https://www.facebook.com/groups/999/posts/1102 | text: 'I am a video editor, available for hire, DM me.'
2026-08-12 21:58:24,754 - WARNING - The Chrome window appears MINIMIZED or hidden (document.visibilityState is not 'visible'). Chrome throttles hidden pages, so Facebook will not render or paginate group feeds and this run will find few or no posts. Please leave the debug Chrome window open and NOT minimized while the scraper runs.
2026-08-12 21:58:26,264 - WARNING - The Chrome window appears MINIMIZED or hidden (document.visibilityState is not 'visible'). Chrome throttles hidden pages, so Facebook will not render or paginate group feeds and this run will find few or no posts. Please leave the debug Chrome window open and NOT minimized while the scraper runs.
2026-08-12 21:58:27,802 - WARNING - The Chrome window appears MINIMIZED or hidden (document.visibilityState is not 'visible'). Chrome throttles hidden pages, so Facebook will not render or paginate group feeds and this run will find few or no posts. Please leave the debug Chrome window open and NOT minimized while the scraper runs.
2026-08-12 21:58:29,304 - INFO - Hit 8 consecutive posts older than the 2-day window; treating this group's recent history as fully covered and stopping.
2026-08-12 21:58:29,309 - WARNING - The Chrome window appears MINIMIZED or hidden (document.visibilityState is not 'visible'). Chrome throttles hidden pages, so Facebook will not render or paginate group feeds and this run will find few or no posts. Please leave the debug Chrome window open and NOT minimized while the scraper runs.
2026-08-12 21:58:30,812 - INFO - Ran out of loaded posts; scrolling for more (attempt 1/4).
2026-08-12 21:58:30,814 - INFO - Ran out of loaded posts; scrolling for more (attempt 2/4).
2026-08-12 21:58:30,814 - INFO - Ran out of loaded posts; scrolling for more (attempt 1/4).
2026-08-12 21:58:30,814 - INFO - Ran out of loaded posts; scrolling for more (attempt 2/4).
2026-08-12 21:58:30,814 - INFO - Ran out of loaded posts; scrolling for more (attempt 3/4).
2026-08-12 21:58:30,814 - INFO - Ran out of loaded posts; scrolling for more (attempt 4/4).
2026-08-12 21:58:30,814 - INFO - No further unprocessed posts available after 4 scroll attempts; treating this group as fully scanned.
2026-08-12 21:58:30,835 - WARNING - The Chrome window appears MINIMIZED or hidden (document.visibilityState is not 'visible'). Chrome throttles hidden pages, so Facebook will not render or paginate group feeds and this run will find few or no posts. Please leave the debug Chrome window open and NOT minimized while the scraper runs.
2026-08-12 21:58:32,340 - INFO - Ran out of loaded posts; scrolling for more (attempt 1/4).
2026-08-12 21:58:34,341 - INFO - Ran out of loaded posts; scrolling for more (attempt 2/4).
2026-08-12 21:58:36,342 - INFO - Ran out of loaded posts; scrolling for more (attempt 3/4).
2026-08-12 21:58:48,346 - INFO - Finished scrolling (6 rounds) to load additional posts.
2026-08-12 21:58:48,346 - INFO - Ran out of loaded posts; scrolling for more (attempt 4/4).
2026-08-12 21:59:32,248 - WARNING - The Chrome window appears MINIMIZED or hidden (document.visibilityState is not 'visible'). Chrome throttles hidden pages, so Facebook will not render or paginate group feeds and this run will find few or no posts. Please leave the debug Chrome window open and NOT minimized while the scraper runs.
2026-08-12 21:59:33,782 - INFO - Reached the cap of 20 new lead(s) for this run; stopping immediately.
2026-08-12 21:59:33,782 - WARNING - The Chrome window appears MINIMIZED or hidden (document.visibilityState is not 'visible'). Chrome throttles hidden pages, so Facebook will not render or paginate group feeds and this run will find few or no posts. Please leave the debug Chrome window open and NOT minimized while the scraper runs.
2026-08-12 21:59:35,299 - WARNING - The Chrome window appears MINIMIZED or hidden (document.visibilityState is not 'visible'). Chrome throttles hidden pages, so Facebook will not render or paginate group feeds and this run will find few or no posts. Please leave the debug Chrome window open and NOT minimized while the scraper runs.
2026-08-12 21:59:36,802 - INFO - Skipping post (not a clear remote/freelance video-editing lead) [intent classified as 'seller', not 'buyer']: https://www.facebook.com/groups/999/posts/1100 | text: 'I am a video editor, available for hire, DM me.'
2026-08-12 21:59:36,804 - INFO - Skipping post (not a clear remote/freelance video-editing lead) [intent classified as 'seller', not 'buyer']: https://www.facebook.com/groups/999/posts/1101 | text: 'I am a video editor, available for hire, DM me.'
2026-08-12 21:59:36,804 - INFO - Skipping post (not a clear remote/freelance video-editing lead) [intent classified as 'seller', not 'buyer']: https://www.facebook.com/groups/999/posts/1102 | text: 'I am a video editor, available for hire, DM me.'
2026-08-12 21:59:36,819 - WARNING - The Chrome window appears MINIMIZED or hidden (document.visibilityState is not 'visible'). Chrome throttles hidden pages, so Facebook will not render or paginate group feeds and this run will find few or no posts. Please leave the debug Chrome window open and NOT minimized while the scraper runs.
2026-08-12 21:59:38,395 - WARNING - The Chrome window appears MINIMIZED or hidden (document.visibilityState is not 'visible'). Chrome throttles hidden pages, so Facebook will not render or paginate group feeds and this run will find few or no posts. Please leave the debug Chrome window open and NOT minimized while the scraper runs.
2026-08-12 21:59:39,907 - WARNING - The Chrome window appears MINIMIZED or hidden (document.visibilityState is not 'visible'). Chrome throttles hidden pages, so Facebook will not render or paginate group feeds and this run will find few or no posts. Please leave the debug Chrome window open and NOT minimized while the scraper runs.
2026-08-12 21:59:41,410 - INFO - Hit 8 consecutive posts older than the 2-day window; treating this group's recent history as fully covered and stopping.
2026-08-12 21:59:41,489 - WARNING - The Chrome window appears MINIMIZED or hidden (document.visibilityState is not 'visible'). Chrome throttles hidden pages, so Facebook will not render or paginate group feeds and this run will find few or no posts. Please leave the debug Chrome window open and NOT minimized while the scraper runs.
2026-08-12 21:59:42,990 - INFO - Ran out of loaded posts; scrolling for more (attempt 1/3).
2026-08-12 21:59:42,990 - INFO - Ran out of loaded posts; scrolling for more (attempt 2/3).
2026-08-12 21:59:42,992 - INFO - Ran out of loaded posts; scrolling for more (attempt 1/3).
2026-08-12 21:59:42,992 - INFO - Ran out of loaded posts; scrolling for more (attempt 2/3).
2026-08-12 21:59:42,992 - INFO - Ran out of loaded posts; scrolling for more (attempt 3/3).
2026-08-12 21:59:42,992 - INFO - No further unprocessed posts available after 3 scroll attempts; treating this group as fully scanned.
2026-08-12 21:59:42,997 - WARNING - The Chrome window appears MINIMIZED or hidden (document.visibilityState is not 'visible'). Chrome throttles hidden pages, so Facebook will not render or paginate group feeds and this run will find few or no posts. Please leave the debug Chrome window open and NOT minimized while the scraper runs.
2026-08-12 21:59:44,499 - INFO - Ran out of loaded posts; scrolling for more (attempt 1/3).
2026-08-12 21:59:45,500 - INFO - Ran out of loaded posts; scrolling for more (attempt 2/3).
2026-08-12 21:59:46,502 - INFO - Ran out of loaded posts; scrolling for more (attempt 3/3).
2026-08-12 21:59:49,504 - INFO - Finished scrolling (3 rounds) to load additional posts.
2026-08-12 21:59:49,504 - INFO - No further unprocessed posts available after 3 scroll attempts; treating this group as fully scanned.
2026-08-12 22:00:02,973 - INFO - Daily multi-group scrape started.
2026-08-12 22:00:02,976 - INFO - Daily lead quota: 0/20 used today.
2026-08-12 22:00:04,509 - INFO - [1/31] Visiting group: I Need a Editor (https://www.facebook.com/share/g/1YpD7y4noQ/)
2026-08-12 22:00:09,965 - WARNING - The Chrome window appears MINIMIZED or hidden (document.visibilityState is not 'visible'). Chrome throttles hidden pages, so Facebook will not render or paginate group feeds and this run will find few or no posts. Please leave the debug Chrome window open and NOT minimized while the scraper runs.
2026-08-12 22:00:13,922 - INFO - Current page detected: https://www.facebook.com/groups/ineedavideoeditor/?rdid=UEsDTurKVf17ewhy&share_url=https%3A%2F%2Fwww.facebook.com%2Fshare%2Fg%2F1YpD7y4noQ%2F#
2026-08-12 22:00:18,758 - INFO - Ran out of loaded posts; scrolling for more (attempt 1/3).
2026-08-12 22:00:22,129 - WARNING - No post content rendered after 1.6s of waiting (only loading skeletons or empty containers were present) -- Facebook may be loading slowly or this feed may be empty.
2026-08-12 22:00:22,129 - INFO - Ran out of loaded posts; scrolling for more (attempt 2/3).
2026-08-12 22:00:25,045 - WARNING - No post content rendered after 1.6s of waiting (only loading skeletons or empty containers were present) -- Facebook may be loading slowly or this feed may be empty.
2026-08-12 22:00:25,045 - INFO - Ran out of loaded posts; scrolling for more (attempt 3/3).
2026-08-12 22:00:28,082 - INFO - Finished scrolling (3 rounds) to load additional posts.
2026-08-12 22:00:29,869 - WARNING - No post content rendered after 1.6s of waiting (only loading skeletons or empty containers were present) -- Facebook may be loading slowly or this feed may be empty.
2026-08-12 22:00:29,870 - INFO - No further unprocessed posts available after 3 scroll attempts; treating this group as fully scanned.
2026-08-12 22:00:29,871 - INFO - [1/31] I Need a Editor -- processed 1, qualifying 0, old 0, dup 1, invalid 0, ts-unparseable 0, not-qualifying 0
2026-08-12 22:00:29,872 - INFO - [2/31] Visiting group: VIDEO EDITORS for TIKTOK YOUTUBE & INSTAGRAM (https://www.facebook.com/share/g/1SZ9Bs6Dn1/)
2026-08-12 22:00:34,894 - INFO - Current page detected: https://www.facebook.com/groups/1535727757545719/?rdid=Do3Fk5LhmNClsa5Z&share_url=https%3A%2F%2Fwww.facebook.com%2Fshare%2Fg%2F1SZ9Bs6Dn1%2F#
2026-08-12 22:00:36,617 - WARNING - No post content rendered after 1.6s of waiting (only loading skeletons or empty containers were present) -- Facebook may be loading slowly or this feed may be empty.
2026-08-12 22:00:36,617 - WARNING - [2/31] No post content rendered (likely needs joining or is inaccessible); skipping without joining: https://www.facebook.com/share/g/1SZ9Bs6Dn1/
2026-08-12 22:00:36,618 - INFO - [3/31] Visiting group: Looking For Video Editor UK (https://www.facebook.com/share/g/1EN1BBuUB8/)
2026-08-12 22:00:42,205 - INFO - Current page detected: https://www.facebook.com/groups/470532055541674/?rdid=ZybSzxodcFvBOnmv&share_url=https%3A%2F%2Fwww.facebook.com%2Fshare%2Fg%2F1EN1BBuUB8%2F#
2026-08-12 22:00:44,790 - INFO - Skipping post (not a clear remote/freelance video-editing lead) [intent classified as 'unknown', not 'buyer']: https://www.facebook.com/groups/470532055541674/posts/1088738040387736 | text: "I'm a Video editor any one need video editor in low Budget WhatsApp 03353552208"
2026-08-12 22:00:45,155 - INFO - Ran out of loaded posts; scrolling for more (attempt 1/3).
2026-08-12 22:00:48,007 - WARNING - No post content rendered after 1.6s of waiting (only loading skeletons or empty containers were present) -- Facebook may be loading slowly or this feed may be empty.
2026-08-12 22:00:48,007 - INFO - Ran out of loaded posts; scrolling for more (attempt 2/3).
2026-08-12 22:00:50,779 - WARNING - No post content rendered after 1.6s of waiting (only loading skeletons or empty containers were present) -- Facebook may be loading slowly or this feed may be empty.
2026-08-12 22:00:50,779 - INFO - Ran out of loaded posts; scrolling for more (attempt 3/3).
2026-08-12 22:00:53,852 - INFO - Finished scrolling (3 rounds) to load additional posts.
2026-08-12 22:00:55,601 - WARNING - No post content rendered after 1.6s of waiting (only loading skeletons or empty containers were present) -- Facebook may be loading slowly or this feed may be empty.
2026-08-12 22:00:55,601 - INFO - No further unprocessed posts available after 3 scroll attempts; treating this group as fully scanned.
2026-08-12 22:00:55,602 - INFO - [3/31] Looking For Video Editor UK -- processed 1, qualifying 0, old 0, dup 0, invalid 0, ts-unparseable 0, not-qualifying 1
2026-08-12 22:00:55,602 - INFO - [4/31] Visiting group: Professional Video Editors (https://www.facebook.com/share/g/17sYQhzdR4/)
2026-08-12 22:01:06,894 - WARNING - The Chrome window appears MINIMIZED or hidden (document.visibilityState is not 'visible'). Chrome throttles hidden pages, so Facebook will not render or paginate group feeds and this run will find few or no posts. Please leave the debug Chrome window open and NOT minimized while the scraper runs.
2026-08-12 22:01:08,428 - INFO - Reached the cap of 20 new lead(s) for this run; stopping immediately.
2026-08-12 22:01:08,435 - WARNING - The Chrome window appears MINIMIZED or hidden (document.visibilityState is not 'visible'). Chrome throttles hidden pages, so Facebook will not render or paginate group feeds and this run will find few or no posts. Please leave the debug Chrome window open and NOT minimized while the scraper runs.
2026-08-12 22:01:09,937 - WARNING - The Chrome window appears MINIMIZED or hidden (document.visibilityState is not 'visible'). Chrome throttles hidden pages, so Facebook will not render or paginate group feeds and this run will find few or no posts. Please leave the debug Chrome window open and NOT minimized while the scraper runs.
2026-08-12 22:01:11,445 - INFO - Skipping post (not a clear remote/freelance video-editing lead) [intent classified as 'seller', not 'buyer']: https://www.facebook.com/groups/999/posts/1100 | text: 'I am a video editor, available for hire, DM me.'
2026-08-12 22:01:11,447 - INFO - Skipping post (not a clear remote/freelance video-editing lead) [intent classified as 'seller', not 'buyer']: https://www.facebook.com/groups/999/posts/1101 | text: 'I am a video editor, available for hire, DM me.'
2026-08-12 22:01:11,447 - INFO - Skipping post (not a clear remote/freelance video-editing lead) [intent classified as 'seller', not 'buyer']: https://www.facebook.com/groups/999/posts/1102 | text: 'I am a video editor, available for hire, DM me.'
2026-08-12 22:01:11,449 - WARNING - The Chrome window appears MINIMIZED or hidden (document.visibilityState is not 'visible'). Chrome throttles hidden pages, so Facebook will not render or paginate group feeds and this run will find few or no posts. Please leave the debug Chrome window open and NOT minimized while the scraper runs.
2026-08-12 22:01:12,960 - WARNING - The Chrome window appears MINIMIZED or hidden (document.visibilityState is not 'visible'). Chrome throttles hidden pages, so Facebook will not render or paginate group feeds and this run will find few or no posts. Please leave the debug Chrome window open and NOT minimized while the scraper runs.
2026-08-12 22:01:14,465 - WARNING - The Chrome window appears MINIMIZED or hidden (document.visibilityState is not 'visible'). Chrome throttles hidden pages, so Facebook will not render or paginate group feeds and this run will find few or no posts. Please leave the debug Chrome window open and NOT minimized while the scraper runs.
2026-08-12 22:01:15,971 - INFO - Hit 8 consecutive posts older than the 2-day window; treating this group's recent history as fully covered and stopping.
2026-08-12 22:01:15,978 - WARNING - The Chrome window appears MINIMIZED or hidden (document.visibilityState is not 'visible'). Chrome throttles hidden pages, so Facebook will not render or paginate group feeds and this run will find few or no posts. Please leave the debug Chrome window open and NOT minimized while the scraper runs.
2026-08-12 22:01:17,480 - INFO - Ran out of loaded posts; scrolling for more (attempt 1/3).
2026-08-12 22:01:17,482 - INFO - Ran out of loaded posts; scrolling for more (attempt 2/3).
2026-08-12 22:01:17,482 - INFO - Ran out of loaded posts; scrolling for more (attempt 1/3).
2026-08-12 22:01:17,482 - INFO - Ran out of loaded posts; scrolling for more (attempt 2/3).
2026-08-12 22:01:17,482 - INFO - Ran out of loaded posts; scrolling for more (attempt 3/3).
2026-08-12 22:01:17,482 - INFO - No further unprocessed posts available after 3 scroll attempts; treating this group as fully scanned.
2026-08-12 22:01:17,489 - WARNING - The Chrome window appears MINIMIZED or hidden (document.visibilityState is not 'visible'). Chrome throttles hidden pages, so Facebook will not render or paginate group feeds and this run will find few or no posts. Please leave the debug Chrome window open and NOT minimized while the scraper runs.
2026-08-12 22:01:18,991 - INFO - Ran out of loaded posts; scrolling for more (attempt 1/3).
2026-08-12 22:01:19,993 - INFO - Ran out of loaded posts; scrolling for more (attempt 2/3).
2026-08-12 22:01:20,994 - INFO - Ran out of loaded posts; scrolling for more (attempt 3/3).
2026-08-12 22:01:23,998 - INFO - Finished scrolling (3 rounds) to load additional posts.
2026-08-12 22:01:23,998 - INFO - No further unprocessed posts available after 3 scroll attempts; treating this group as fully scanned.
2026-08-12 22:01:25,985 - INFO - Daily multi-group scrape started.
2026-08-12 22:01:25,985 - INFO - Daily lead quota: 0/20 used today.
2026-08-12 22:01:27,977 - INFO - [1/31] Visiting group: I Need a Editor (https://www.facebook.com/share/g/1YpD7y4noQ/)
2026-08-12 22:01:33,380 - INFO - Current page detected: https://www.facebook.com/groups/ineedavideoeditor/?rdid=fbTeSqGGjQNreSMb&share_url=https%3A%2F%2Fwww.facebook.com%2Fshare%2Fg%2F1YpD7y4noQ%2F#
2026-08-12 22:01:36,824 - INFO - Ran out of loaded posts; scrolling for more (attempt 1/3).
2026-08-12 22:01:39,039 - INFO - Ran out of loaded posts; scrolling for more (attempt 2/3).
2026-08-12 22:01:44,075 - INFO - Skipping post (not a clear remote/freelance video-editing lead) [intent classified as 'unknown', not 'buyer']: https://www.facebook.com/groups/ineedavideoeditor/posts/2626641464455846 | text: 'LOOKING FOR A GAMING VIDEO EDITOR I’m currently looking for a video editor for gaming content. I need someone who can make engaging gaming edits with good pacing, clean cuts, effects, captions, sound design, etc. See more'
2026-08-12 22:01:46,042 - INFO - Skipping post (not a clear remote/freelance video-editing lead) [intent classified as 'unknown', not 'buyer']: https://www.facebook.com/groups/ineedavideoeditor/posts/2628155904304402 | text: 'HIRING: SHORT-FORM VIDEO EDITOR I’m looking for an experienced Short-Form Video Editor to work with me on a long-term podcast clipping project. The job is to turn long-form podcast episodes into high-retention TikTok, Instagram Reels and YouTube Shorts. WHAT YOU’LL DO Watch long-form podcast episodes and identify the strongest/most viral moments See more'
2026-08-12 22:01:47,201 - INFO - Ran out of loaded posts; scrolling for more (attempt 1/3).
2026-08-12 22:01:48,681 - INFO - Ran out of loaded posts; scrolling for more (attempt 2/3).
2026-08-12 22:01:50,060 - INFO - Ran out of loaded posts; scrolling for more (attempt 3/3).
2026-08-12 22:01:53,108 - INFO - Finished scrolling (3 rounds) to load additional posts.
2026-08-12 22:01:55,703 - INFO - Ran out of loaded posts; scrolling for more (attempt 1/3).
2026-08-12 22:01:57,175 - INFO - Ran out of loaded posts; scrolling for more (attempt 2/3).
2026-08-12 22:01:58,593 - INFO - Ran out of loaded posts; scrolling for more (attempt 3/3).
2026-08-12 22:02:01,641 - INFO - Finished scrolling (3 rounds) to load additional posts.
2026-08-12 22:02:02,969 - INFO - Skipping post (not a clear remote/freelance video-editing lead) [intent classified as 'unknown', not 'buyer']: https://www.facebook.com/groups/ineedavideoeditor/posts/2626687171117942 | text: 'Looking for a Long-Term Video Editor for a Police Bodycam Channel (1 Video/Week + Room to Scale)  Hey everyone! I’m launching a new YouTube channel in the police bodycam/True Crime niche. I am looking for a talented and reliable editor to join the team long-term. We are starting with 1 high-quality video per week, with plans to scale up volume in the future.… See more'
2026-08-12 22:02:04,050 - INFO - Ran out of loaded posts; scrolling for more (attempt 1/3).
2026-08-12 22:02:05,767 - INFO - Ran out of loaded posts; scrolling for more (attempt 2/3).
2026-08-12 22:02:07,574 - INFO - Ran out of loaded posts; scrolling for more (attempt 3/3).
2026-08-12 22:02:10,621 - INFO - Finished scrolling (3 rounds) to load additional posts.
2026-08-12 22:02:12,105 - INFO - Skipping post (not a clear remote/freelance video-editing lead) [intent classified as 'unknown', not 'buyer']: https://www.facebook.com/groups/ineedavideoeditor/posts/2628161604303832 | text: 'Professional Video Editor Needed – Hockey Niche I’m looking for a professional and experienced video editor who can work on a long-term basis for a hockey-focused YouTube channel. Requirements: • Strong video editing skills See more'
2026-08-12 22:02:13,066 - INFO - Ran out of loaded posts; scrolling for more (attempt 1/3).
2026-08-12 22:02:14,436 - INFO - Ran out of loaded posts; scrolling for more (attempt 2/3).
2026-08-12 22:02:15,813 - INFO - Ran out of loaded posts; scrolling for more (attempt 3/3).
2026-08-12 22:02:18,887 - INFO - Finished scrolling (3 rounds) to load additional posts.
2026-08-12 22:02:21,391 - INFO - Ran out of loaded posts; scrolling for more (attempt 1/3).
2026-08-12 22:02:23,234 - INFO - Ran out of loaded posts; scrolling for more (attempt 2/3).
2026-08-12 22:02:24,912 - INFO - Ran out of loaded posts; scrolling for more (attempt 3/3).
2026-08-12 22:02:27,960 - INFO - Finished scrolling (3 rounds) to load additional posts.
2026-08-12 22:02:29,407 - INFO - Skipping post (not a clear remote/freelance video-editing lead) [intent classified as 'unknown', not 'buyer']: https://www.facebook.com/groups/ineedavideoeditor/posts/2627765427676783 | text: 'ISO a professional Video editor for a kids channel Share ur work related pls.'
2026-08-12 22:02:30,091 - INFO - Ran out of loaded posts; scrolling for more (attempt 1/3).
2026-08-12 22:02:31,473 - INFO - Ran out of loaded posts; scrolling for more (attempt 2/3).
2026-08-12 22:02:32,864 - INFO - Ran out of loaded posts; scrolling for more (attempt 3/3).
2026-08-12 22:02:35,908 - INFO - Finished scrolling (3 rounds) to load additional posts.
2026-08-12 22:02:40,327 - INFO - Ran out of loaded posts; scrolling for more (attempt 1/3).
2026-08-12 22:02:43,765 - INFO - Ran out of loaded posts; scrolling for more (attempt 2/3).
2026-08-12 22:02:47,668 - INFO - Ran out of loaded posts; scrolling for more (attempt 3/3).
2026-08-12 22:02:50,711 - INFO - Finished scrolling (3 rounds) to load additional posts.
2026-08-12 22:02:52,416 - INFO - No further unprocessed posts available after 3 scroll attempts; treating this group as fully scanned.
2026-08-12 22:02:52,418 - INFO - [1/31] I Need a Editor -- processed 3, qualifying 1, old 3, dup 1, invalid 0, ts-unparseable 0, not-qualifying 5
2026-08-12 22:03:06,509 - INFO - Wrote 1 lead(s) from this group. Daily quota now 1/20.
2026-08-12 22:03:06,512 - INFO - [2/31] Visiting group: VIDEO EDITORS for TIKTOK YOUTUBE & INSTAGRAM (https://www.facebook.com/share/g/1SZ9Bs6Dn1/)
2026-08-12 22:03:15,094 - INFO - Current page detected: https://www.facebook.com/groups/1535727757545719/?rdid=tXTmZ5Cx9LhXrWcH&share_url=https%3A%2F%2Fwww.facebook.com%2Fshare%2Fg%2F1SZ9Bs6Dn1%2F#
2026-08-12 22:03:17,286 - WARNING - No post content rendered after 1.6s of waiting (only loading skeletons or empty containers were present) -- Facebook may be loading slowly or this feed may be empty.
2026-08-12 22:03:17,288 - WARNING - [2/31] No post content rendered (likely needs joining or is inaccessible); skipping without joining: https://www.facebook.com/share/g/1SZ9Bs6Dn1/
2026-08-12 22:03:17,289 - INFO - [3/31] Visiting group: Looking For Video Editor UK (https://www.facebook.com/share/g/1EN1BBuUB8/)
2026-08-12 22:03:23,974 - INFO - Current page detected: https://www.facebook.com/groups/470532055541674/?rdid=9u8ppUzBijNhV6HS&share_url=https%3A%2F%2Fwww.facebook.com%2Fshare%2Fg%2F1EN1BBuUB8%2F#
2026-08-12 22:03:27,016 - INFO - Skipping post (not a clear remote/freelance video-editing lead) [intent classified as 'unknown', not 'buyer']: https://www.facebook.com/groups/470532055541674/posts/1088738040387736 | text: "I'm a Video editor any one need video editor in low Budget WhatsApp 03353552208"
2026-08-12 22:03:27,518 - INFO - Ran out of loaded posts; scrolling for more (attempt 1/3).
2026-08-12 22:03:35,599 - INFO - Ran out of loaded posts; scrolling for more (attempt 1/3).
2026-08-12 22:03:41,788 - INFO - Ran out of loaded posts; scrolling for more (attempt 1/3).
2026-08-12 22:03:43,662 - INFO - Ran out of loaded posts; scrolling for more (attempt 2/3).
2026-08-12 22:03:45,651 - INFO - Ran out of loaded posts; scrolling for more (attempt 3/3).
2026-08-12 22:03:48,694 - INFO - Finished scrolling (3 rounds) to load additional posts.
2026-08-12 22:03:49,469 - INFO - No further unprocessed posts available after 3 scroll attempts; treating this group as fully scanned.
2026-08-12 22:03:49,469 - INFO - [3/31] Looking For Video Editor UK -- processed 3, qualifying 0, old 0, dup 0, invalid 3, ts-unparseable 0, not-qualifying 1
2026-08-12 22:03:49,471 - INFO - [4/31] Visiting group: Professional Video Editors (https://www.facebook.com/share/g/17sYQhzdR4/)
2026-08-12 22:03:54,620 - INFO - Current page detected: https://www.facebook.com/groups/310584494121197/?rdid=JuCh4qssZG2cUFzz&share_url=https%3A%2F%2Fwww.facebook.com%2Fshare%2Fg%2F17sYQhzdR4%2F#
2026-08-12 22:03:55,772 - WARNING - The Chrome window appears MINIMIZED or hidden (document.visibilityState is not 'visible'). Chrome throttles hidden pages, so Facebook will not render or paginate group feeds and this run will find few or no posts. Please leave the debug Chrome window open and NOT minimized while the scraper runs.
2026-08-12 22:03:57,361 - INFO - Reached the cap of 20 new lead(s) for this run; stopping immediately.
2026-08-12 22:03:57,369 - WARNING - The Chrome window appears MINIMIZED or hidden (document.visibilityState is not 'visible'). Chrome throttles hidden pages, so Facebook will not render or paginate group feeds and this run will find few or no posts. Please leave the debug Chrome window open and NOT minimized while the scraper runs.
2026-08-12 22:03:58,876 - WARNING - The Chrome window appears MINIMIZED or hidden (document.visibilityState is not 'visible'). Chrome throttles hidden pages, so Facebook will not render or paginate group feeds and this run will find few or no posts. Please leave the debug Chrome window open and NOT minimized while the scraper runs.
2026-08-12 22:04:00,378 - INFO - Skipping post (not a clear remote/freelance video-editing lead) [intent classified as 'seller', not 'buyer']: https://www.facebook.com/groups/999/posts/1100 | text: 'I am a video editor, available for hire, DM me.'
2026-08-12 22:04:00,379 - INFO - Skipping post (not a clear remote/freelance video-editing lead) [intent classified as 'seller', not 'buyer']: https://www.facebook.com/groups/999/posts/1101 | text: 'I am a video editor, available for hire, DM me.'
2026-08-12 22:04:00,383 - INFO - Skipping post (not a clear remote/freelance video-editing lead) [intent classified as 'seller', not 'buyer']: https://www.facebook.com/groups/999/posts/1102 | text: 'I am a video editor, available for hire, DM me.'
2026-08-12 22:04:00,383 - WARNING - The Chrome window appears MINIMIZED or hidden (document.visibilityState is not 'visible'). Chrome throttles hidden pages, so Facebook will not render or paginate group feeds and this run will find few or no posts. Please leave the debug Chrome window open and NOT minimized while the scraper runs.
2026-08-12 22:04:00,572 - INFO - Ran out of loaded posts; scrolling for more (attempt 1/3).
2026-08-12 22:04:01,901 - WARNING - The Chrome window appears MINIMIZED or hidden (document.visibilityState is not 'visible'). Chrome throttles hidden pages, so Facebook will not render or paginate group feeds and this run will find few or no posts. Please leave the debug Chrome window open and NOT minimized while the scraper runs.
2026-08-12 22:04:02,553 - INFO - Ran out of loaded posts; scrolling for more (attempt 2/3).
2026-08-12 22:04:03,413 - WARNING - The Chrome window appears MINIMIZED or hidden (document.visibilityState is not 'visible'). Chrome throttles hidden pages, so Facebook will not render or paginate group feeds and this run will find few or no posts. Please leave the debug Chrome window open and NOT minimized while the scraper runs.
2026-08-12 22:04:04,552 - INFO - Ran out of loaded posts; scrolling for more (attempt 3/3).
2026-08-12 22:04:04,915 - INFO - Hit 8 consecutive posts older than the 2-day window; treating this group's recent history as fully covered and stopping.
2026-08-12 22:04:04,915 - WARNING - The Chrome window appears MINIMIZED or hidden (document.visibilityState is not 'visible'). Chrome throttles hidden pages, so Facebook will not render or paginate group feeds and this run will find few or no posts. Please leave the debug Chrome window open and NOT minimized while the scraper runs.
2026-08-12 22:04:06,423 - INFO - Ran out of loaded posts; scrolling for more (attempt 1/3).
2026-08-12 22:04:06,425 - INFO - Ran out of loaded posts; scrolling for more (attempt 2/3).
2026-08-12 22:04:06,425 - INFO - Ran out of loaded posts; scrolling for more (attempt 1/3).
2026-08-12 22:04:06,427 - INFO - Ran out of loaded posts; scrolling for more (attempt 2/3).
2026-08-12 22:04:06,427 - INFO - Ran out of loaded posts; scrolling for more (attempt 3/3).
2026-08-12 22:04:06,427 - INFO - No further unprocessed posts available after 3 scroll attempts; treating this group as fully scanned.
2026-08-12 22:04:06,435 - WARNING - The Chrome window appears MINIMIZED or hidden (document.visibilityState is not 'visible'). Chrome throttles hidden pages, so Facebook will not render or paginate group feeds and this run will find few or no posts. Please leave the debug Chrome window open and NOT minimized while the scraper runs.
2026-08-12 22:04:07,602 - INFO - Finished scrolling (3 rounds) to load additional posts.
2026-08-12 22:04:07,938 - INFO - Ran out of loaded posts; scrolling for more (attempt 1/3).
2026-08-12 22:04:08,527 - INFO - No further unprocessed posts available after 3 scroll attempts; treating this group as fully scanned.
2026-08-12 22:04:08,530 - INFO - [4/31] Professional Video Editors -- processed 1, qualifying 1, old 0, dup 0, invalid 0, ts-unparseable 0, not-qualifying 0
2026-08-12 22:04:08,940 - INFO - Ran out of loaded posts; scrolling for more (attempt 2/3).
2026-08-12 22:04:09,941 - INFO - Ran out of loaded posts; scrolling for more (attempt 3/3).
2026-08-12 22:04:12,945 - INFO - Finished scrolling (3 rounds) to load additional posts.
2026-08-12 22:04:12,945 - INFO - No further unprocessed posts available after 3 scroll attempts; treating this group as fully scanned.
2026-08-12 22:04:16,384 - INFO - Wrote 1 lead(s) from this group. Daily quota now 2/20.
2026-08-12 22:04:16,384 - INFO - [5/31] Visiting group: Freelance Video Editor Philippines Official (https://www.facebook.com/share/g/1BiuKWizbZ/)
2026-08-12 22:04:20,129 - WARNING - The Chrome window appears MINIMIZED or hidden (document.visibilityState is not 'visible'). Chrome throttles hidden pages, so Facebook will not render or paginate group feeds and this run will find few or no posts. Please leave the debug Chrome window open and NOT minimized while the scraper runs.
2026-08-12 22:04:22,481 - INFO - Current page detected: https://www.facebook.com/groups/563297302882280/?rdid=raqWwEAJhdBttuRl&share_url=https%3A%2F%2Fwww.facebook.com%2Fshare%2Fg%2F1BiuKWizbZ%2F#
2026-08-12 22:04:29,904 - INFO - Daily multi-group scrape started.
2026-08-12 22:04:29,942 - INFO - Daily lead quota: 2/20 used today.
2026-08-12 22:04:41,406 - INFO - [1/31] Visiting group: I Need a Editor (https://www.facebook.com/share/g/1YpD7y4noQ/)
2026-08-12 22:04:46,680 - INFO - Current page detected: https://www.facebook.com/groups/ineedavideoeditor/?rdid=fOB2qGP0KL1TARWd&share_url=https%3A%2F%2Fwww.facebook.com%2Fshare%2Fg%2F1YpD7y4noQ%2F#
2026-08-12 22:04:50,610 - INFO - Ran out of loaded posts; scrolling for more (attempt 1/3).
2026-08-12 22:04:52,566 - INFO - Ran out of loaded posts; scrolling for more (attempt 2/3).
2026-08-12 22:04:57,877 - INFO - Skipping post (not a clear remote/freelance video-editing lead) [intent classified as 'unknown', not 'buyer']: https://www.facebook.com/groups/ineedavideoeditor/posts/2626641464455846 | text: 'LOOKING FOR A GAMING VIDEO EDITOR I’m currently looking for a video editor for gaming content. I need someone who can make engaging gaming edits with good pacing, clean cuts, effects, captions, sound design, etc. See more'
2026-08-12 22:04:59,230 - INFO - Ran out of loaded posts; scrolling for more (attempt 1/3).
2026-08-12 22:05:02,184 - INFO - Ran out of loaded posts; scrolling for more (attempt 2/3).
2026-08-12 22:05:04,253 - INFO - Ran out of loaded posts; scrolling for more (attempt 3/3).
2026-08-12 22:05:07,344 - INFO - Finished scrolling (3 rounds) to load additional posts.
2026-08-12 22:05:09,868 - INFO - Ran out of loaded posts; scrolling for more (attempt 1/3).
2026-08-12 22:05:11,999 - INFO - Ran out of loaded posts; scrolling for more (attempt 2/3).
2026-08-12 22:05:14,043 - INFO - Ran out of loaded posts; scrolling for more (attempt 3/3).
2026-08-12 22:05:17,106 - INFO - Finished scrolling (3 rounds) to load additional posts.
2026-08-12 22:05:19,002 - INFO - Skipping post (not a clear remote/freelance video-editing lead) [intent classified as 'unknown', not 'buyer']: https://www.facebook.com/groups/ineedavideoeditor/posts/2628155904304402 | text: 'HIRING: SHORT-FORM VIDEO EDITOR I’m looking for an experienced Short-Form Video Editor to work with me on a long-term podcast clipping project. The job is to turn long-form podcast episodes into high-retention TikTok, Instagram Reels and YouTube Shorts. WHAT YOU’LL DO Watch long-form podcast episodes and identify the strongest/most viral moments See more'
2026-08-12 22:05:19,924 - INFO - Ran out of loaded posts; scrolling for more (attempt 1/3).
2026-08-12 22:05:21,383 - INFO - Ran out of loaded posts; scrolling for more (attempt 2/3).
2026-08-12 22:05:22,858 - INFO - Ran out of loaded posts; scrolling for more (attempt 3/3).
2026-08-12 22:05:25,903 - INFO - Finished scrolling (3 rounds) to load additional posts.
2026-08-12 22:05:28,796 - INFO - Ran out of loaded posts; scrolling for more (attempt 1/3).
2026-08-12 22:05:30,331 - INFO - Ran out of loaded posts; scrolling for more (attempt 2/3).
2026-08-12 22:05:31,752 - INFO - Ran out of loaded posts; scrolling for more (attempt 3/3).
2026-08-12 22:05:34,802 - INFO - Finished scrolling (3 rounds) to load additional posts.
2026-08-12 22:05:36,659 - INFO - Skipping post (not a clear remote/freelance video-editing lead) [intent classified as 'unknown', not 'buyer']: https://www.facebook.com/groups/ineedavideoeditor/posts/2626687171117942 | text: 'Looking for a Long-Term Video Editor for a Police Bodycam Channel (1 Video/Week + Room to Scale)  Hey everyone! I’m launching a new YouTube channel in the police bodycam/True Crime niche. I am looking for a talented and reliable editor to join the team long-term. We are starting with 1 high-quality video per week, with plans to scale up volume in the future.… See more'
2026-08-12 22:05:37,566 - INFO - Ran out of loaded posts; scrolling for more (attempt 1/3).
2026-08-12 22:05:39,515 - INFO - Ran out of loaded posts; scrolling for more (attempt 2/3).
2026-08-12 22:05:41,398 - INFO - Ran out of loaded posts; scrolling for more (attempt 3/3).
2026-08-12 22:05:44,449 - INFO - Finished scrolling (3 rounds) to load additional posts.
2026-08-12 22:05:46,282 - INFO - Skipping post (not a clear remote/freelance video-editing lead) [intent classified as 'unknown', not 'buyer']: https://www.facebook.com/groups/ineedavideoeditor/posts/2628161604303832 | text: 'Professional Video Editor Needed – Hockey Niche I’m looking for a professional and experienced video editor who can work on a long-term basis for a hockey-focused YouTube channel. Requirements: • Strong video editing skills See more'
2026-08-12 22:05:47,164 - INFO - Ran out of loaded posts; scrolling for more (attempt 1/3).
2026-08-12 22:05:48,631 - INFO - Ran out of loaded posts; scrolling for more (attempt 2/3).
2026-08-12 22:05:50,089 - INFO - Ran out of loaded posts; scrolling for more (attempt 3/3).
2026-08-12 22:05:53,290 - INFO - Finished scrolling (3 rounds) to load additional posts.
2026-08-12 22:05:57,502 - INFO - Ran out of loaded posts; scrolling for more (attempt 1/3).
2026-08-12 22:05:59,522 - INFO - Ran out of loaded posts; scrolling for more (attempt 2/3).
2026-08-12 22:06:01,506 - INFO - Ran out of loaded posts; scrolling for more (attempt 3/3).
2026-08-12 22:06:04,636 - INFO - Finished scrolling (3 rounds) to load additional posts.
2026-08-12 22:06:07,548 - INFO - Ran out of loaded posts; scrolling for more (attempt 1/3).
2026-08-12 22:06:09,683 - INFO - Ran out of loaded posts; scrolling for more (attempt 2/3).
2026-08-12 22:06:11,570 - INFO - Ran out of loaded posts; scrolling for more (attempt 3/3).
2026-08-12 22:06:14,792 - INFO - Finished scrolling (3 rounds) to load additional posts.
2026-08-12 22:06:17,707 - INFO - Ran out of loaded posts; scrolling for more (attempt 1/3).
2026-08-12 22:06:19,209 - INFO - Ran out of loaded posts; scrolling for more (attempt 2/3).
2026-08-12 22:06:20,775 - INFO - Ran out of loaded posts; scrolling for more (attempt 3/3).
2026-08-12 22:06:23,834 - INFO - Finished scrolling (3 rounds) to load additional posts.
2026-08-12 22:06:26,685 - INFO - Ran out of loaded posts; scrolling for more (attempt 1/3).
2026-08-12 22:06:28,666 - INFO - Ran out of loaded posts; scrolling for more (attempt 2/3).
2026-08-12 22:06:30,620 - INFO - Ran out of loaded posts; scrolling for more (attempt 3/3).
2026-08-12 22:06:33,681 - INFO - Finished scrolling (3 rounds) to load additional posts.
2026-08-12 22:06:38,007 - INFO - Ran out of loaded posts; scrolling for more (attempt 1/3).
2026-08-12 22:06:39,901 - INFO - Ran out of loaded posts; scrolling for more (attempt 2/3).
2026-08-12 22:06:41,730 - INFO - Ran out of loaded posts; scrolling for more (attempt 3/3).
2026-08-12 22:06:44,766 - INFO - Finished scrolling (3 rounds) to load additional posts.
2026-08-12 22:06:48,442 - INFO - Ran out of loaded posts; scrolling for more (attempt 1/3).
2026-08-12 22:06:52,415 - INFO - Ran out of loaded posts; scrolling for more (attempt 1/3).
2026-08-12 22:06:54,289 - INFO - Ran out of loaded posts; scrolling for more (attempt 2/3).
2026-08-12 22:06:56,178 - INFO - Ran out of loaded posts; scrolling for more (attempt 3/3).
2026-08-12 22:06:59,297 - INFO - Finished scrolling (3 rounds) to load additional posts.
2026-08-12 22:06:59,760 - INFO - No further unprocessed posts available after 3 scroll attempts; treating this group as fully scanned.
2026-08-12 22:06:59,760 - INFO - [1/31] I Need a Editor -- processed 3, qualifying 3, old 5, dup 2, invalid 1, ts-unparseable 0, not-qualifying 4
2026-08-12 22:07:11,297 - INFO - Wrote 3 lead(s) from this group. Daily quota now 5/20.
2026-08-12 22:07:11,297 - INFO - [2/31] Visiting group: VIDEO EDITORS for TIKTOK YOUTUBE & INSTAGRAM (https://www.facebook.com/share/g/1SZ9Bs6Dn1/)
2026-08-12 22:07:18,069 - INFO - Current page detected: https://www.facebook.com/groups/1535727757545719/?rdid=S2BadF7nDgI9QaZL&share_url=https%3A%2F%2Fwww.facebook.com%2Fshare%2Fg%2F1SZ9Bs6Dn1%2F#
2026-08-12 22:07:19,805 - WARNING - No post content rendered after 1.6s of waiting (only loading skeletons or empty containers were present) -- Facebook may be loading slowly or this feed may be empty.
2026-08-12 22:07:19,805 - WARNING - [2/31] No post content rendered (likely needs joining or is inaccessible); skipping without joining: https://www.facebook.com/share/g/1SZ9Bs6Dn1/
2026-08-12 22:07:19,807 - INFO - [3/31] Visiting group: Looking For Video Editor UK (https://www.facebook.com/share/g/1EN1BBuUB8/)
2026-08-12 22:07:25,848 - INFO - Current page detected: https://www.facebook.com/groups/470532055541674/?rdid=AvVMRL7Yu5N8mhxU&share_url=https%3A%2F%2Fwww.facebook.com%2Fshare%2Fg%2F1EN1BBuUB8%2F#
2026-08-12 22:07:29,928 - INFO - Skipping post (not a clear remote/freelance video-editing lead) [intent classified as 'unknown', not 'buyer']: https://www.facebook.com/groups/470532055541674/posts/1088738040387736 | text: "I'm a Video editor any one need video editor in low Budget WhatsApp 03353552208"
2026-08-12 22:07:30,321 - INFO - Ran out of loaded posts; scrolling for more (attempt 1/3).
2026-08-12 22:07:32,249 - INFO - Ran out of loaded posts; scrolling for more (attempt 2/3).
2026-08-12 22:07:37,389 - INFO - Ran out of loaded posts; scrolling for more (attempt 1/3).
2026-08-12 22:07:45,005 - INFO - Ran out of loaded posts; scrolling for more (attempt 1/3).
2026-08-12 22:07:46,939 - INFO - Ran out of loaded posts; scrolling for more (attempt 2/3).
2026-08-12 22:07:48,799 - INFO - Ran out of loaded posts; scrolling for more (attempt 3/3).
2026-08-12 22:07:51,854 - INFO - Finished scrolling (3 rounds) to load additional posts.
2026-08-12 22:07:52,627 - INFO - No further unprocessed posts available after 3 scroll attempts; treating this group as fully scanned.
2026-08-12 22:07:52,628 - INFO - [3/31] Looking For Video Editor UK -- processed 3, qualifying 0, old 0, dup 0, invalid 3, ts-unparseable 0, not-qualifying 1
2026-08-12 22:07:52,632 - INFO - [4/31] Visiting group: Professional Video Editors (https://www.facebook.com/share/g/17sYQhzdR4/)
2026-08-12 22:07:57,716 - INFO - Current page detected: https://www.facebook.com/groups/310584494121197/?rdid=8SIwcmF7cYAAUqvI&share_url=https%3A%2F%2Fwww.facebook.com%2Fshare%2Fg%2F17sYQhzdR4%2F#
2026-08-12 22:08:03,235 - INFO - Ran out of loaded posts; scrolling for more (attempt 1/3).
2026-08-12 22:08:06,868 - INFO - Ran out of loaded posts; scrolling for more (attempt 2/3).
2026-08-12 22:08:14,273 - INFO - Ran out of loaded posts; scrolling for more (attempt 1/3).
2026-08-12 22:08:16,410 - INFO - Ran out of loaded posts; scrolling for more (attempt 2/3).
2026-08-12 22:08:18,600 - INFO - Ran out of loaded posts; scrolling for more (attempt 3/3).
2026-08-12 22:08:21,672 - INFO - Finished scrolling (3 rounds) to load additional posts.
2026-08-12 22:08:22,682 - INFO - No further unprocessed posts available after 3 scroll attempts; treating this group as fully scanned.
2026-08-12 22:08:22,682 - INFO - [4/31] Professional Video Editors -- processed 1, qualifying 1, old 0, dup 1, invalid 0, ts-unparseable 0, not-qualifying 0
2026-08-12 22:08:31,723 - INFO - Wrote 1 lead(s) from this group. Daily quota now 6/20.
2026-08-12 22:08:31,723 - INFO - [5/31] Visiting group: Freelance Video Editor Philippines Official (https://www.facebook.com/share/g/1BiuKWizbZ/)
2026-08-12 22:08:40,291 - INFO - Current page detected: https://www.facebook.com/groups/563297302882280/?rdid=nmq6xI8RyfbpZ7lD&share_url=https%3A%2F%2Fwww.facebook.com%2Fshare%2Fg%2F1BiuKWizbZ%2F#
2026-08-12 22:08:45,751 - INFO - Ran out of loaded posts; scrolling for more (attempt 1/3).
2026-08-12 22:08:47,833 - INFO - Ran out of loaded posts; scrolling for more (attempt 2/3).
2026-08-12 22:08:51,457 - INFO - Skipping post (not a clear remote/freelance video-editing lead) [intent classified as 'seller', not 'buyer']: https://www.facebook.com/stories/108573631274135/UzpfSVNDOjI3NjgyODQyMzQxMzM4MjE0 | text: 'Need mo ng content pero wala kang time mag-edit? We help small businesses, coaches, creators, and brands create clean and engaging videos for Facebook, TikTok, and Reels. We offer:… See more'
2026-08-12 22:08:52,528 - INFO - Ran out of loaded posts; scrolling for more (attempt 1/3).
2026-08-12 22:08:57,648 - INFO - Ran out of loaded posts; scrolling for more (attempt 2/3).
2026-08-12 22:09:00,108 - INFO - Ran out of loaded posts; scrolling for more (attempt 3/3).
2026-08-12 22:09:03,497 - INFO - Finished scrolling (3 rounds) to load additional posts.
2026-08-12 22:09:06,193 - INFO - Ran out of loaded posts; scrolling for more (attempt 1/3).
2026-08-12 22:09:08,766 - INFO - Ran out of loaded posts; scrolling for more (attempt 2/3).
2026-08-12 22:09:11,345 - INFO - Ran out of loaded posts; scrolling for more (attempt 3/3).
2026-08-12 22:09:14,866 - INFO - Finished scrolling (3 rounds) to load additional posts.
2026-08-12 22:09:16,083 - INFO - Skipping post (not a clear remote/freelance video-editing lead) [intent classified as 'unknown', not 'buyer']: https://www.facebook.com/groups/563297302882280/posts/1085420434003295 | text: 'LF, Video editor for my Casual Vlogs DM me'
2026-08-12 22:09:17,583 - INFO - Skipping post (not a clear remote/freelance video-editing lead) [intent classified as 'unknown', not 'buyer'; classified as onsite/in-person, not remote/freelance]: https://www.facebook.com/groups/563297302882280/posts/1085017824043556 | text: 'WE’RE HIRING: VIDEO EDITOR We’re looking for a creative and skilled Video Editor to join our team! ₱30K–₱50K monthly, depending on your skills On-site – Newport City, Pasay City See more'
2026-08-12 22:09:21,444 - INFO - Ran out of loaded posts; scrolling for more (attempt 1/3).
2026-08-12 22:09:23,724 - INFO - Ran out of loaded posts; scrolling for more (attempt 2/3).
2026-08-12 22:09:25,694 - INFO - Ran out of loaded posts; scrolling for more (attempt 3/3).
2026-08-12 22:09:28,747 - INFO - Finished scrolling (3 rounds) to load additional posts.
2026-08-12 22:09:29,705 - INFO - No further unprocessed posts available after 3 scroll attempts; treating this group as fully scanned.
2026-08-12 22:09:29,708 - INFO - [5/31] Freelance Video Editor Philippines Official -- processed 3, qualifying 1, old 2, dup 0, invalid 0, ts-unparseable 0, not-qualifying 3
2026-08-12 22:09:39,731 - INFO - Wrote 1 lead(s) from this group. Daily quota now 7/20.
2026-08-12 22:09:39,772 - INFO - [6/31] Visiting group: Hire A VIDEO EDITOR WORLDWIDE Here (https://www.facebook.com/share/g/14fbrHUzmsZ/)
2026-08-12 22:09:45,285 - INFO - Current page detected: https://www.facebook.com/groups/185647597308414/?rdid=TUyo4bkHKMwezfgT&share_url=https%3A%2F%2Fwww.facebook.com%2Fshare%2Fg%2F14fbrHUzmsZ%2F#
2026-08-12 22:09:47,242 - WARNING - No post content rendered after 1.6s of waiting (only loading skeletons or empty containers were present) -- Facebook may be loading slowly or this feed may be empty.
2026-08-12 22:09:47,242 - WARNING - [6/31] No post content rendered (likely needs joining or is inaccessible); skipping without joining: https://www.facebook.com/share/g/14fbrHUzmsZ/
2026-08-12 22:09:47,242 - INFO - [7/31] Visiting group: Video Editors of the Philippines (https://www.facebook.com/share/g/1AhHHfAAdS/)
2026-08-12 22:09:54,091 - INFO - Current page detected: https://www.facebook.com/groups/914755432934212/?rdid=1H4Ek2TYsE5EkKZz&share_url=https%3A%2F%2Fwww.facebook.com%2Fshare%2Fg%2F1AhHHfAAdS%2F#
2026-08-12 22:09:55,850 - WARNING - No post content rendered after 1.6s of waiting (only loading skeletons or empty containers were present) -- Facebook may be loading slowly or this feed may be empty.
2026-08-12 22:09:55,850 - WARNING - [7/31] No post content rendered (likely needs joining or is inaccessible); skipping without joining: https://www.facebook.com/share/g/1AhHHfAAdS/
2026-08-12 22:09:55,850 - INFO - [8/31] Visiting group: PHILIPPINES - FOR PROFESSIONAL VIDEO EDITORS ONLY (https://www.facebook.com/share/g/1Gq6caq1u8/)
2026-08-12 22:10:01,683 - INFO - Current page detected: https://www.facebook.com/groups/philippinesforprofessionalvideoeditorsonly/?rdid=nfRuhtcGI5O6zxfX&share_url=https%3A%2F%2Fwww.facebook.com%2Fshare%2Fg%2F1Gq6caq1u8%2F#
2026-08-12 22:10:06,254 - INFO - Ran out of loaded posts; scrolling for more (attempt 1/3).
2026-08-12 22:10:15,215 - INFO - Ran out of loaded posts; scrolling for more (attempt 1/3).
2026-08-12 22:10:20,433 - INFO - Ran out of loaded posts; scrolling for more (attempt 1/3).
2026-08-12 22:10:23,353 - WARNING - No post content rendered after 1.6s of waiting (only loading skeletons or empty containers were present) -- Facebook may be loading slowly or this feed may be empty.
2026-08-12 22:10:23,353 - INFO - Ran out of loaded posts; scrolling for more (attempt 2/3).
2026-08-12 22:10:26,114 - WARNING - No post content rendered after 1.6s of waiting (only loading skeletons or empty containers were present) -- Facebook may be loading slowly or this feed may be empty.
2026-08-12 22:10:26,114 - INFO - Ran out of loaded posts; scrolling for more (attempt 3/3).
2026-08-12 22:10:29,541 - INFO - Finished scrolling (3 rounds) to load additional posts.
2026-08-12 22:10:31,314 - WARNING - No post content rendered after 1.6s of waiting (only loading skeletons or empty containers were present) -- Facebook may be loading slowly or this feed may be empty.
2026-08-12 22:10:31,314 - INFO - No further unprocessed posts available after 3 scroll attempts; treating this group as fully scanned.
2026-08-12 22:10:31,316 - INFO - [8/31] PHILIPPINES - FOR PROFESSIONAL VIDEO EDITORS ONLY -- processed 3, qualifying 2, old 1, dup 0, invalid 1, ts-unparseable 0, not-qualifying 0
2026-08-12 22:10:40,660 - INFO - Wrote 2 lead(s) from this group. Daily quota now 9/20.
2026-08-12 22:10:40,697 - INFO - [9/31] Visiting group: Pakistani Video Editors (https://www.facebook.com/share/g/17wWHArQg5/)
2026-08-12 22:10:49,398 - INFO - Current page detected: https://www.facebook.com/groups/497041285819747/?rdid=vU2tsicThRYFUMYw&share_url=https%3A%2F%2Fwww.facebook.com%2Fshare%2Fg%2F17wWHArQg5%2F#
2026-08-12 22:10:53,007 - INFO - Ran out of loaded posts; scrolling for more (attempt 1/3).
2026-08-12 22:11:00,640 - INFO - Ran out of loaded posts; scrolling for more (attempt 1/3).
2026-08-12 22:11:02,628 - INFO - Ran out of loaded posts; scrolling for more (attempt 2/3).
2026-08-12 22:11:04,124 - INFO - Ran out of loaded posts; scrolling for more (attempt 3/3).
2026-08-12 22:11:07,403 - INFO - Finished scrolling (3 rounds) to load additional posts.
2026-08-12 22:11:11,617 - INFO - Ran out of loaded posts; scrolling for more (attempt 1/3).
2026-08-12 22:11:13,322 - INFO - Ran out of loaded posts; scrolling for more (attempt 2/3).
2026-08-12 22:11:14,832 - INFO - Ran out of loaded posts; scrolling for more (attempt 3/3).
2026-08-12 22:11:17,896 - INFO - Finished scrolling (3 rounds) to load additional posts.
2026-08-12 22:11:21,458 - INFO - Ran out of loaded posts; scrolling for more (attempt 1/3).
2026-08-12 22:11:23,460 - INFO - Ran out of loaded posts; scrolling for more (attempt 2/3).
2026-08-12 22:11:25,565 - INFO - Ran out of loaded posts; scrolling for more (attempt 3/3).
2026-08-12 22:11:28,762 - INFO - Finished scrolling (3 rounds) to load additional posts.
2026-08-12 22:11:31,508 - INFO - Ran out of loaded posts; scrolling for more (attempt 1/3).
2026-08-12 22:11:32,987 - INFO - Ran out of loaded posts; scrolling for more (attempt 2/3).
2026-08-12 22:11:34,417 - INFO - Ran out of loaded posts; scrolling for more (attempt 3/3).
2026-08-12 22:11:37,475 - INFO - Finished scrolling (3 rounds) to load additional posts.
2026-08-12 22:11:39,893 - INFO - Ran out of loaded posts; scrolling for more (attempt 1/3).
2026-08-12 22:11:41,690 - INFO - Ran out of loaded posts; scrolling for more (attempt 2/3).
2026-08-12 22:11:43,499 - INFO - Ran out of loaded posts; scrolling for more (attempt 3/3).
2026-08-12 22:11:46,570 - INFO - Finished scrolling (3 rounds) to load additional posts.
2026-08-12 22:11:48,954 - INFO - Ran out of loaded posts; scrolling for more (attempt 1/3).
2026-08-12 22:11:51,135 - INFO - Ran out of loaded posts; scrolling for more (attempt 2/3).
2026-08-12 22:11:53,046 - INFO - Ran out of loaded posts; scrolling for more (attempt 3/3).
2026-08-12 22:11:56,086 - INFO - Finished scrolling (3 rounds) to load additional posts.
2026-08-12 22:12:00,238 - INFO - Ran out of loaded posts; scrolling for more (attempt 1/3).
2026-08-12 22:12:03,827 - INFO - Skipping post (timestamp could not be reliably determined): https://www.facebook.com/stories/103355345057157/UzpfSVNDOjEzNTEwMzAyOTcwMTQ4MTE=
2026-08-12 22:12:04,572 - INFO - Ran out of loaded posts; scrolling for more (attempt 1/3).
2026-08-12 22:12:06,427 - INFO - Ran out of loaded posts; scrolling for more (attempt 2/3).
2026-08-12 22:12:08,101 - INFO - Ran out of loaded posts; scrolling for more (attempt 3/3).
2026-08-12 22:12:11,160 - INFO - Finished scrolling (3 rounds) to load additional posts.
2026-08-12 22:12:12,674 - INFO - No further unprocessed posts available after 3 scroll attempts; treating this group as fully scanned.
2026-08-12 22:12:12,674 - INFO - [9/31] Pakistani Video Editors -- processed 3, qualifying 7, old 0, dup 1, invalid 1, ts-unparseable 1, not-qualifying 0
2026-08-12 22:12:21,739 - INFO - Wrote 7 lead(s) from this group. Daily quota now 16/20.
2026-08-12 22:12:21,742 - INFO - [10/31] Visiting group: Video editors(Philippines) (https://www.facebook.com/share/g/1EZBXK2SzH/)
2026-08-12 22:12:27,830 - INFO - Current page detected: https://www.facebook.com/groups/1417223878967262/?rdid=zRTTPP5UydJ3eINv&share_url=https%3A%2F%2Fwww.facebook.com%2Fshare%2Fg%2F1EZBXK2SzH%2F#
2026-08-12 22:12:30,740 - INFO - Skipping post (not a clear remote/freelance video-editing lead) [intent classified as 'unknown', not 'buyer']: https://www.facebook.com/groups/1417223878967262/posts/1969537597069218 | text: 'Looking for marunong mag edit ng MENU willing to pay po. Salamat apply here https://t.me/Mrs_Sandra007'
2026-08-12 22:12:31,137 - INFO - Ran out of loaded posts; scrolling for more (attempt 1/3).
2026-08-12 22:12:38,730 - INFO - Ran out of loaded posts; scrolling for more (attempt 1/3).
2026-08-12 22:12:40,866 - INFO - Ran out of loaded posts; scrolling for more (attempt 2/3).
2026-08-12 22:12:43,171 - INFO - Ran out of loaded posts; scrolling for more (attempt 3/3).
2026-08-12 22:12:46,280 - INFO - Finished scrolling (3 rounds) to load additional posts.
2026-08-12 22:12:47,793 - INFO - Skipping post (not a clear remote/freelance video-editing lead) [intent classified as 'unknown', not 'buyer'; no video-editing context keyword found]: https://www.facebook.com/groups/1417223878967262/posts/1969513503738294 | text: 'Amazon is releasing a huge job from 10th August to 15th August ?link to details.??'
2026-08-12 22:12:48,551 - INFO - Ran out of loaded posts; scrolling for more (attempt 1/3).
2026-08-12 22:12:53,692 - INFO - Ran out of loaded posts; scrolling for more (attempt 1/3).
2026-08-12 22:12:55,606 - INFO - Ran out of loaded posts; scrolling for more (attempt 2/3).
2026-08-12 22:12:57,308 - INFO - Ran out of loaded posts; scrolling for more (attempt 3/3).
2026-08-12 22:13:00,361 - INFO - Finished scrolling (3 rounds) to load additional posts.
2026-08-12 22:13:02,094 - WARNING - No post content rendered after 1.6s of waiting (only loading skeletons or empty containers were present) -- Facebook may be loading slowly or this feed may be empty.
2026-08-12 22:13:02,094 - INFO - No further unprocessed posts available after 3 scroll attempts; treating this group as fully scanned.
2026-08-12 22:13:02,094 - INFO - [10/31] Video editors(Philippines) -- processed 3, qualifying 2, old 0, dup 0, invalid 1, ts-unparseable 0, not-qualifying 2
2026-08-12 22:13:10,177 - INFO - Wrote 2 lead(s) from this group. Daily quota now 18/20.
2026-08-12 22:13:10,177 - INFO - [11/31] Visiting group: Video Editing Groups (https://www.facebook.com/groups/294830932856749/)
2026-08-12 22:13:15,876 - INFO - Current page detected: https://www.facebook.com/groups/294830932856749/
2026-08-12 22:13:25,862 - INFO - Skipping post (timestamp could not be reliably determined): https://www.facebook.com/stories/122101879653389083/UzpfSVNDOjE3MDYyNzY3MzczMzA4ODc=
2026-08-12 22:13:27,844 - INFO - Ran out of loaded posts; scrolling for more (attempt 1/3).
2026-08-12 22:13:33,021 - INFO - Ran out of loaded posts; scrolling for more (attempt 2/3).
2026-08-12 22:13:36,274 - INFO - Ran out of loaded posts; scrolling for more (attempt 3/3).
2026-08-12 22:13:39,344 - INFO - Finished scrolling (3 rounds) to load additional posts.
2026-08-12 22:13:42,097 - WARNING - No post content rendered after 1.6s of waiting (only loading skeletons or empty containers were present) -- Facebook may be loading slowly or this feed may be empty.
2026-08-12 22:13:42,098 - INFO - No further unprocessed posts available after 3 scroll attempts; treating this group as fully scanned.
2026-08-12 22:13:42,100 - INFO - [11/31] Video Editing Groups -- processed 3, qualifying 0, old 0, dup 0, invalid 2, ts-unparseable 1, not-qualifying 0
2026-08-12 22:13:42,104 - INFO - [12/31] Visiting group: Hire a Video Editor - Freelance Hub (https://www.facebook.com/groups/2045519552480506/)
2026-08-12 22:13:48,379 - INFO - Current page detected: https://www.facebook.com/groups/2045519552480506/
2026-08-12 22:13:56,922 - INFO - Ran out of loaded posts; scrolling for more (attempt 1/3).
2026-08-12 22:13:59,810 - INFO - Ran out of loaded posts; scrolling for more (attempt 2/3).
2026-08-12 22:14:06,649 - INFO - Reached the cap of 2 new lead(s) for this run; stopping immediately.
2026-08-12 22:14:06,688 - INFO - [12/31] Hire a Video Editor - Freelance Hub -- processed 3, qualifying 2, old 0, dup 0, invalid 0, ts-unparseable 0, not-qualifying 0
2026-08-12 22:14:15,909 - INFO - Wrote 2 lead(s) from this group. Daily quota now 20/20.
2026-08-12 22:14:15,910 - INFO - Daily lead limit reached (20/20) -- stopping immediately before group 13/31.
2026-08-12 22:14:18,125 - INFO - Daily multi-group scrape finished. New leads saved this run: 18. Daily total: 20/20. Groups skipped (inaccessible): 3. Groups errored: 0.
2026-08-12 22:26:35,537 - WARNING - The Chrome window appears MINIMIZED or hidden (document.visibilityState is not 'visible'). Chrome throttles hidden pages, so Facebook will not render or paginate group feeds and this run will find few or no posts. Please leave the debug Chrome window open and NOT minimized while the scraper runs.
2026-08-12 22:26:37,250 - INFO - Reached the cap of 20 new lead(s) for this run; stopping immediately.
2026-08-12 22:26:37,262 - WARNING - The Chrome window appears MINIMIZED or hidden (document.visibilityState is not 'visible'). Chrome throttles hidden pages, so Facebook will not render or paginate group feeds and this run will find few or no posts. Please leave the debug Chrome window open and NOT minimized while the scraper runs.
2026-08-12 22:26:38,777 - WARNING - The Chrome window appears MINIMIZED or hidden (document.visibilityState is not 'visible'). Chrome throttles hidden pages, so Facebook will not render or paginate group feeds and this run will find few or no posts. Please leave the debug Chrome window open and NOT minimized while the scraper runs.
2026-08-12 22:26:40,281 - INFO - Skipping post (not a clear remote/freelance video-editing lead) [intent classified as 'seller', not 'buyer']: https://www.facebook.com/groups/999/posts/1100 | text: 'I am a video editor, available for hire, DM me.'
2026-08-12 22:26:40,283 - INFO - Skipping post (not a clear remote/freelance video-editing lead) [intent classified as 'seller', not 'buyer']: https://www.facebook.com/groups/999/posts/1101 | text: 'I am a video editor, available for hire, DM me.'
2026-08-12 22:26:40,288 - INFO - Skipping post (not a clear remote/freelance video-editing lead) [intent classified as 'seller', not 'buyer']: https://www.facebook.com/groups/999/posts/1102 | text: 'I am a video editor, available for hire, DM me.'
2026-08-12 22:26:40,304 - WARNING - The Chrome window appears MINIMIZED or hidden (document.visibilityState is not 'visible'). Chrome throttles hidden pages, so Facebook will not render or paginate group feeds and this run will find few or no posts. Please leave the debug Chrome window open and NOT minimized while the scraper runs.
2026-08-12 22:26:41,810 - WARNING - The Chrome window appears MINIMIZED or hidden (document.visibilityState is not 'visible'). Chrome throttles hidden pages, so Facebook will not render or paginate group feeds and this run will find few or no posts. Please leave the debug Chrome window open and NOT minimized while the scraper runs.
2026-08-12 22:26:43,319 - WARNING - The Chrome window appears MINIMIZED or hidden (document.visibilityState is not 'visible'). Chrome throttles hidden pages, so Facebook will not render or paginate group feeds and this run will find few or no posts. Please leave the debug Chrome window open and NOT minimized while the scraper runs.
2026-08-12 22:26:44,825 - INFO - Hit 8 consecutive posts older than the 2-day window; treating this group's recent history as fully covered and stopping.
2026-08-12 22:26:44,840 - WARNING - The Chrome window appears MINIMIZED or hidden (document.visibilityState is not 'visible'). Chrome throttles hidden pages, so Facebook will not render or paginate group feeds and this run will find few or no posts. Please leave the debug Chrome window open and NOT minimized while the scraper runs.
2026-08-12 22:26:46,342 - INFO - Ran out of loaded posts; scrolling for more (attempt 1/3).
2026-08-12 22:26:46,342 - INFO - Ran out of loaded posts; scrolling for more (attempt 2/3).
2026-08-12 22:26:46,342 - INFO - Ran out of loaded posts; scrolling for more (attempt 1/3).
2026-08-12 22:26:46,346 - INFO - Ran out of loaded posts; scrolling for more (attempt 2/3).
2026-08-12 22:26:46,346 - INFO - Ran out of loaded posts; scrolling for more (attempt 3/3).
2026-08-12 22:26:46,346 - INFO - No further unprocessed posts available after 3 scroll attempts; treating this group as fully scanned.
2026-08-12 22:26:46,359 - WARNING - The Chrome window appears MINIMIZED or hidden (document.visibilityState is not 'visible'). Chrome throttles hidden pages, so Facebook will not render or paginate group feeds and this run will find few or no posts. Please leave the debug Chrome window open and NOT minimized while the scraper runs.
2026-08-12 22:26:47,861 - INFO - Ran out of loaded posts; scrolling for more (attempt 1/3).
2026-08-12 22:26:48,863 - INFO - Ran out of loaded posts; scrolling for more (attempt 2/3).
2026-08-12 22:26:49,865 - INFO - Ran out of loaded posts; scrolling for more (attempt 3/3).
2026-08-12 22:26:52,868 - INFO - Finished scrolling (3 rounds) to load additional posts.
2026-08-12 22:26:52,868 - INFO - No further unprocessed posts available after 3 scroll attempts; treating this group as fully scanned.
2026-08-12 22:27:10,189 - WARNING - The Chrome window appears MINIMIZED or hidden (document.visibilityState is not 'visible'). Chrome throttles hidden pages, so Facebook will not render or paginate group feeds and this run will find few or no posts. Please leave the debug Chrome window open and NOT minimized while the scraper runs.
2026-08-12 22:27:12,117 - INFO - Reached the cap of 20 new lead(s) for this run; stopping immediately.
2026-08-12 22:27:12,418 - WARNING - The Chrome window appears MINIMIZED or hidden (document.visibilityState is not 'visible'). Chrome throttles hidden pages, so Facebook will not render or paginate group feeds and this run will find few or no posts. Please leave the debug Chrome window open and NOT minimized while the scraper runs.
2026-08-12 22:27:13,985 - WARNING - The Chrome window appears MINIMIZED or hidden (document.visibilityState is not 'visible'). Chrome throttles hidden pages, so Facebook will not render or paginate group feeds and this run will find few or no posts. Please leave the debug Chrome window open and NOT minimized while the scraper runs.
2026-08-12 22:27:15,498 - INFO - Skipping post (not a clear remote/freelance video-editing lead) [intent classified as 'seller', not 'buyer']: https://www.facebook.com/groups/999/posts/1100 | text: 'I am a video editor, available for hire, DM me.'
2026-08-12 22:27:15,537 - INFO - Skipping post (not a clear remote/freelance video-editing lead) [intent classified as 'seller', not 'buyer']: https://www.facebook.com/groups/999/posts/1101 | text: 'I am a video editor, available for hire, DM me.'
2026-08-12 22:27:15,539 - INFO - Skipping post (not a clear remote/freelance video-editing lead) [intent classified as 'seller', not 'buyer']: https://www.facebook.com/groups/999/posts/1102 | text: 'I am a video editor, available for hire, DM me.'
2026-08-12 22:27:15,548 - WARNING - The Chrome window appears MINIMIZED or hidden (document.visibilityState is not 'visible'). Chrome throttles hidden pages, so Facebook will not render or paginate group feeds and this run will find few or no posts. Please leave the debug Chrome window open and NOT minimized while the scraper runs.
2026-08-12 22:27:17,072 - WARNING - The Chrome window appears MINIMIZED or hidden (document.visibilityState is not 'visible'). Chrome throttles hidden pages, so Facebook will not render or paginate group feeds and this run will find few or no posts. Please leave the debug Chrome window open and NOT minimized while the scraper runs.
2026-08-12 22:27:18,593 - WARNING - The Chrome window appears MINIMIZED or hidden (document.visibilityState is not 'visible'). Chrome throttles hidden pages, so Facebook will not render or paginate group feeds and this run will find few or no posts. Please leave the debug Chrome window open and NOT minimized while the scraper runs.
2026-08-12 22:27:20,098 - INFO - Hit 8 consecutive posts older than the 2-day window; treating this group's recent history as fully covered and stopping.
2026-08-12 22:27:20,107 - WARNING - The Chrome window appears MINIMIZED or hidden (document.visibilityState is not 'visible'). Chrome throttles hidden pages, so Facebook will not render or paginate group feeds and this run will find few or no posts. Please leave the debug Chrome window open and NOT minimized while the scraper runs.
2026-08-12 22:27:21,608 - INFO - Ran out of loaded posts; scrolling for more (attempt 1/3).
2026-08-12 22:27:21,610 - INFO - Ran out of loaded posts; scrolling for more (attempt 2/3).
2026-08-12 22:27:21,610 - INFO - Ran out of loaded posts; scrolling for more (attempt 1/3).
2026-08-12 22:27:21,612 - INFO - Ran out of loaded posts; scrolling for more (attempt 2/3).
2026-08-12 22:27:21,612 - INFO - Ran out of loaded posts; scrolling for more (attempt 3/3).
2026-08-12 22:27:21,612 - INFO - No further unprocessed posts available after 3 scroll attempts; treating this group as fully scanned.
2026-08-12 22:27:21,620 - WARNING - The Chrome window appears MINIMIZED or hidden (document.visibilityState is not 'visible'). Chrome throttles hidden pages, so Facebook will not render or paginate group feeds and this run will find few or no posts. Please leave the debug Chrome window open and NOT minimized while the scraper runs.
2026-08-12 22:27:23,122 - INFO - Ran out of loaded posts; scrolling for more (attempt 1/3).
2026-08-12 22:27:24,170 - INFO - Ran out of loaded posts; scrolling for more (attempt 2/3).
2026-08-12 22:27:25,179 - INFO - Ran out of loaded posts; scrolling for more (attempt 3/3).
2026-08-12 22:27:28,186 - INFO - Finished scrolling (3 rounds) to load additional posts.
2026-08-12 22:27:28,186 - INFO - No further unprocessed posts available after 3 scroll attempts; treating this group as fully scanned.
2026-08-12 22:27:55,024 - INFO - Daily multi-group scrape started.
2026-08-12 22:27:55,024 - INFO - Daily lead quota: 0/20 used today.
2026-08-12 22:27:57,353 - INFO - [1/31] Visiting group: I Need a Editor (https://www.facebook.com/share/g/1YpD7y4noQ/)
2026-08-12 22:28:02,832 - INFO - Current page detected: https://www.facebook.com/groups/ineedavideoeditor/?rdid=YHOfpUl4SLFWyN87&share_url=https%3A%2F%2Fwww.facebook.com%2Fshare%2Fg%2F1YpD7y4noQ%2F#
2026-08-12 22:28:07,769 - INFO - Ran out of loaded posts; scrolling for more (attempt 1/3).
2026-08-12 22:28:15,474 - INFO - Skipping post (not a clear remote/freelance video-editing lead) [intent classified as 'unknown', not 'buyer']: https://www.facebook.com/groups/ineedavideoeditor/posts/2626641464455846 | text: 'LOOKING FOR A GAMING VIDEO EDITOR I’m currently looking for a video editor for gaming content. I need someone who can make engaging gaming edits with good pacing, clean cuts, effects, captions, sound design, etc. See more'
2026-08-12 22:28:17,151 - INFO - Ran out of loaded posts; scrolling for more (attempt 1/3).
2026-08-12 22:28:19,921 - INFO - Ran out of loaded posts; scrolling for more (attempt 2/3).
2026-08-12 22:28:22,037 - INFO - Ran out of loaded posts; scrolling for more (attempt 3/3).
2026-08-12 22:28:25,099 - INFO - Finished scrolling (3 rounds) to load additional posts.
2026-08-12 22:28:32,401 - INFO - Ran out of loaded posts; scrolling for more (attempt 1/3).
2026-08-12 22:28:35,605 - INFO - Ran out of loaded posts; scrolling for more (attempt 2/3).
2026-08-12 22:28:39,020 - INFO - Ran out of loaded posts; scrolling for more (attempt 3/3).
2026-08-12 22:28:42,066 - INFO - Finished scrolling (3 rounds) to load additional posts.
2026-08-12 22:28:44,144 - INFO - No further unprocessed posts available after 3 scroll attempts; treating this group as fully scanned.
2026-08-12 22:28:44,144 - INFO - [1/31] I Need a Editor -- processed 3, qualifying 0, old 0, dup 3, invalid 0, ts-unparseable 0, not-qualifying 1
2026-08-12 22:28:44,151 - INFO - [2/31] Visiting group: VIDEO EDITORS for TIKTOK YOUTUBE & INSTAGRAM (https://www.facebook.com/share/g/1SZ9Bs6Dn1/)
2026-08-12 22:28:54,558 - INFO - Current page detected: https://www.facebook.com/groups/1535727757545719/?rdid=P5gb9Di7e6vbpW3s&share_url=https%3A%2F%2Fwww.facebook.com%2Fshare%2Fg%2F1SZ9Bs6Dn1%2F#
2026-08-12 22:28:56,307 - WARNING - No post content rendered after 1.6s of waiting (only loading skeletons or empty containers were present) -- Facebook may be loading slowly or this feed may be empty.
2026-08-12 22:28:56,308 - WARNING - [2/31] No post content rendered (likely needs joining or is inaccessible); skipping without joining: https://www.facebook.com/share/g/1SZ9Bs6Dn1/
2026-08-12 22:28:56,308 - INFO - [3/31] Visiting group: Looking For Video Editor UK (https://www.facebook.com/share/g/1EN1BBuUB8/)
2026-08-12 22:29:03,317 - INFO - Current page detected: https://www.facebook.com/groups/470532055541674/?rdid=cQlH1f2MwPJs8t4M&share_url=https%3A%2F%2Fwww.facebook.com%2Fshare%2Fg%2F1EN1BBuUB8%2F#
2026-08-12 22:29:06,312 - INFO - Skipping post (not a clear remote/freelance video-editing lead) [intent classified as 'unknown', not 'buyer']: https://www.facebook.com/groups/470532055541674/posts/1088582753736598 | text: 'HIRING FULL-TIME VIDEO EDITOR — DIRECT RESPONSE E-COMMERCE We are a fast-growing Italian e-commerce brand looking for a Full-Time Video Editor to join our team on a long-term basis. We produce a high volume of video ads for Meta (Facebook & Instagram) and are looking for someone who can create scroll-stopping hooks and edit creatives designed to convert.… See more'
2026-08-12 22:29:06,736 - INFO - Ran out of loaded posts; scrolling for more (attempt 1/3).
2026-08-12 22:29:10,872 - INFO - Skipping post (not a clear remote/freelance video-editing lead) [intent classified as 'unknown', not 'buyer']: https://www.facebook.com/groups/470532055541674/posts/1088738040387736 | text: "I'm a Video editor any one need video editor in low Budget WhatsApp 03353552208"
2026-08-12 22:29:16,381 - INFO - Ran out of loaded posts; scrolling for more (attempt 1/3).
2026-08-12 22:29:22,203 - INFO - Ran out of loaded posts; scrolling for more (attempt 1/3).
2026-08-12 22:29:24,121 - INFO - Ran out of loaded posts; scrolling for more (attempt 2/3).
2026-08-12 22:29:26,077 - INFO - Ran out of loaded posts; scrolling for more (attempt 3/3).
2026-08-12 22:29:29,122 - INFO - Finished scrolling (3 rounds) to load additional posts.
2026-08-12 22:29:29,446 - INFO - No further unprocessed posts available after 3 scroll attempts; treating this group as fully scanned.
2026-08-12 22:29:29,454 - INFO - [3/31] Looking For Video Editor UK -- processed 3, qualifying 0, old 0, dup 0, invalid 3, ts-unparseable 0, not-qualifying 2
2026-08-12 22:29:29,454 - INFO - [4/31] Visiting group: Professional Video Editors (https://www.facebook.com/share/g/17sYQhzdR4/)
2026-08-12 22:29:33,168 - WARNING - The Chrome window appears MINIMIZED or hidden (document.visibilityState is not 'visible'). Chrome throttles hidden pages, so Facebook will not render or paginate group feeds and this run will find few or no posts. Please leave the debug Chrome window open and NOT minimized while the scraper runs.
2026-08-12 22:29:35,506 - INFO - Current page detected: https://www.facebook.com/groups/310584494121197/?rdid=hGbjBKWOV2sLRoxF&share_url=https%3A%2F%2Fwww.facebook.com%2Fshare%2Fg%2F17sYQhzdR4%2F#
2026-08-12 22:29:37,729 - WARNING - The Chrome window appears MINIMIZED or hidden (document.visibilityState is not 'visible'). Chrome throttles hidden pages, so Facebook will not render or paginate group feeds and this run will find few or no posts. Please leave the debug Chrome window open and NOT minimized while the scraper runs.
2026-08-12 22:29:43,710 - INFO - Ran out of loaded posts; scrolling for more (attempt 1/3).
2026-08-12 22:29:51,960 - INFO - Ran out of loaded posts; scrolling for more (attempt 1/3).
2026-08-12 22:29:58,282 - INFO - Ran out of loaded posts; scrolling for more (attempt 1/3).
2026-08-12 22:29:59,824 - INFO - Ran out of loaded posts; scrolling for more (attempt 2/3).
2026-08-12 22:30:01,430 - INFO - Ran out of loaded posts; scrolling for more (attempt 3/3).
2026-08-12 22:30:04,883 - INFO - Finished scrolling (3 rounds) to load additional posts.
2026-08-12 22:30:05,496 - INFO - No further unprocessed posts available after 3 scroll attempts; treating this group as fully scanned.
2026-08-12 22:30:05,496 - INFO - [4/31] Professional Video Editors -- processed 3, qualifying 0, old 0, dup 2, invalid 2, ts-unparseable 0, not-qualifying 0
2026-08-12 22:30:05,498 - INFO - [5/31] Visiting group: Freelance Video Editor Philippines Official (https://www.facebook.com/share/g/1BiuKWizbZ/)
2026-08-12 22:30:10,438 - INFO - Current page detected: https://www.facebook.com/groups/563297302882280/?rdid=YEWJ6sG76ynlHFmw&share_url=https%3A%2F%2Fwww.facebook.com%2Fshare%2Fg%2F1BiuKWizbZ%2F#
2026-08-12 22:30:14,308 - INFO - Ran out of loaded posts; scrolling for more (attempt 1/3).
2026-08-12 22:30:19,441 - INFO - Skipping post (not a clear remote/freelance video-editing lead) [intent classified as 'seller', not 'buyer']: https://www.facebook.com/stories/108573631274135/UzpfSVNDOjI3NjgyODQyMzQxMzM4MjE0 | text: 'Need mo ng content pero wala kang time mag-edit? We help small businesses, coaches, creators, and brands create clean and engaging videos for Facebook, TikTok, and Reels. We offer:… See more'
2026-08-12 22:30:22,866 - INFO - Ran out of loaded posts; scrolling for more (attempt 1/3).
2026-08-12 22:30:26,978 - INFO - Ran out of loaded posts; scrolling for more (attempt 2/3).
2026-08-12 22:30:32,772 - INFO - Ran out of loaded posts; scrolling for more (attempt 3/3).
2026-08-12 22:30:35,815 - INFO - Finished scrolling (3 rounds) to load additional posts.
2026-08-12 22:30:38,528 - INFO - No further unprocessed posts available after 3 scroll attempts; treating this group as fully scanned.
2026-08-12 22:30:38,529 - INFO - [5/31] Freelance Video Editor Philippines Official -- processed 2, qualifying 0, old 1, dup 0, invalid 0, ts-unparseable 0, not-qualifying 1
2026-08-12 22:30:38,532 - INFO - [6/31] Visiting group: Hire A VIDEO EDITOR WORLDWIDE Here (https://www.facebook.com/share/g/14fbrHUzmsZ/)
2026-08-12 22:30:42,153 - WARNING - The Chrome window appears MINIMIZED or hidden (document.visibilityState is not 'visible'). Chrome throttles hidden pages, so Facebook will not render or paginate group feeds and this run will find few or no posts. Please leave the debug Chrome window open and NOT minimized while the scraper runs.
2026-08-12 22:30:45,189 - INFO - Current page detected: https://www.facebook.com/groups/185647597308414/?rdid=Ktu3l9I1peDHRlAo&share_url=https%3A%2F%2Fwww.facebook.com%2Fshare%2Fg%2F14fbrHUzmsZ%2F#
2026-08-12 22:30:47,655 - WARNING - No post content rendered after 1.6s of waiting (only loading skeletons or empty containers were present) -- Facebook may be loading slowly or this feed may be empty.
2026-08-12 22:30:47,655 - WARNING - [6/31] No post content rendered (likely needs joining or is inaccessible); skipping without joining: https://www.facebook.com/share/g/14fbrHUzmsZ/
2026-08-12 22:30:47,657 - INFO - [7/31] Visiting group: Video Editors of the Philippines (https://www.facebook.com/share/g/1AhHHfAAdS/)
2026-08-12 22:30:53,220 - INFO - Current page detected: https://www.facebook.com/groups/914755432934212/?rdid=Soey1ds1vOObespj&share_url=https%3A%2F%2Fwww.facebook.com%2Fshare%2Fg%2F1AhHHfAAdS%2F#
2026-08-12 22:30:54,953 - WARNING - No post content rendered after 1.6s of waiting (only loading skeletons or empty containers were present) -- Facebook may be loading slowly or this feed may be empty.
2026-08-12 22:30:54,953 - WARNING - [7/31] No post content rendered (likely needs joining or is inaccessible); skipping without joining: https://www.facebook.com/share/g/1AhHHfAAdS/
2026-08-12 22:30:54,953 - INFO - [8/31] Visiting group: PHILIPPINES - FOR PROFESSIONAL VIDEO EDITORS ONLY (https://www.facebook.com/share/g/1Gq6caq1u8/)
2026-08-12 22:31:00,828 - INFO - Current page detected: https://www.facebook.com/groups/philippinesforprofessionalvideoeditorsonly/?rdid=DkIOnLnrKkAgzq4k&share_url=https%3A%2F%2Fwww.facebook.com%2Fshare%2Fg%2F1Gq6caq1u8%2F#
2026-08-12 22:31:04,654 - INFO - Ran out of loaded posts; scrolling for more (attempt 1/3).
2026-08-12 22:31:10,979 - INFO - Skipping post (timestamp could not be reliably determined): https://www.facebook.com/groups/philippinesforprofessionalvideoeditorsonly/posts/1465928852009840
2026-08-12 22:31:12,551 - INFO - Ran out of loaded posts; scrolling for more (attempt 1/3).
2026-08-12 22:31:14,574 - INFO - Ran out of loaded posts; scrolling for more (attempt 2/3).
2026-08-12 22:31:16,484 - INFO - Ran out of loaded posts; scrolling for more (attempt 3/3).
2026-08-12 22:31:19,536 - INFO - Finished scrolling (3 rounds) to load additional posts.
2026-08-12 22:31:19,980 - INFO - No further unprocessed posts available after 3 scroll attempts; treating this group as fully scanned.
2026-08-12 22:31:19,980 - INFO - [8/31] PHILIPPINES - FOR PROFESSIONAL VIDEO EDITORS ONLY -- processed 3, qualifying 0, old 1, dup 1, invalid 0, ts-unparseable 1, not-qualifying 0
2026-08-12 22:31:19,985 - INFO - [9/31] Visiting group: Pakistani Video Editors (https://www.facebook.com/share/g/17wWHArQg5/)
2026-08-12 22:31:26,455 - INFO - Current page detected: https://www.facebook.com/groups/497041285819747/?rdid=YRqeGWkNEqytwwig&share_url=https%3A%2F%2Fwww.facebook.com%2Fshare%2Fg%2F17wWHArQg5%2F#
2026-08-12 22:31:31,099 - INFO - Ran out of loaded posts; scrolling for more (attempt 1/3).
2026-08-12 22:31:39,067 - INFO - Ran out of loaded posts; scrolling for more (attempt 1/3).
2026-08-12 22:31:41,390 - INFO - Ran out of loaded posts; scrolling for more (attempt 2/3).
2026-08-12 22:31:43,335 - INFO - Ran out of loaded posts; scrolling for more (attempt 3/3).
2026-08-12 22:31:46,389 - INFO - Finished scrolling (3 rounds) to load additional posts.
2026-08-12 22:31:46,813 - INFO - No further unprocessed posts available after 3 scroll attempts; treating this group as fully scanned.
2026-08-12 22:31:46,813 - INFO - [9/31] Pakistani Video Editors -- processed 3, qualifying 0, old 1, dup 2, invalid 0, ts-unparseable 0, not-qualifying 0
2026-08-12 22:31:46,816 - INFO - [10/31] Visiting group: Video editors(Philippines) (https://www.facebook.com/share/g/1EZBXK2SzH/)
2026-08-12 22:31:52,128 - INFO - Current page detected: https://www.facebook.com/groups/1417223878967262/?rdid=FtiPZuiuhXrIbagD&share_url=https%3A%2F%2Fwww.facebook.com%2Fshare%2Fg%2F1EZBXK2SzH%2F#
2026-08-12 22:31:56,282 - INFO - Ran out of loaded posts; scrolling for more (attempt 1/3).
2026-08-12 22:32:00,597 - INFO - Skipping post (timestamp could not be reliably determined): https://www.facebook.com/stories/122094344588350841/UzpfSVNDOjE3MzIzODAwNTgwMjM3NDE=
2026-08-12 22:32:01,876 - INFO - Ran out of loaded posts; scrolling for more (attempt 1/3).
2026-08-12 22:32:03,885 - INFO - Ran out of loaded posts; scrolling for more (attempt 2/3).
2026-08-12 22:32:05,797 - INFO - Ran out of loaded posts; scrolling for more (attempt 3/3).
2026-08-12 22:32:08,984 - INFO - Finished scrolling (3 rounds) to load additional posts.
2026-08-12 22:32:10,708 - WARNING - No post content rendered after 1.6s of waiting (only loading skeletons or empty containers were present) -- Facebook may be loading slowly or this feed may be empty.
2026-08-12 22:32:10,708 - INFO - No further unprocessed posts available after 3 scroll attempts; treating this group as fully scanned.
2026-08-12 22:32:10,708 - INFO - [10/31] Video editors(Philippines) -- processed 2, qualifying 1, old 0, dup 0, invalid 0, ts-unparseable 1, not-qualifying 0
2026-08-12 22:32:22,963 - INFO - Wrote 1 lead(s) from this group. Daily quota now 1/20.
2026-08-12 22:32:22,963 - INFO - [11/31] Visiting group: Video Editing Groups (https://www.facebook.com/groups/294830932856749/)
2026-08-12 22:32:29,259 - INFO - Current page detected: https://www.facebook.com/groups/294830932856749/
2026-08-12 22:32:30,984 - WARNING - No post content rendered after 1.6s of waiting (only loading skeletons or empty containers were present) -- Facebook may be loading slowly or this feed may be empty.
2026-08-12 22:32:30,984 - WARNING - [11/31] No post content rendered (likely needs joining or is inaccessible); skipping without joining: https://www.facebook.com/groups/294830932856749/
2026-08-12 22:32:30,984 - INFO - [12/31] Visiting group: Hire a Video Editor - Freelance Hub (https://www.facebook.com/groups/2045519552480506/)
2026-08-12 22:32:36,202 - INFO - Current page detected: https://www.facebook.com/groups/2045519552480506/
2026-08-12 22:32:39,591 - INFO - Ran out of loaded posts; scrolling for more (attempt 1/3).
2026-08-12 22:32:46,882 - INFO - Ran out of loaded posts; scrolling for more (attempt 1/3).
2026-08-12 22:32:48,767 - INFO - Ran out of loaded posts; scrolling for more (attempt 2/3).
2026-08-12 22:32:50,397 - INFO - Ran out of loaded posts; scrolling for more (attempt 3/3).
2026-08-12 22:32:53,447 - INFO - Finished scrolling (3 rounds) to load additional posts.
2026-08-12 22:32:56,482 - INFO - Skipping post (not a clear remote/freelance video-editing lead) [intent classified as 'unknown', not 'buyer']: https://www.facebook.com/groups/editverse.freelancehub/posts/2811647489201038 | text: 'Assalam O Alaikum Pakistan Sy Is Waqt Koi Editor Available Hy Jisy Voice Script Images Sb Mily Or Usy Bs Adjust Krna Ata Ho Daily 1,2 Videos Daily Payment Hy Long Term Work Come Only Whatsapp No Messenger Inbox Please Msg Fast 03185442458'
2026-08-12 22:32:59,815 - INFO - Ran out of loaded posts; scrolling for more (attempt 1/3).
2026-08-12 22:33:02,967 - INFO - Ran out of loaded posts; scrolling for more (attempt 2/3).
2026-08-12 22:33:05,933 - INFO - Ran out of loaded posts; scrolling for more (attempt 3/3).
2026-08-12 22:33:08,967 - INFO - Finished scrolling (3 rounds) to load additional posts.
2026-08-12 22:33:10,872 - INFO - No further unprocessed posts available after 3 scroll attempts; treating this group as fully scanned.
2026-08-12 22:33:10,872 - INFO - [12/31] Hire a Video Editor - Freelance Hub -- processed 3, qualifying 1, old 0, dup 2, invalid 0, ts-unparseable 0, not-qualifying 1
2026-08-12 22:33:17,901 - INFO - Wrote 1 lead(s) from this group. Daily quota now 2/20.
2026-08-12 22:33:17,901 - INFO - [13/31] Visiting group: Video Editors Community (https://www.facebook.com/groups/503066452462593/)
2026-08-12 22:33:26,989 - WARNING - The Chrome window appears MINIMIZED or hidden (document.visibilityState is not 'visible'). Chrome throttles hidden pages, so Facebook will not render or paginate group feeds and this run will find few or no posts. Please leave the debug Chrome window open and NOT minimized while the scraper runs.
2026-08-12 22:33:30,869 - INFO - Current page detected: https://www.facebook.com/groups/503066452462593/
2026-08-12 22:33:33,196 - WARNING - The Chrome window appears MINIMIZED or hidden (document.visibilityState is not 'visible'). Chrome throttles hidden pages, so Facebook will not render or paginate group feeds and this run will find few or no posts. Please leave the debug Chrome window open and NOT minimized while the scraper runs.
2026-08-12 22:33:37,692 - INFO - Skipping post (not a clear remote/freelance video-editing lead) [intent classified as 'seller', not 'buyer']: https://www.facebook.com/groups/503066452462593/posts/891530056949562 | text: 'Hi, I need a high-quality 60-second Fiverr gig promotional video for my Funnel Design service. STYLE & QUALITY Modern, premium, and clean Fast-paced with smooth transitions See more'
2026-08-12 22:33:39,678 - INFO - Ran out of loaded posts; scrolling for more (attempt 1/3).
2026-08-12 22:33:42,023 - INFO - Ran out of loaded posts; scrolling for more (attempt 2/3).
2026-08-12 22:33:44,422 - INFO - Ran out of loaded posts; scrolling for more (attempt 3/3).
2026-08-12 22:33:47,459 - INFO - Finished scrolling (3 rounds) to load additional posts.
2026-08-12 22:33:48,557 - INFO - No further unprocessed posts available after 3 scroll attempts; treating this group as fully scanned.
2026-08-12 22:33:48,557 - INFO - [13/31] Video Editors Community -- processed 1, qualifying 0, old 0, dup 0, invalid 0, ts-unparseable 0, not-qualifying 1
2026-08-12 22:33:48,560 - INFO - [14/31] Visiting group: Video Editing Services and Community Worldwide (https://www.facebook.com/groups/610594114897677/)
2026-08-12 22:33:51,440 - WARNING - The Chrome window appears MINIMIZED or hidden (document.visibilityState is not 'visible'). Chrome throttles hidden pages, so Facebook will not render or paginate group feeds and this run will find few or no posts. Please leave the debug Chrome window open and NOT minimized while the scraper runs.
2026-08-12 22:33:54,452 - INFO - Current page detected: https://www.facebook.com/groups/610594114897677/
2026-08-12 22:33:58,259 - WARNING - No post content rendered after 1.6s of waiting (only loading skeletons or empty containers were present) -- Facebook may be loading slowly or this feed may be empty.
2026-08-12 22:33:58,259 - WARNING - [14/31] No post content rendered (likely needs joining or is inaccessible); skipping without joining: https://www.facebook.com/groups/610594114897677/
2026-08-12 22:33:58,261 - INFO - [15/31] Visiting group: YouTube Creators - Promote Your YouTube Channel (https://www.facebook.com/groups/ytcreatorspromo/)
2026-08-12 22:34:01,401 - WARNING - The Chrome window appears MINIMIZED or hidden (document.visibilityState is not 'visible'). Chrome throttles hidden pages, so Facebook will not render or paginate group feeds and this run will find few or no posts. Please leave the debug Chrome window open and NOT minimized while the scraper runs.
2026-08-12 22:34:04,299 - INFO - Current page detected: https://www.facebook.com/groups/ytcreatorspromo/
2026-08-12 22:34:08,142 - WARNING - No post content rendered after 1.6s of waiting (only loading skeletons or empty containers were present) -- Facebook may be loading slowly or this feed may be empty.
2026-08-12 22:34:08,142 - WARNING - [15/31] No post content rendered (likely needs joining or is inaccessible); skipping without joining: https://www.facebook.com/groups/ytcreatorspromo/
2026-08-12 22:34:08,142 - INFO - [16/31] Visiting group: Video Editor freelancer (https://www.facebook.com/groups/396537685660594/)
2026-08-12 22:34:11,808 - WARNING - The Chrome window appears MINIMIZED or hidden (document.visibilityState is not 'visible'). Chrome throttles hidden pages, so Facebook will not render or paginate group feeds and this run will find few or no posts. Please leave the debug Chrome window open and NOT minimized while the scraper runs.
2026-08-12 22:34:14,627 - INFO - Current page detected: https://www.facebook.com/groups/396537685660594/
2026-08-12 22:34:19,105 - WARNING - The Chrome window appears MINIMIZED or hidden (document.visibilityState is not 'visible'). Chrome throttles hidden pages, so Facebook will not render or paginate group feeds and this run will find few or no posts. Please leave the debug Chrome window open and NOT minimized while the scraper runs.
2026-08-12 22:34:23,624 - INFO - Skipping post (not a clear remote/freelance video-editing lead) [classified as onsite/in-person, not remote/freelance]: https://www.facebook.com/stories/141040630760588/UzpfSVNDOjI0NzE2MDIwMTAwMjc2OTM= | text: 'Need video editor for office job in Bharakhau Islamabad 03125050303'
2026-08-12 22:34:25,340 - INFO - Ran out of loaded posts; scrolling for more (attempt 1/3).
2026-08-12 22:34:29,138 - INFO - Ran out of loaded posts; scrolling for more (attempt 2/3).
2026-08-12 22:34:31,758 - INFO - Ran out of loaded posts; scrolling for more (attempt 3/3).
2026-08-12 22:34:34,809 - INFO - Finished scrolling (3 rounds) to load additional posts.
2026-08-12 22:34:36,505 - INFO - No further unprocessed posts available after 3 scroll attempts; treating this group as fully scanned.
2026-08-12 22:34:36,506 - INFO - [16/31] Video Editor freelancer -- processed 1, qualifying 0, old 0, dup 0, invalid 0, ts-unparseable 0, not-qualifying 1
2026-08-12 22:34:36,506 - INFO - [17/31] Visiting group: EDITOR HUB (https://www.facebook.com/groups/1380781919968166/)
2026-08-12 22:34:40,170 - WARNING - The Chrome window appears MINIMIZED or hidden (document.visibilityState is not 'visible'). Chrome throttles hidden pages, so Facebook will not render or paginate group feeds and this run will find few or no posts. Please leave the debug Chrome window open and NOT minimized while the scraper runs.
2026-08-12 22:34:44,843 - INFO - Current page detected: https://www.facebook.com/groups/1380781919968166/
2026-08-12 22:34:48,809 - WARNING - No post content rendered after 1.6s of waiting (only loading skeletons or empty containers were present) -- Facebook may be loading slowly or this feed may be empty.
2026-08-12 22:34:48,809 - WARNING - [17/31] No post content rendered (likely needs joining or is inaccessible); skipping without joining: https://www.facebook.com/groups/1380781919968166/
2026-08-12 22:34:48,809 - INFO - [18/31] Visiting group: Video editing (https://www.facebook.com/groups/409392954169013/)
2026-08-12 22:34:55,428 - WARNING - The Chrome window appears MINIMIZED or hidden (document.visibilityState is not 'visible'). Chrome throttles hidden pages, so Facebook will not render or paginate group feeds and this run will find few or no posts. Please leave the debug Chrome window open and NOT minimized while the scraper runs.
2026-08-12 22:34:57,536 - INFO - Current page detected: https://www.facebook.com/groups/409392954169013/
2026-08-12 22:35:01,843 - WARNING - No post content rendered after 1.6s of waiting (only loading skeletons or empty containers were present) -- Facebook may be loading slowly or this feed may be empty.
2026-08-12 22:35:01,843 - WARNING - [18/31] No post content rendered (likely needs joining or is inaccessible); skipping without joining: https://www.facebook.com/groups/409392954169013/
2026-08-12 22:35:01,843 - INFO - [19/31] Visiting group: AI Video Editing Jobs & Services Online (https://www.facebook.com/groups/1155257268851946/)
2026-08-12 22:35:05,819 - WARNING - The Chrome window appears MINIMIZED or hidden (document.visibilityState is not 'visible'). Chrome throttles hidden pages, so Facebook will not render or paginate group feeds and this run will find few or no posts. Please leave the debug Chrome window open and NOT minimized while the scraper runs.
2026-08-12 22:35:08,850 - INFO - Current page detected: https://www.facebook.com/groups/1155257268851946/
2026-08-12 22:35:12,406 - WARNING - No post content rendered after 1.6s of waiting (only loading skeletons or empty containers were present) -- Facebook may be loading slowly or this feed may be empty.
2026-08-12 22:35:12,406 - WARNING - [19/31] No post content rendered (likely needs joining or is inaccessible); skipping without joining: https://www.facebook.com/groups/1155257268851946/
2026-08-12 22:35:12,406 - INFO - [20/31] Visiting group: Freelancer Video Editing (https://www.facebook.com/groups/1326223411530920/)
2026-08-12 22:35:18,465 - WARNING - The Chrome window appears MINIMIZED or hidden (document.visibilityState is not 'visible'). Chrome throttles hidden pages, so Facebook will not render or paginate group feeds and this run will find few or no posts. Please leave the debug Chrome window open and NOT minimized while the scraper runs.
2026-08-12 22:35:20,714 - INFO - Current page detected: https://www.facebook.com/groups/1326223411530920/
2026-08-12 22:35:23,223 - WARNING - No post content rendered after 1.6s of waiting (only loading skeletons or empty containers were present) -- Facebook may be loading slowly or this feed may be empty.
2026-08-12 22:35:23,223 - WARNING - [20/31] No post content rendered (likely needs joining or is inaccessible); skipping without joining: https://www.facebook.com/groups/1326223411530920/
2026-08-12 22:35:23,223 - INFO - [21/31] Visiting group: Freelance Video Editor Philippines (https://www.facebook.com/share/g/1b6kxk64Ny/)
2026-08-12 22:35:29,614 - WARNING - The Chrome window appears MINIMIZED or hidden (document.visibilityState is not 'visible'). Chrome throttles hidden pages, so Facebook will not render or paginate group feeds and this run will find few or no posts. Please leave the debug Chrome window open and NOT minimized while the scraper runs.
2026-08-12 22:35:32,117 - INFO - Current page detected: https://www.facebook.com/groups/786509760938079/?rdid=ALXHdqKZjYzvqVNP&share_url=https%3A%2F%2Fwww.facebook.com%2Fshare%2Fg%2F1b6kxk64Ny%2F#
2026-08-12 22:35:34,076 - WARNING - The Chrome window appears MINIMIZED or hidden (document.visibilityState is not 'visible'). Chrome throttles hidden pages, so Facebook will not render or paginate group feeds and this run will find few or no posts. Please leave the debug Chrome window open and NOT minimized while the scraper runs.
2026-08-12 22:35:59,096 - WARNING - The Chrome window appears MINIMIZED or hidden (document.visibilityState is not 'visible'). Chrome throttles hidden pages, so Facebook will not render or paginate group feeds and this run will find few or no posts. Please leave the debug Chrome window open and NOT minimized while the scraper runs.
2026-08-12 22:36:00,701 - INFO - Reached the cap of 20 new lead(s) for this run; stopping immediately.
2026-08-12 22:36:00,714 - WARNING - The Chrome window appears MINIMIZED or hidden (document.visibilityState is not 'visible'). Chrome throttles hidden pages, so Facebook will not render or paginate group feeds and this run will find few or no posts. Please leave the debug Chrome window open and NOT minimized while the scraper runs.
2026-08-12 22:36:02,223 - WARNING - The Chrome window appears MINIMIZED or hidden (document.visibilityState is not 'visible'). Chrome throttles hidden pages, so Facebook will not render or paginate group feeds and this run will find few or no posts. Please leave the debug Chrome window open and NOT minimized while the scraper runs.
2026-08-12 22:36:03,730 - INFO - Skipping post (not a clear remote/freelance video-editing lead) [intent classified as 'seller', not 'buyer']: https://www.facebook.com/groups/999/posts/1100 | text: 'I am a video editor, available for hire, DM me.'
2026-08-12 22:36:03,730 - INFO - Skipping post (not a clear remote/freelance video-editing lead) [intent classified as 'seller', not 'buyer']: https://www.facebook.com/groups/999/posts/1101 | text: 'I am a video editor, available for hire, DM me.'
2026-08-12 22:36:03,730 - INFO - Skipping post (not a clear remote/freelance video-editing lead) [intent classified as 'seller', not 'buyer']: https://www.facebook.com/groups/999/posts/1102 | text: 'I am a video editor, available for hire, DM me.'
2026-08-12 22:36:03,740 - WARNING - The Chrome window appears MINIMIZED or hidden (document.visibilityState is not 'visible'). Chrome throttles hidden pages, so Facebook will not render or paginate group feeds and this run will find few or no posts. Please leave the debug Chrome window open and NOT minimized while the scraper runs.
2026-08-12 22:36:05,249 - WARNING - The Chrome window appears MINIMIZED or hidden (document.visibilityState is not 'visible'). Chrome throttles hidden pages, so Facebook will not render or paginate group feeds and this run will find few or no posts. Please leave the debug Chrome window open and NOT minimized while the scraper runs.
2026-08-12 22:36:06,760 - WARNING - The Chrome window appears MINIMIZED or hidden (document.visibilityState is not 'visible'). Chrome throttles hidden pages, so Facebook will not render or paginate group feeds and this run will find few or no posts. Please leave the debug Chrome window open and NOT minimized while the scraper runs.
2026-08-12 22:36:08,266 - INFO - Hit 8 consecutive posts older than the 2-day window; treating this group's recent history as fully covered and stopping.
2026-08-12 22:36:08,271 - WARNING - The Chrome window appears MINIMIZED or hidden (document.visibilityState is not 'visible'). Chrome throttles hidden pages, so Facebook will not render or paginate group feeds and this run will find few or no posts. Please leave the debug Chrome window open and NOT minimized while the scraper runs.
2026-08-12 22:36:09,775 - INFO - Ran out of loaded posts; scrolling for more (attempt 1/3).
2026-08-12 22:36:09,775 - INFO - Ran out of loaded posts; scrolling for more (attempt 2/3).
2026-08-12 22:36:09,775 - INFO - Ran out of loaded posts; scrolling for more (attempt 1/3).
2026-08-12 22:36:09,775 - INFO - Ran out of loaded posts; scrolling for more (attempt 2/3).
2026-08-12 22:36:09,775 - INFO - Ran out of loaded posts; scrolling for more (attempt 3/3).
2026-08-12 22:36:09,775 - INFO - No further unprocessed posts available after 3 scroll attempts; treating this group as fully scanned.
2026-08-12 22:36:09,775 - WARNING - The Chrome window appears MINIMIZED or hidden (document.visibilityState is not 'visible'). Chrome throttles hidden pages, so Facebook will not render or paginate group feeds and this run will find few or no posts. Please leave the debug Chrome window open and NOT minimized while the scraper runs.
2026-08-12 22:36:11,284 - INFO - Ran out of loaded posts; scrolling for more (attempt 1/3).
2026-08-12 22:36:12,285 - INFO - Ran out of loaded posts; scrolling for more (attempt 2/3).
2026-08-12 22:36:13,286 - INFO - Ran out of loaded posts; scrolling for more (attempt 3/3).
2026-08-12 22:36:16,289 - INFO - Finished scrolling (3 rounds) to load additional posts.
2026-08-12 22:36:16,291 - INFO - No further unprocessed posts available after 3 scroll attempts; treating this group as fully scanned.
2026-08-13 08:57:38,601 - INFO - Daily multi-group scrape started.
2026-08-13 08:57:38,614 - INFO - Daily lead quota: 0/20 used today.
2026-08-13 08:57:39,872 - INFO - [1/31] Visiting group: I Need a Editor (https://www.facebook.com/share/g/1YpD7y4noQ/)
2026-08-13 08:57:46,762 - INFO - Current page detected: https://www.facebook.com/groups/ineedavideoeditor/?rdid=2qEHcBD0SXVvyF7b&share_url=https%3A%2F%2Fwww.facebook.com%2Fshare%2Fg%2F1YpD7y4noQ%2F#
2026-08-13 08:57:50,545 - INFO - Ran out of loaded posts; scrolling for more (attempt 1/3).
2026-08-13 08:57:52,307 - INFO - Ran out of loaded posts; scrolling for more (attempt 2/3).
2026-08-13 09:19:57,822 - WARNING - The Chrome window appears MINIMIZED or hidden (document.visibilityState is not 'visible'). Chrome throttles hidden pages, so Facebook will not render or paginate group feeds and this run will find few or no posts. Please leave the debug Chrome window open and NOT minimized while the scraper runs.
2026-08-13 09:19:59,356 - INFO - Reached the cap of 20 new lead(s) for this run; stopping immediately.
2026-08-13 09:19:59,356 - WARNING - The Chrome window appears MINIMIZED or hidden (document.visibilityState is not 'visible'). Chrome throttles hidden pages, so Facebook will not render or paginate group feeds and this run will find few or no posts. Please leave the debug Chrome window open and NOT minimized while the scraper runs.
2026-08-13 09:20:00,930 - WARNING - The Chrome window appears MINIMIZED or hidden (document.visibilityState is not 'visible'). Chrome throttles hidden pages, so Facebook will not render or paginate group feeds and this run will find few or no posts. Please leave the debug Chrome window open and NOT minimized while the scraper runs.
2026-08-13 09:20:02,431 - INFO - Skipping post (not a clear remote/freelance video-editing lead) [intent classified as 'seller', not 'buyer']: https://www.facebook.com/groups/999/posts/1100 | text: 'I am a video editor, available for hire, DM me.'
2026-08-13 09:20:02,433 - INFO - Skipping post (not a clear remote/freelance video-editing lead) [intent classified as 'seller', not 'buyer']: https://www.facebook.com/groups/999/posts/1101 | text: 'I am a video editor, available for hire, DM me.'
2026-08-13 09:20:02,433 - INFO - Skipping post (not a clear remote/freelance video-editing lead) [intent classified as 'seller', not 'buyer']: https://www.facebook.com/groups/999/posts/1102 | text: 'I am a video editor, available for hire, DM me.'
2026-08-13 09:20:02,435 - WARNING - The Chrome window appears MINIMIZED or hidden (document.visibilityState is not 'visible'). Chrome throttles hidden pages, so Facebook will not render or paginate group feeds and this run will find few or no posts. Please leave the debug Chrome window open and NOT minimized while the scraper runs.
2026-08-13 09:20:03,940 - WARNING - The Chrome window appears MINIMIZED or hidden (document.visibilityState is not 'visible'). Chrome throttles hidden pages, so Facebook will not render or paginate group feeds and this run will find few or no posts. Please leave the debug Chrome window open and NOT minimized while the scraper runs.
2026-08-13 09:20:05,447 - WARNING - The Chrome window appears MINIMIZED or hidden (document.visibilityState is not 'visible'). Chrome throttles hidden pages, so Facebook will not render or paginate group feeds and this run will find few or no posts. Please leave the debug Chrome window open and NOT minimized while the scraper runs.
2026-08-13 09:20:06,948 - INFO - Hit 8 consecutive posts older than the 2-day window; treating this group's recent history as fully covered and stopping.
2026-08-13 09:20:06,952 - WARNING - The Chrome window appears MINIMIZED or hidden (document.visibilityState is not 'visible'). Chrome throttles hidden pages, so Facebook will not render or paginate group feeds and this run will find few or no posts. Please leave the debug Chrome window open and NOT minimized while the scraper runs.
2026-08-13 09:20:08,453 - INFO - Ran out of loaded posts; scrolling for more (attempt 1/3).
2026-08-13 09:20:08,453 - INFO - Ran out of loaded posts; scrolling for more (attempt 2/3).
2026-08-13 09:20:08,453 - INFO - Ran out of loaded posts; scrolling for more (attempt 1/3).
2026-08-13 09:20:08,453 - INFO - Ran out of loaded posts; scrolling for more (attempt 2/3).
2026-08-13 09:20:08,453 - INFO - Ran out of loaded posts; scrolling for more (attempt 3/3).
2026-08-13 09:20:08,453 - INFO - No further unprocessed posts available after 3 scroll attempts; treating this group as fully scanned.
2026-08-13 09:20:08,453 - WARNING - The Chrome window appears MINIMIZED or hidden (document.visibilityState is not 'visible'). Chrome throttles hidden pages, so Facebook will not render or paginate group feeds and this run will find few or no posts. Please leave the debug Chrome window open and NOT minimized while the scraper runs.
2026-08-13 09:20:09,960 - INFO - Ran out of loaded posts; scrolling for more (attempt 1/3).
2026-08-13 09:20:10,962 - INFO - Ran out of loaded posts; scrolling for more (attempt 2/3).
2026-08-13 09:20:11,963 - INFO - Ran out of loaded posts; scrolling for more (attempt 3/3).
2026-08-13 09:20:14,965 - INFO - Finished scrolling (3 rounds) to load additional posts.
2026-08-13 09:20:14,965 - INFO - No further unprocessed posts available after 3 scroll attempts; treating this group as fully scanned.
2026-08-13 09:40:53,452 - WARNING - The Chrome window appears MINIMIZED or hidden (document.visibilityState is not 'visible'). Chrome throttles hidden pages, so Facebook will not render or paginate group feeds and this run will find few or no posts. Please leave the debug Chrome window open and NOT minimized while the scraper runs.
2026-08-13 09:40:56,438 - INFO - Daily multi-group scrape started.
2026-08-13 09:40:56,438 - INFO - Daily lead quota: 0/20 used today.
2026-08-13 09:40:58,491 - INFO - [1/31] Visiting group: I Need a Editor (https://www.facebook.com/share/g/1YpD7y4noQ/)
2026-08-13 09:41:05,329 - WARNING - The Chrome window appears MINIMIZED or hidden (document.visibilityState is not 'visible'). Chrome throttles hidden pages, so Facebook will not render or paginate group feeds and this run will find few or no posts. Please leave the debug Chrome window open and NOT minimized while the scraper runs.
2026-08-13 09:41:07,459 - INFO - Current page detected: https://www.facebook.com/groups/ineedavideoeditor/?rdid=sbcFPnpX15UFt6eM&share_url=https%3A%2F%2Fwww.facebook.com%2Fshare%2Fg%2F1YpD7y4noQ%2F#
2026-08-13 09:41:10,117 - WARNING - The Chrome window appears MINIMIZED or hidden (document.visibilityState is not 'visible'). Chrome throttles hidden pages, so Facebook will not render or paginate group feeds and this run will find few or no posts. Please leave the debug Chrome window open and NOT minimized while the scraper runs.
2026-08-13 09:41:15,011 - INFO - Ran out of loaded posts; scrolling for more (attempt 1/3).
2026-08-13 09:41:17,487 - INFO - Ran out of loaded posts; scrolling for more (attempt 2/3).
2026-08-13 09:41:22,549 - INFO - Ran out of loaded posts; scrolling for more (attempt 1/3).
2026-08-13 09:41:25,600 - INFO - Ran out of loaded posts; scrolling for more (attempt 1/3).
2026-08-13 09:41:27,428 - INFO - Ran out of loaded posts; scrolling for more (attempt 2/3).
2026-08-13 09:41:29,080 - INFO - Ran out of loaded posts; scrolling for more (attempt 3/3).
2026-08-13 09:41:32,131 - INFO - Finished scrolling (3 rounds) to load additional posts.
2026-08-13 09:41:35,119 - INFO - Ran out of loaded posts; scrolling for more (attempt 1/3).
2026-08-13 09:41:37,082 - INFO - Ran out of loaded posts; scrolling for more (attempt 2/3).
2026-08-13 09:41:38,901 - INFO - Ran out of loaded posts; scrolling for more (attempt 3/3).
2026-08-13 09:41:41,950 - INFO - Finished scrolling (3 rounds) to load additional posts.
2026-08-13 09:41:43,638 - WARNING - No post content rendered after 1.6s of waiting (only loading skeletons or empty containers were present) -- Facebook may be loading slowly or this feed may be empty.
2026-08-13 09:41:43,639 - INFO - No further unprocessed posts available after 3 scroll attempts; treating this group as fully scanned.
2026-08-13 09:41:43,639 - INFO - [1/31] I Need a Editor -- processed 2, qualifying 3, old 0, dup 1, invalid 1, ts-unparseable 0, not-qualifying 0
2026-08-13 09:41:46,752 - ERROR - Google Sheets write failed for this group's leads, preserving locally: ('invalid_grant: Invalid grant: account not found', {'error': 'invalid_grant', 'error_description': 'Invalid grant: account not found'})
2026-08-13 09:41:46,752 - INFO - Collected URLs preserved locally in fb_urls_backup_20260813_094146.json
2026-08-13 09:41:46,757 - INFO - [2/31] Visiting group: VIDEO EDITORS for TIKTOK YOUTUBE & INSTAGRAM (https://www.facebook.com/share/g/1SZ9Bs6Dn1/)
2026-08-13 09:41:52,829 - WARNING - The Chrome window appears MINIMIZED or hidden (document.visibilityState is not 'visible'). Chrome throttles hidden pages, so Facebook will not render or paginate group feeds and this run will find few or no posts. Please leave the debug Chrome window open and NOT minimized while the scraper runs.
2026-08-13 09:41:54,863 - INFO - Current page detected: https://www.facebook.com/groups/1535727757545719/?rdid=pXnWyyO3nRNvVeg1&share_url=https%3A%2F%2Fwww.facebook.com%2Fshare%2Fg%2F1SZ9Bs6Dn1%2F#
2026-08-13 09:41:56,590 - WARNING - No post content rendered after 1.6s of waiting (only loading skeletons or empty containers were present) -- Facebook may be loading slowly or this feed may be empty.
2026-08-13 09:41:56,590 - WARNING - [2/31] No post content rendered (likely needs joining or is inaccessible); skipping without joining: https://www.facebook.com/share/g/1SZ9Bs6Dn1/
2026-08-13 09:41:56,590 - INFO - [3/31] Visiting group: Looking For Video Editor UK (https://www.facebook.com/share/g/1EN1BBuUB8/)
2026-08-13 09:42:01,646 - WARNING - The Chrome window appears MINIMIZED or hidden (document.visibilityState is not 'visible'). Chrome throttles hidden pages, so Facebook will not render or paginate group feeds and this run will find few or no posts. Please leave the debug Chrome window open and NOT minimized while the scraper runs.
2026-08-13 09:42:03,671 - INFO - Current page detected: https://www.facebook.com/groups/470532055541674/?rdid=zSSksLzG2v9q455j&share_url=https%3A%2F%2Fwww.facebook.com%2Fshare%2Fg%2F1EN1BBuUB8%2F#
2026-08-13 09:42:07,365 - INFO - Skipping post (not a clear remote/freelance video-editing lead) [intent classified as 'unknown', not 'buyer']: https://www.facebook.com/groups/470532055541674/posts/1089140620347478 | text: "Looking for a YouTube Video Editor for a New Global Travel Channel! I already travel a lot and share my journeys on Instagram, but now I want to document more extensively on YouTube. I'm launching a travel vlogging channel starting with short UK trips, expanding to European city breaks, and eventually scaling to all around the world. I'm looking for a reliable, long-term editor to grow with me. The Vibe: Raw, authentic, and natural not overly polished or over-produced. See more"
2026-08-13 09:42:07,791 - INFO - Ran out of loaded posts; scrolling for more (attempt 1/3).
2026-08-13 09:42:13,087 - INFO - Ran out of loaded posts; scrolling for more (attempt 1/3).
2026-08-13 09:42:17,303 - INFO - Ran out of loaded posts; scrolling for more (attempt 1/3).
2026-08-13 09:42:18,944 - INFO - Ran out of loaded posts; scrolling for more (attempt 2/3).
2026-08-13 09:42:22,855 - INFO - Ran out of loaded posts; scrolling for more (attempt 1/3).
2026-08-13 09:43:43,499 - INFO - Daily multi-group scrape started.
2026-08-13 09:43:43,514 - INFO - Daily lead quota: 0/20 used today.
2026-08-13 09:43:45,347 - INFO - [1/31] Visiting group: I Need a Editor (https://www.facebook.com/share/g/1YpD7y4noQ/)
2026-08-13 09:43:52,168 - INFO - Current page detected: https://www.facebook.com/groups/ineedavideoeditor/?rdid=aX3tbarGarpjU4nA&share_url=https%3A%2F%2Fwww.facebook.com%2Fshare%2Fg%2F1YpD7y4noQ%2F#
2026-08-13 09:43:57,293 - INFO - Ran out of loaded posts; scrolling for more (attempt 1/3).
2026-08-13 09:44:07,016 - INFO - Ran out of loaded posts; scrolling for more (attempt 1/3).
2026-08-13 09:44:09,127 - INFO - Ran out of loaded posts; scrolling for more (attempt 2/3).
2026-08-13 09:44:10,483 - INFO - Ran out of loaded posts; scrolling for more (attempt 3/3).
2026-08-13 09:44:13,522 - INFO - Finished scrolling (3 rounds) to load additional posts.
2026-08-13 09:44:15,661 - INFO - Ran out of loaded posts; scrolling for more (attempt 1/3).
2026-08-13 09:44:17,166 - INFO - Ran out of loaded posts; scrolling for more (attempt 2/3).
2026-08-13 09:44:18,678 - INFO - Ran out of loaded posts; scrolling for more (attempt 3/3).
2026-08-13 09:44:21,713 - INFO - Finished scrolling (3 rounds) to load additional posts.
2026-08-13 09:44:23,941 - INFO - Ran out of loaded posts; scrolling for more (attempt 1/3).
2026-08-13 09:44:25,630 - INFO - Ran out of loaded posts; scrolling for more (attempt 2/3).
2026-08-13 09:44:27,300 - INFO - Ran out of loaded posts; scrolling for more (attempt 3/3).
2026-08-13 09:44:30,335 - INFO - Finished scrolling (3 rounds) to load additional posts.
2026-08-13 09:44:33,774 - INFO - Ran out of loaded posts; scrolling for more (attempt 1/3).
2026-08-13 09:44:35,602 - INFO - Ran out of loaded posts; scrolling for more (attempt 2/3).
2026-08-13 09:44:37,320 - INFO - Ran out of loaded posts; scrolling for more (attempt 3/3).
2026-08-13 09:44:40,353 - INFO - Finished scrolling (3 rounds) to load additional posts.
2026-08-13 09:44:42,041 - WARNING - No post content rendered after 1.6s of waiting (only loading skeletons or empty containers were present) -- Facebook may be loading slowly or this feed may be empty.
2026-08-13 09:44:42,041 - INFO - No further unprocessed posts available after 3 scroll attempts; treating this group as fully scanned.
2026-08-13 09:44:42,041 - INFO - [1/31] I Need a Editor -- processed 3, qualifying 1, old 0, dup 4, invalid 1, ts-unparseable 0, not-qualifying 0
2026-08-13 09:44:45,194 - ERROR - Google Sheets write failed for this group's leads, preserving locally: ('invalid_grant: Invalid grant: account not found', {'error': 'invalid_grant', 'error_description': 'Invalid grant: account not found'})
2026-08-13 09:44:45,194 - INFO - Collected URLs preserved locally in fb_urls_backup_20260813_094445.json
2026-08-13 09:44:45,201 - INFO - [2/31] Visiting group: VIDEO EDITORS for TIKTOK YOUTUBE & INSTAGRAM (https://www.facebook.com/share/g/1SZ9Bs6Dn1/)
2026-08-13 09:44:50,304 - INFO - Current page detected: https://www.facebook.com/groups/1535727757545719/?rdid=iDfEX4zQuCEz49v5&share_url=https%3A%2F%2Fwww.facebook.com%2Fshare%2Fg%2F1SZ9Bs6Dn1%2F#
2026-08-13 09:44:51,997 - WARNING - No post content rendered after 1.6s of waiting (only loading skeletons or empty containers were present) -- Facebook may be loading slowly or this feed may be empty.
2026-08-13 09:44:51,997 - WARNING - [2/31] No post content rendered (likely needs joining or is inaccessible); skipping without joining: https://www.facebook.com/share/g/1SZ9Bs6Dn1/
2026-08-13 09:44:51,997 - INFO - [3/31] Visiting group: Looking For Video Editor UK (https://www.facebook.com/share/g/1EN1BBuUB8/)
2026-08-13 09:44:55,762 - INFO - Current page detected: https://www.facebook.com/groups/470532055541674/?rdid=lb4rCkTgOvuscSVu&share_url=https%3A%2F%2Fwww.facebook.com%2Fshare%2Fg%2F1EN1BBuUB8%2F#
2026-08-13 09:44:58,448 - INFO - Skipping post (not a clear remote/freelance video-editing lead) [intent classified as 'unknown', not 'buyer']: https://www.facebook.com/groups/470532055541674/posts/1089140620347478 | text: "Looking for a YouTube Video Editor for a New Global Travel Channel! I already travel a lot and share my journeys on Instagram, but now I want to document more extensively on YouTube. I'm launching a travel vlogging channel starting with short UK trips, expanding to European city breaks, and eventually scaling to all around the world. I'm looking for a reliable, long-term editor to grow with me. The Vibe: Raw, authentic, and natural not overly polished or over-produced. See more"
2026-08-13 09:44:58,788 - INFO - Ran out of loaded posts; scrolling for more (attempt 1/3).
2026-08-13 09:45:04,302 - INFO - Ran out of loaded posts; scrolling for more (attempt 1/3).
2026-08-13 09:45:08,367 - INFO - Ran out of loaded posts; scrolling for more (attempt 1/3).
2026-08-13 09:45:09,964 - INFO - Ran out of loaded posts; scrolling for more (attempt 2/3).
2026-08-13 09:45:13,919 - INFO - Ran out of loaded posts; scrolling for more (attempt 1/3).
2026-08-13 09:45:15,951 - INFO - Ran out of loaded posts; scrolling for more (attempt 2/3).
2026-08-13 09:45:17,544 - INFO - Ran out of loaded posts; scrolling for more (attempt 3/3).
2026-08-13 09:45:20,626 - INFO - Finished scrolling (3 rounds) to load additional posts.
2026-08-13 09:45:22,330 - WARNING - No post content rendered after 1.6s of waiting (only loading skeletons or empty containers were present) -- Facebook may be loading slowly or this feed may be empty.
2026-08-13 09:45:22,330 - INFO - No further unprocessed posts available after 3 scroll attempts; treating this group as fully scanned.
2026-08-13 09:45:22,331 - INFO - [3/31] Looking For Video Editor UK -- processed 2, qualifying 0, old 0, dup 0, invalid 3, ts-unparseable 0, not-qualifying 1
2026-08-13 09:45:22,332 - INFO - [4/31] Visiting group: Professional Video Editors (https://www.facebook.com/share/g/17sYQhzdR4/)
2026-08-13 09:45:26,673 - INFO - Current page detected: https://www.facebook.com/groups/310584494121197/?rdid=5kMGDf33DdF9z3uD&share_url=https%3A%2F%2Fwww.facebook.com%2Fshare%2Fg%2F17sYQhzdR4%2F#
2026-08-13 09:45:28,409 - WARNING - No post content rendered after 1.6s of waiting (only loading skeletons or empty containers were present) -- Facebook may be loading slowly or this feed may be empty.
2026-08-13 09:45:28,409 - WARNING - [4/31] No post content rendered (likely needs joining or is inaccessible); skipping without joining: https://www.facebook.com/share/g/17sYQhzdR4/
2026-08-13 09:45:28,409 - INFO - [5/31] Visiting group: Freelance Video Editor Philippines Official (https://www.facebook.com/share/g/1BiuKWizbZ/)
2026-08-13 09:45:34,620 - INFO - Current page detected: https://www.facebook.com/groups/563297302882280/?rdid=FPgYai3HOOBCDcdU&share_url=https%3A%2F%2Fwww.facebook.com%2Fshare%2Fg%2F1BiuKWizbZ%2F#
2026-08-13 09:45:37,464 - INFO - Skipping post (not a clear remote/freelance video-editing lead) [intent classified as 'seller', not 'buyer']: https://www.facebook.com/stories/108573631274135/UzpfSVNDOjI3NjgyODQyMzQxMzM4MjE0 | text: 'Need mo ng content pero wala kang time mag-edit? We help small businesses, coaches, creators, and brands create clean and engaging videos for Facebook, TikTok, and Reels. We offer:… See more'
2026-08-13 09:45:37,950 - INFO - Ran out of loaded posts; scrolling for more (attempt 1/3).
2026-08-13 09:45:45,222 - INFO - Ran out of loaded posts; scrolling for more (attempt 1/3).
2026-08-13 09:45:47,096 - INFO - Ran out of loaded posts; scrolling for more (attempt 2/3).
2026-08-13 09:45:48,856 - INFO - Ran out of loaded posts; scrolling for more (attempt 3/3).
2026-08-13 09:45:51,941 - INFO - Finished scrolling (3 rounds) to load additional posts.
2026-08-13 09:45:54,115 - INFO - Ran out of loaded posts; scrolling for more (attempt 1/3).
2026-08-13 09:45:55,744 - INFO - Ran out of loaded posts; scrolling for more (attempt 2/3).
2026-08-13 09:45:57,380 - INFO - Ran out of loaded posts; scrolling for more (attempt 3/3).
2026-08-13 09:46:00,407 - INFO - Finished scrolling (3 rounds) to load additional posts.
2026-08-13 09:46:02,747 - INFO - Ran out of loaded posts; scrolling for more (attempt 1/3).
2026-08-13 09:46:04,650 - INFO - Ran out of loaded posts; scrolling for more (attempt 2/3).
2026-08-13 09:46:06,480 - INFO - Ran out of loaded posts; scrolling for more (attempt 3/3).
2026-08-13 09:46:09,525 - INFO - Finished scrolling (3 rounds) to load additional posts.
2026-08-13 09:46:09,912 - INFO - No further unprocessed posts available after 3 scroll attempts; treating this group as fully scanned.
2026-08-13 09:46:09,912 - INFO - [5/31] Freelance Video Editor Philippines Official -- processed 3, qualifying 1, old 3, dup 0, invalid 0, ts-unparseable 0, not-qualifying 1
2026-08-13 09:46:10,977 - ERROR - Google Sheets write failed for this group's leads, preserving locally: ('invalid_grant: Invalid grant: account not found', {'error': 'invalid_grant', 'error_description': 'Invalid grant: account not found'})
2026-08-13 09:46:10,979 - INFO - Collected URLs preserved locally in fb_urls_backup_20260813_094610.json
2026-08-13 09:46:10,981 - INFO - [6/31] Visiting group: Hire A VIDEO EDITOR WORLDWIDE Here (https://www.facebook.com/share/g/14fbrHUzmsZ/)
2026-08-13 09:46:15,406 - INFO - Current page detected: https://www.facebook.com/groups/185647597308414/?rdid=JYKk5WhQzwgiK9Fb&share_url=https%3A%2F%2Fwww.facebook.com%2Fshare%2Fg%2F14fbrHUzmsZ%2F#
2026-08-13 09:46:21,500 - INFO - Skipping post (not a clear remote/freelance video-editing lead) [intent classified as 'unknown', not 'buyer'; no video-editing context keyword found]: https://www.facebook.com/groups/185647597308414/posts/923639050175928 | text: "Let's welcome our new members! Asifur Rahman ,… See more"
2026-08-13 09:46:22,300 - INFO - Ran out of loaded posts; scrolling for more (attempt 1/3).
2026-08-13 09:46:30,424 - INFO - Ran out of loaded posts; scrolling for more (attempt 1/3).
2026-08-13 09:46:32,796 - INFO - Ran out of loaded posts; scrolling for more (attempt 2/3).
2026-08-13 09:46:34,976 - INFO - Ran out of loaded posts; scrolling for more (attempt 3/3).
2026-08-13 09:46:38,037 - INFO - Finished scrolling (3 rounds) to load additional posts.
2026-08-13 09:46:39,808 - WARNING - No post content rendered after 1.6s of waiting (only loading skeletons or empty containers were present) -- Facebook may be loading slowly or this feed may be empty.
2026-08-13 09:46:39,808 - INFO - No further unprocessed posts available after 3 scroll attempts; treating this group as fully scanned.
2026-08-13 09:46:39,808 - INFO - [6/31] Hire A VIDEO EDITOR WORLDWIDE Here -- processed 2, qualifying 0, old 0, dup 0, invalid 1, ts-unparseable 0, not-qualifying 1
2026-08-13 09:46:39,809 - INFO - [7/31] Visiting group: Video Editors of the Philippines (https://www.facebook.com/share/g/1AhHHfAAdS/)
2026-08-13 09:46:45,161 - INFO - Current page detected: https://www.facebook.com/groups/914755432934212/?rdid=amrHleBN0TpMFoXS&share_url=https%3A%2F%2Fwww.facebook.com%2Fshare%2Fg%2F1AhHHfAAdS%2F#
2026-08-13 09:46:47,275 - WARNING - No post content rendered after 1.6s of waiting (only loading skeletons or empty containers were present) -- Facebook may be loading slowly or this feed may be empty.
2026-08-13 09:46:47,275 - WARNING - [7/31] No post content rendered (likely needs joining or is inaccessible); skipping without joining: https://www.facebook.com/share/g/1AhHHfAAdS/
2026-08-13 09:46:47,275 - INFO - [8/31] Visiting group: PHILIPPINES - FOR PROFESSIONAL VIDEO EDITORS ONLY (https://www.facebook.com/share/g/1Gq6caq1u8/)
2026-08-13 09:46:54,293 - INFO - Current page detected: https://www.facebook.com/groups/philippinesforprofessionalvideoeditorsonly/?rdid=HOwXH01QWaOLKzCw&share_url=https%3A%2F%2Fwww.facebook.com%2Fshare%2Fg%2F1Gq6caq1u8%2F#
2026-08-13 09:46:57,664 - INFO - Skipping post (not a clear remote/freelance video-editing lead) [intent classified as 'unknown', not 'buyer']: https://www.facebook.com/groups/philippinesforprofessionalvideoeditorsonly/posts/1466725101930215 | text: 'LF AI promt specialist for videos! DM me your best pixar sample and realistic AI video samples. budget : Full time for 40-70k a month depends on your speed and quality outputs. … See more'
2026-08-13 09:46:58,250 - INFO - Ran out of loaded posts; scrolling for more (attempt 1/3).
2026-08-13 09:47:05,981 - INFO - Ran out of loaded posts; scrolling for more (attempt 1/3).
2026-08-13 09:47:08,696 - WARNING - No post content rendered after 1.6s of waiting (only loading skeletons or empty containers were present) -- Facebook may be loading slowly or this feed may be empty.
2026-08-13 09:47:08,697 - INFO - Ran out of loaded posts; scrolling for more (attempt 2/3).
2026-08-13 09:47:11,432 - WARNING - No post content rendered after 1.6s of waiting (only loading skeletons or empty containers were present) -- Facebook may be loading slowly or this feed may be empty.
2026-08-13 09:47:11,433 - INFO - Ran out of loaded posts; scrolling for more (attempt 3/3).
2026-08-13 09:47:14,489 - INFO - Finished scrolling (3 rounds) to load additional posts.
2026-08-13 09:47:16,281 - WARNING - No post content rendered after 1.6s of waiting (only loading skeletons or empty containers were present) -- Facebook may be loading slowly or this feed may be empty.
2026-08-13 09:47:16,281 - INFO - No further unprocessed posts available after 3 scroll attempts; treating this group as fully scanned.
2026-08-13 09:47:16,282 - INFO - [8/31] PHILIPPINES - FOR PROFESSIONAL VIDEO EDITORS ONLY -- processed 2, qualifying 0, old 0, dup 0, invalid 1, ts-unparseable 0, not-qualifying 1
2026-08-13 09:47:16,284 - INFO - [9/31] Visiting group: Pakistani Video Editors (https://www.facebook.com/share/g/17wWHArQg5/)
2026-08-13 09:47:21,400 - INFO - Current page detected: https://www.facebook.com/groups/497041285819747/?rdid=9iB2FluDcp8HaHdb&share_url=https%3A%2F%2Fwww.facebook.com%2Fshare%2Fg%2F17wWHArQg5%2F#
2026-08-13 09:47:24,583 - INFO - Ran out of loaded posts; scrolling for more (attempt 1/3).
2026-08-13 09:47:31,006 - INFO - Ran out of loaded posts; scrolling for more (attempt 1/3).
2026-08-13 09:47:33,404 - INFO - Ran out of loaded posts; scrolling for more (attempt 2/3).
2026-08-13 09:47:35,348 - INFO - Ran out of loaded posts; scrolling for more (attempt 3/3).
2026-08-13 09:47:38,385 - INFO - Finished scrolling (3 rounds) to load additional posts.
2026-08-13 09:47:40,752 - INFO - Ran out of loaded posts; scrolling for more (attempt 1/3).
2026-08-13 09:47:42,666 - INFO - Ran out of loaded posts; scrolling for more (attempt 2/3).
2026-08-13 09:47:44,609 - INFO - Ran out of loaded posts; scrolling for more (attempt 3/3).
2026-08-13 09:47:47,694 - INFO - Finished scrolling (3 rounds) to load additional posts.
2026-08-13 09:47:49,076 - INFO - Skipping post (not a clear remote/freelance video-editing lead) [intent classified as 'unknown', not 'buyer']: https://www.facebook.com/groups/497041285819747/posts/1444118971111969 | text: 'I record videos for my motovlogs and edit them for youtube. I wonder how much it will cost to get this thing done professionally. I am a beginner. Pl dont expect me to pay alot.'
2026-08-13 09:47:49,935 - INFO - Ran out of loaded posts; scrolling for more (attempt 1/3).
2026-08-13 09:47:51,805 - INFO - Ran out of loaded posts; scrolling for more (attempt 2/3).
2026-08-13 09:47:53,529 - INFO - Ran out of loaded posts; scrolling for more (attempt 3/3).
2026-08-13 09:47:56,602 - INFO - Finished scrolling (3 rounds) to load additional posts.
2026-08-13 09:47:59,084 - INFO - Ran out of loaded posts; scrolling for more (attempt 1/3).
2026-08-13 09:48:00,927 - INFO - Ran out of loaded posts; scrolling for more (attempt 2/3).
2026-08-13 09:48:02,942 - INFO - Ran out of loaded posts; scrolling for more (attempt 3/3).
2026-08-13 09:48:05,976 - INFO - Finished scrolling (3 rounds) to load additional posts.
2026-08-13 09:48:08,149 - INFO - Ran out of loaded posts; scrolling for more (attempt 1/3).
2026-08-13 09:48:09,829 - INFO - Ran out of loaded posts; scrolling for more (attempt 2/3).
2026-08-13 09:48:11,170 - INFO - Ran out of loaded posts; scrolling for more (attempt 3/3).
2026-08-13 09:48:14,207 - INFO - Finished scrolling (3 rounds) to load additional posts.
2026-08-13 09:48:19,182 - INFO - Ran out of loaded posts; scrolling for more (attempt 1/3).
2026-08-13 09:48:20,768 - INFO - Ran out of loaded posts; scrolling for more (attempt 2/3).
2026-08-13 09:48:22,666 - INFO - Ran out of loaded posts; scrolling for more (attempt 3/3).
2026-08-13 09:48:25,723 - INFO - Finished scrolling (3 rounds) to load additional posts.
2026-08-13 09:48:26,015 - INFO - No further unprocessed posts available after 3 scroll attempts; treating this group as fully scanned.
2026-08-13 09:48:26,015 - INFO - [9/31] Pakistani Video Editors -- processed 3, qualifying 3, old 2, dup 2, invalid 1, ts-unparseable 0, not-qualifying 1
2026-08-13 09:48:27,152 - ERROR - Google Sheets write failed for this group's leads, preserving locally: ('invalid_grant: Invalid grant: account not found', {'error': 'invalid_grant', 'error_description': 'Invalid grant: account not found'})
2026-08-13 09:48:27,154 - INFO - Collected URLs preserved locally in fb_urls_backup_20260813_094827.json
2026-08-13 09:48:27,158 - INFO - [10/31] Visiting group: Video editors(Philippines) (https://www.facebook.com/share/g/1EZBXK2SzH/)
2026-08-13 09:48:33,235 - INFO - Current page detected: https://www.facebook.com/groups/1417223878967262/?rdid=50qiEWspZiAVSnoj&share_url=https%3A%2F%2Fwww.facebook.com%2Fshare%2Fg%2F1EZBXK2SzH%2F#
2026-08-13 09:48:37,055 - INFO - Skipping post (not a clear remote/freelance video-editing lead) [intent classified as 'unknown', not 'buyer'; no video-editing context keyword found]: https://www.facebook.com/groups/1417223878967262/posts/1969850817037896 | text: 'reposting. sorry for not being able to respond sa lahat ng nag message. it has been overwhelming. pero here is what to expect and what I need. tysm!'
2026-08-13 09:48:37,838 - INFO - Ran out of loaded posts; scrolling for more (attempt 1/3).
2026-08-13 09:48:40,932 - INFO - Ran out of loaded posts; scrolling for more (attempt 2/3).
2026-08-13 09:48:45,283 - INFO - Skipping post (not a clear remote/freelance video-editing lead) [intent classified as 'unknown', not 'buyer']: https://www.facebook.com/groups/1417223878967262/posts/1969899350366376 | text: 'I’m looking for a META Ads video editor. Must have prior experience with hook rate, retention and roas.   1 video a day / 20 USD per video (that’s roughly 1,200 in Philippine peso)  Message me your portfolio. Need ASAP. Thank you!'
2026-08-13 09:48:47,095 - INFO - Ran out of loaded posts; scrolling for more (attempt 1/3).
2026-08-13 09:48:49,275 - INFO - Ran out of loaded posts; scrolling for more (attempt 2/3).
2026-08-13 09:48:51,432 - INFO - Ran out of loaded posts; scrolling for more (attempt 3/3).
2026-08-13 09:48:54,495 - INFO - Finished scrolling (3 rounds) to load additional posts.
2026-08-13 09:48:56,773 - INFO - Skipping post (timestamp could not be reliably determined): https://www.facebook.com/stories/122109134241385529/UzpfSVNDOjEzNDkzMDEwMzA3MDMxNTI=
2026-08-13 09:48:57,497 - INFO - Ran out of loaded posts; scrolling for more (attempt 1/3).
2026-08-13 09:48:59,192 - INFO - Ran out of loaded posts; scrolling for more (attempt 2/3).
2026-08-13 09:49:01,076 - INFO - Ran out of loaded posts; scrolling for more (attempt 3/3).
2026-08-13 09:49:04,113 - INFO - Finished scrolling (3 rounds) to load additional posts.
2026-08-13 09:49:05,797 - WARNING - No post content rendered after 1.6s of waiting (only loading skeletons or empty containers were present) -- Facebook may be loading slowly or this feed may be empty.
2026-08-13 09:49:05,797 - INFO - No further unprocessed posts available after 3 scroll attempts; treating this group as fully scanned.
2026-08-13 09:49:05,797 - INFO - [10/31] Video editors(Philippines) -- processed 2, qualifying 0, old 0, dup 0, invalid 0, ts-unparseable 1, not-qualifying 2
2026-08-13 09:49:05,799 - INFO - [11/31] Visiting group: Video Editing Groups (https://www.facebook.com/groups/294830932856749/)
2026-08-13 09:49:17,747 - INFO - Current page detected: https://www.facebook.com/groups/294830932856749/
2026-08-13 09:49:19,522 - WARNING - No post content rendered after 1.6s of waiting (only loading skeletons or empty containers were present) -- Facebook may be loading slowly or this feed may be empty.
2026-08-13 09:49:19,522 - WARNING - [11/31] No post content rendered (likely needs joining or is inaccessible); skipping without joining: https://www.facebook.com/groups/294830932856749/
2026-08-13 09:49:19,522 - INFO - [12/31] Visiting group: Hire a Video Editor - Freelance Hub (https://www.facebook.com/groups/2045519552480506/)
2026-08-13 09:49:27,416 - INFO - Current page detected: https://www.facebook.com/groups/2045519552480506/
2026-08-13 09:49:30,204 - INFO - Ran out of loaded posts; scrolling for more (attempt 1/3).
2026-08-13 09:49:35,291 - INFO - Skipping post (not a clear remote/freelance video-editing lead) [intent classified as 'unknown', not 'buyer']: https://www.facebook.com/groups/editverse.freelancehub/posts/2811647489201038 | text: 'Assalam O Alaikum Pakistan Sy Is Waqt Koi Editor Available Hy Jisy Voice Script Images Sb Mily Or Usy Bs Adjust Krna Ata Ho Daily 1,2 Videos Daily Payment Hy Long Term Work Come Only Whatsapp No Messenger Inbox Please Msg Fast 03185442458'
2026-08-13 09:49:36,305 - INFO - Ran out of loaded posts; scrolling for more (attempt 1/3).
2026-08-13 09:49:37,931 - INFO - Ran out of loaded posts; scrolling for more (attempt 2/3).
2026-08-13 09:49:39,621 - INFO - Ran out of loaded posts; scrolling for more (attempt 3/3).
2026-08-13 09:49:42,656 - INFO - Finished scrolling (3 rounds) to load additional posts.
2026-08-13 09:49:44,068 - INFO - Skipping post (not a clear remote/freelance video-editing lead) [intent classified as 'unknown', not 'buyer']: https://www.facebook.com/groups/editverse.freelancehub/posts/2813936178972169 | text: 'VIDEO EDITOR WANTED — SCOPE CREEP I run Scope Creep, a video game essay channel (~3K subscribers and growing steadily). I write, record, and capture everything myself, and I’m looking for an editor to bring the finished VO and footage together. The Work See more'
2026-08-13 09:49:44,861 - INFO - Ran out of loaded posts; scrolling for more (attempt 1/3).
2026-08-13 09:49:47,773 - INFO - Ran out of loaded posts; scrolling for more (attempt 1/3).
2026-08-13 09:49:49,452 - INFO - Ran out of loaded posts; scrolling for more (attempt 2/3).
2026-08-13 09:49:51,141 - INFO - Ran out of loaded posts; scrolling for more (attempt 3/3).
2026-08-13 09:49:54,184 - INFO - Finished scrolling (3 rounds) to load additional posts.
2026-08-13 09:49:59,838 - INFO - Ran out of loaded posts; scrolling for more (attempt 1/3).
2026-08-13 09:50:01,838 - INFO - Ran out of loaded posts; scrolling for more (attempt 2/3).
2026-08-13 09:50:03,179 - INFO - Ran out of loaded posts; scrolling for more (attempt 3/3).
2026-08-13 09:50:06,408 - INFO - Finished scrolling (3 rounds) to load additional posts.
2026-08-13 09:50:09,425 - INFO - Ran out of loaded posts; scrolling for more (attempt 1/3).
2026-08-13 09:50:11,184 - INFO - Ran out of loaded posts; scrolling for more (attempt 2/3).
2026-08-13 09:50:12,848 - INFO - Ran out of loaded posts; scrolling for more (attempt 3/3).
2026-08-13 09:50:15,879 - INFO - Finished scrolling (3 rounds) to load additional posts.
2026-08-13 09:50:17,549 - WARNING - No post content rendered after 1.6s of waiting (only loading skeletons or empty containers were present) -- Facebook may be loading slowly or this feed may be empty.
2026-08-13 09:50:17,549 - INFO - No further unprocessed posts available after 3 scroll attempts; treating this group as fully scanned.
2026-08-13 09:50:17,549 - INFO - [12/31] Hire a Video Editor - Freelance Hub -- processed 3, qualifying 1, old 0, dup 3, invalid 2, ts-unparseable 0, not-qualifying 2
2026-08-13 09:50:18,381 - ERROR - Google Sheets write failed for this group's leads, preserving locally: ('invalid_grant: Invalid grant: account not found', {'error': 'invalid_grant', 'error_description': 'Invalid grant: account not found'})
2026-08-13 09:50:18,390 - INFO - Collected URLs preserved locally in fb_urls_backup_20260813_095018.json
2026-08-13 09:50:18,394 - INFO - [13/31] Visiting group: Video Editors Community (https://www.facebook.com/groups/503066452462593/)
2026-08-13 09:50:22,487 - INFO - Current page detected: https://www.facebook.com/groups/503066452462593/
2026-08-13 09:50:25,303 - INFO - Skipping post (not a clear remote/freelance video-editing lead) [intent classified as 'seller', not 'buyer']: https://www.facebook.com/groups/503066452462593/posts/891530056949562 | text: 'Hi, I need a high-quality 60-second Fiverr gig promotional video for my Funnel Design service. STYLE & QUALITY Modern, premium, and clean Fast-paced with smooth transitions See more'
2026-08-13 09:50:25,650 - INFO - Ran out of loaded posts; scrolling for more (attempt 1/3).
2026-08-13 09:50:28,047 - INFO - Ran out of loaded posts; scrolling for more (attempt 2/3).
2026-08-13 09:50:30,937 - INFO - Skipping post (timestamp could not be reliably determined): https://www.facebook.com/stories/993938107441386/UzpfSVNDOjEzNzYzMDUzNjc5NDE3MTg=
2026-08-13 09:50:32,617 - WARNING - No post content rendered after 1.6s of waiting (only loading skeletons or empty containers were present) -- Facebook may be loading slowly or this feed may be empty.
2026-08-13 09:50:32,617 - INFO - Ran out of loaded posts; scrolling for more (attempt 1/3).
2026-08-13 09:50:35,292 - WARNING - No post content rendered after 1.6s of waiting (only loading skeletons or empty containers were present) -- Facebook may be loading slowly or this feed may be empty.
2026-08-13 09:50:35,292 - INFO - Ran out of loaded posts; scrolling for more (attempt 2/3).
2026-08-13 09:50:37,976 - WARNING - No post content rendered after 1.6s of waiting (only loading skeletons or empty containers were present) -- Facebook may be loading slowly or this feed may be empty.
2026-08-13 09:50:37,976 - INFO - Ran out of loaded posts; scrolling for more (attempt 3/3).
2026-08-13 09:50:40,999 - INFO - Finished scrolling (3 rounds) to load additional posts.
2026-08-13 09:50:42,670 - WARNING - No post content rendered after 1.6s of waiting (only loading skeletons or empty containers were present) -- Facebook may be loading slowly or this feed may be empty.
2026-08-13 09:50:42,670 - INFO - No further unprocessed posts available after 3 scroll attempts; treating this group as fully scanned.
2026-08-13 09:50:42,670 - INFO - [13/31] Video Editors Community -- processed 1, qualifying 0, old 0, dup 0, invalid 0, ts-unparseable 1, not-qualifying 1
2026-08-13 09:50:42,674 - INFO - [14/31] Visiting group: Video Editing Services and Community Worldwide (https://www.facebook.com/groups/610594114897677/)
2026-08-13 09:50:46,564 - INFO - Current page detected: https://www.facebook.com/groups/610594114897677/
2026-08-13 09:50:48,248 - WARNING - No post content rendered after 1.6s of waiting (only loading skeletons or empty containers were present) -- Facebook may be loading slowly or this feed may be empty.
2026-08-13 09:50:48,248 - WARNING - [14/31] No post content rendered (likely needs joining or is inaccessible); skipping without joining: https://www.facebook.com/groups/610594114897677/
2026-08-13 09:50:48,248 - INFO - [15/31] Visiting group: YouTube Creators - Promote Your YouTube Channel (https://www.facebook.com/groups/ytcreatorspromo/)
2026-08-13 09:50:53,262 - INFO - Current page detected: https://www.facebook.com/groups/ytcreatorspromo/
2026-08-13 09:50:54,950 - WARNING - No post content rendered after 1.6s of waiting (only loading skeletons or empty containers were present) -- Facebook may be loading slowly or this feed may be empty.
2026-08-13 09:50:54,950 - WARNING - [15/31] No post content rendered (likely needs joining or is inaccessible); skipping without joining: https://www.facebook.com/groups/ytcreatorspromo/
2026-08-13 09:50:54,950 - INFO - [16/31] Visiting group: Video Editor freelancer (https://www.facebook.com/groups/396537685660594/)
2026-08-13 09:50:58,645 - INFO - Current page detected: https://www.facebook.com/groups/396537685660594/
2026-08-13 09:51:00,364 - WARNING - No post content rendered after 1.6s of waiting (only loading skeletons or empty containers were present) -- Facebook may be loading slowly or this feed may be empty.
2026-08-13 09:51:00,364 - WARNING - [16/31] No post content rendered (likely needs joining or is inaccessible); skipping without joining: https://www.facebook.com/groups/396537685660594/
2026-08-13 09:51:00,364 - INFO - [17/31] Visiting group: EDITOR HUB (https://www.facebook.com/groups/1380781919968166/)
2026-08-13 09:51:04,379 - INFO - Current page detected: https://www.facebook.com/groups/1380781919968166/
2026-08-13 09:51:06,088 - WARNING - No post content rendered after 1.6s of waiting (only loading skeletons or empty containers were present) -- Facebook may be loading slowly or this feed may be empty.
2026-08-13 09:51:06,088 - WARNING - [17/31] No post content rendered (likely needs joining or is inaccessible); skipping without joining: https://www.facebook.com/groups/1380781919968166/
2026-08-13 09:51:06,088 - INFO - [18/31] Visiting group: Video editing (https://www.facebook.com/groups/409392954169013/)
2026-08-13 09:51:11,110 - INFO - Current page detected: https://www.facebook.com/groups/409392954169013/
2026-08-13 09:51:13,864 - INFO - Ran out of loaded posts; scrolling for more (attempt 1/3).
2026-08-13 09:51:15,381 - INFO - Ran out of loaded posts; scrolling for more (attempt 2/3).
2026-08-13 09:51:19,687 - INFO - Ran out of loaded posts; scrolling for more (attempt 1/3).
2026-08-13 09:51:23,703 - INFO - Ran out of loaded posts; scrolling for more (attempt 1/3).
2026-08-13 09:51:25,563 - INFO - Ran out of loaded posts; scrolling for more (attempt 2/3).
2026-08-13 09:51:27,201 - INFO - Ran out of loaded posts; scrolling for more (attempt 3/3).
2026-08-13 09:51:30,254 - INFO - Finished scrolling (3 rounds) to load additional posts.
2026-08-13 09:51:31,944 - WARNING - No post content rendered after 1.6s of waiting (only loading skeletons or empty containers were present) -- Facebook may be loading slowly or this feed may be empty.
2026-08-13 09:51:31,944 - INFO - No further unprocessed posts available after 3 scroll attempts; treating this group as fully scanned.
2026-08-13 09:51:31,945 - INFO - [18/31] Video editing -- processed 3, qualifying 1, old 0, dup 0, invalid 2, ts-unparseable 0, not-qualifying 0
2026-08-13 09:51:33,267 - ERROR - Google Sheets write failed for this group's leads, preserving locally: ('invalid_grant: Invalid grant: account not found', {'error': 'invalid_grant', 'error_description': 'Invalid grant: account not found'})
2026-08-13 09:51:33,267 - INFO - Collected URLs preserved locally in fb_urls_backup_20260813_095133.json
2026-08-13 09:51:33,272 - INFO - [19/31] Visiting group: AI Video Editing Jobs & Services Online (https://www.facebook.com/groups/1155257268851946/)
2026-08-13 09:51:39,049 - INFO - Current page detected: https://www.facebook.com/groups/1155257268851946/
2026-08-13 09:51:40,959 - WARNING - No post content rendered after 1.6s of waiting (only loading skeletons or empty containers were present) -- Facebook may be loading slowly or this feed may be empty.
2026-08-13 09:51:40,959 - WARNING - [19/31] No post content rendered (likely needs joining or is inaccessible); skipping without joining: https://www.facebook.com/groups/1155257268851946/
2026-08-13 09:51:40,959 - INFO - [20/31] Visiting group: Freelancer Video Editing (https://www.facebook.com/groups/1326223411530920/)
2026-08-13 09:51:45,243 - INFO - Current page detected: https://www.facebook.com/groups/1326223411530920/
2026-08-13 09:51:47,001 - WARNING - No post content rendered after 1.6s of waiting (only loading skeletons or empty containers were present) -- Facebook may be loading slowly or this feed may be empty.
2026-08-13 09:51:47,001 - WARNING - [20/31] No post content rendered (likely needs joining or is inaccessible); skipping without joining: https://www.facebook.com/groups/1326223411530920/
2026-08-13 09:51:47,001 - INFO - [21/31] Visiting group: Freelance Video Editor Philippines (https://www.facebook.com/share/g/1b6kxk64Ny/)
2026-08-13 09:51:52,763 - INFO - Current page detected: https://www.facebook.com/groups/786509760938079/?rdid=W1B6bJHG31szoWES&share_url=https%3A%2F%2Fwww.facebook.com%2Fshare%2Fg%2F1b6kxk64Ny%2F#
2026-08-13 09:51:55,847 - INFO - Ran out of loaded posts; scrolling for more (attempt 1/3).
2026-08-13 09:51:57,205 - INFO - Ran out of loaded posts; scrolling for more (attempt 2/3).
2026-08-13 09:52:00,102 - INFO - Skipping post (timestamp could not be reliably determined): https://www.facebook.com/stories/122109134241385529/UzpfSVNDOjEzNDkzMDEwMzA3MDMxNTI=
2026-08-13 09:52:00,860 - INFO - Ran out of loaded posts; scrolling for more (attempt 1/3).
2026-08-13 09:52:02,543 - INFO - Ran out of loaded posts; scrolling for more (attempt 2/3).
2026-08-13 09:52:04,080 - INFO - Ran out of loaded posts; scrolling for more (attempt 3/3).
2026-08-13 09:52:07,128 - INFO - Finished scrolling (3 rounds) to load additional posts.
2026-08-13 09:52:08,804 - WARNING - No post content rendered after 1.6s of waiting (only loading skeletons or empty containers were present) -- Facebook may be loading slowly or this feed may be empty.
2026-08-13 09:52:08,804 - INFO - No further unprocessed posts available after 3 scroll attempts; treating this group as fully scanned.
2026-08-13 09:52:08,804 - INFO - [21/31] Freelance Video Editor Philippines -- processed 2, qualifying 1, old 0, dup 0, invalid 0, ts-unparseable 1, not-qualifying 0
2026-08-13 09:52:09,847 - ERROR - Google Sheets write failed for this group's leads, preserving locally: ('invalid_grant: Invalid grant: account not found', {'error': 'invalid_grant', 'error_description': 'Invalid grant: account not found'})
2026-08-13 09:52:09,850 - INFO - Collected URLs preserved locally in fb_urls_backup_20260813_095209.json
2026-08-13 09:52:09,852 - INFO - [22/31] Visiting group: Video Editors of the Philippines (2) (https://www.facebook.com/share/g/1D1Cud11Wk/)
2026-08-13 09:52:14,833 - INFO - Current page detected: https://www.facebook.com/groups/914755432934212/?rdid=AO181FbtGz6LEIFK&share_url=https%3A%2F%2Fwww.facebook.com%2Fshare%2Fg%2F1D1Cud11Wk%2F#
2026-08-13 09:52:17,311 - INFO - Skipping post (not a clear remote/freelance video-editing lead) [intent classified as 'unknown', not 'buyer']: https://www.facebook.com/groups/914755432934212/posts/1678104326599315 | text: 'Good morning, I’m looking for SAME DAY EDIT EDITOR FOR OUR WEDDING! yung affordable lang and just the SDE only! kindly recommend someone and dm, this is so ASAP!'
2026-08-13 09:52:17,735 - INFO - Ran out of loaded posts; scrolling for more (attempt 1/3).
2026-08-13 09:52:20,502 - INFO - Skipping post (timestamp could not be reliably determined): https://www.facebook.com/stories/1717776001602208/UzpfSVNDOjk0NTQwNTU1ODU5NjY1Mg==
2026-08-13 09:52:22,033 - INFO - Skipping post (not a clear remote/freelance video-editing lead) [intent classified as 'unknown', not 'buyer']: https://www.facebook.com/groups/914755432934212/posts/1677604693315945 | text: 'LF: video editor for news (school requirement) 2mins only'
2026-08-13 09:52:23,248 - INFO - Ran out of loaded posts; scrolling for more (attempt 1/3).
2026-08-13 09:52:24,992 - INFO - Ran out of loaded posts; scrolling for more (attempt 2/3).
2026-08-13 09:52:26,443 - INFO - Ran out of loaded posts; scrolling for more (attempt 3/3).
2026-08-13 09:52:29,476 - INFO - Finished scrolling (3 rounds) to load additional posts.
2026-08-13 09:52:30,372 - INFO - Skipping post (timestamp could not be reliably determined): https://www.facebook.com/stories/122109361226028274/UzpfSVNDOjE1NzA2OTM1MjQ1OTgxNzQ=
2026-08-13 09:52:30,790 - INFO - Ran out of loaded posts; scrolling for more (attempt 1/3).
2026-08-13 09:52:32,209 - INFO - Ran out of loaded posts; scrolling for more (attempt 2/3).
2026-08-13 09:52:33,765 - INFO - Ran out of loaded posts; scrolling for more (attempt 3/3).
2026-08-13 09:52:36,807 - INFO - Finished scrolling (3 rounds) to load additional posts.
2026-08-13 09:52:37,619 - INFO - Skipping post (timestamp could not be reliably determined): https://www.facebook.com/stories/122109361226028274/UzpfSVNDOjE1NzA2OTM1MjQ1OTgxNzQ=
2026-08-13 09:52:37,997 - INFO - Ran out of loaded posts; scrolling for more (attempt 1/3).
2026-08-13 09:52:39,314 - INFO - Ran out of loaded posts; scrolling for more (attempt 2/3).
2026-08-13 09:52:40,658 - INFO - Ran out of loaded posts; scrolling for more (attempt 3/3).
2026-08-13 09:52:43,693 - INFO - Finished scrolling (3 rounds) to load additional posts.
2026-08-13 09:52:45,299 - INFO - Skipping post (not a clear remote/freelance video-editing lead) [intent classified as 'seller', not 'buyer']: https://www.facebook.com/groups/914755432934212/posts/1678078489935232 | text: 'ACCEPTING COMMISIONS Hi, I’m Vince —I’m a video editor based in the Philippines, and I’ve been editing for over a year. My main area of expertise is in DTC and Meta paid ads, which is where I’ve spent most of my editing career. I also edit other types of content like podcasts and UGC—basically anything except heavy motion graphics. Editing Services - DTC ADS | Direct Response See more'
2026-08-13 09:52:46,007 - INFO - Ran out of loaded posts; scrolling for more (attempt 1/3).
2026-08-13 09:52:47,363 - INFO - Ran out of loaded posts; scrolling for more (attempt 2/3).
2026-08-13 09:52:48,727 - INFO - Ran out of loaded posts; scrolling for more (attempt 3/3).
2026-08-13 09:52:51,760 - INFO - Finished scrolling (3 rounds) to load additional posts.
2026-08-13 09:52:52,013 - INFO - No further unprocessed posts available after 3 scroll attempts; treating this group as fully scanned.
2026-08-13 09:52:52,013 - INFO - [22/31] Video Editors of the Philippines (2) -- processed 4, qualifying 0, old 0, dup 0, invalid 2, ts-unparseable 3, not-qualifying 3
2026-08-13 09:52:52,020 - INFO - [23/31] Visiting group: Video editors(Philippines) (2) (https://www.facebook.com/share/g/1NsqCBmshn/)
2026-08-13 09:52:57,370 - INFO - Current page detected: https://www.facebook.com/groups/1417223878967262/?rdid=HdbFhBeFPaUU6HD7&share_url=https%3A%2F%2Fwww.facebook.com%2Fshare%2Fg%2F1NsqCBmshn%2F#
2026-08-13 09:53:00,038 - INFO - Skipping post (not a clear remote/freelance video-editing lead) [intent classified as 'unknown', not 'buyer'; no video-editing context keyword found]: https://www.facebook.com/groups/1417223878967262/posts/1969850817037896 | text: 'reposting. sorry for not being able to respond sa lahat ng nag message. it has been overwhelming. pero here is what to expect and what I need. tysm!'
2026-08-13 09:53:00,460 - INFO - Ran out of loaded posts; scrolling for more (attempt 1/3).
2026-08-13 09:53:03,623 - INFO - Skipping post (not a clear remote/freelance video-editing lead) [intent classified as 'unknown', not 'buyer']: https://www.facebook.com/groups/1417223878967262/posts/1969899350366376 | text: 'I’m looking for a META Ads video editor. Must have prior experience with hook rate, retention and roas.   1 video a day / 20 USD per video (that’s roughly 1,200 in Philippine peso)  Message me your portfolio. Need ASAP. Thank you!'
2026-08-13 09:53:05,060 - INFO - Ran out of loaded posts; scrolling for more (attempt 1/3).
2026-08-13 09:53:07,006 - INFO - Ran out of loaded posts; scrolling for more (attempt 2/3).
2026-08-13 09:53:08,648 - INFO - Ran out of loaded posts; scrolling for more (attempt 3/3).
2026-08-13 09:53:11,683 - INFO - Finished scrolling (3 rounds) to load additional posts.
2026-08-13 09:53:12,682 - INFO - Skipping post (timestamp could not be reliably determined): https://www.facebook.com/stories/122109134241385529/UzpfSVNDOjEzNDkzMDEwMzA3MDMxNTI=
2026-08-13 09:53:13,280 - INFO - Ran out of loaded posts; scrolling for more (attempt 1/3).
2026-08-13 09:53:14,907 - INFO - Ran out of loaded posts; scrolling for more (attempt 2/3).
2026-08-13 09:53:16,589 - INFO - Ran out of loaded posts; scrolling for more (attempt 3/3).
2026-08-13 09:53:19,618 - INFO - Finished scrolling (3 rounds) to load additional posts.
2026-08-13 09:53:21,298 - WARNING - No post content rendered after 1.6s of waiting (only loading skeletons or empty containers were present) -- Facebook may be loading slowly or this feed may be empty.
2026-08-13 09:53:21,298 - INFO - No further unprocessed posts available after 3 scroll attempts; treating this group as fully scanned.
2026-08-13 09:53:21,298 - INFO - [23/31] Video editors(Philippines) (2) -- processed 2, qualifying 0, old 0, dup 0, invalid 0, ts-unparseable 1, not-qualifying 2
2026-08-13 09:53:21,298 - INFO - [24/31] Visiting group: Video Editing Jobs & video Editors (USA/UK/Canada) (https://www.facebook.com/share/g/17fWUHPZGW/)
2026-08-13 09:53:26,529 - INFO - Current page detected: https://www.facebook.com/groups/147032671260514/?rdid=y2L4f7PjeX9E5N1Z&share_url=https%3A%2F%2Fwww.facebook.com%2Fshare%2Fg%2F17fWUHPZGW%2F#
2026-08-13 09:53:28,200 - WARNING - No post content rendered after 1.6s of waiting (only loading skeletons or empty containers were present) -- Facebook may be loading slowly or this feed may be empty.
2026-08-13 09:53:28,200 - WARNING - [24/31] No post content rendered (likely needs joining or is inaccessible); skipping without joining: https://www.facebook.com/share/g/17fWUHPZGW/
2026-08-13 09:53:28,201 - INFO - [25/31] Visiting group: Video Editing Jobs & video Editors (worldwide) (https://www.facebook.com/groups/6100423586635776/)
2026-08-13 09:53:32,371 - INFO - Current page detected: https://www.facebook.com/groups/6100423586635776/
2026-08-13 09:53:34,071 - WARNING - No post content rendered after 1.6s of waiting (only loading skeletons or empty containers were present) -- Facebook may be loading slowly or this feed may be empty.
2026-08-13 09:53:34,071 - WARNING - [25/31] No post content rendered (likely needs joining or is inaccessible); skipping without joining: https://www.facebook.com/groups/6100423586635776/
2026-08-13 09:53:34,071 - INFO - [26/31] Visiting group: Video Editing JOBS (https://www.facebook.com/groups/510764166305355/)
2026-08-13 09:53:40,592 - INFO - Current page detected: https://www.facebook.com/groups/510764166305355/
2026-08-13 09:53:42,261 - WARNING - No post content rendered after 1.6s of waiting (only loading skeletons or empty containers were present) -- Facebook may be loading slowly or this feed may be empty.
2026-08-13 09:53:42,261 - WARNING - [26/31] No post content rendered (likely needs joining or is inaccessible); skipping without joining: https://www.facebook.com/groups/510764166305355/
2026-08-13 09:53:42,261 - INFO - [27/31] Visiting group: Video Editing, Voice over, Whiteboard, 2D & 3D Jobs in Pakistan (https://www.facebook.com/groups/1102047611258448/)
2026-08-13 09:53:46,182 - INFO - Current page detected: https://www.facebook.com/groups/1102047611258448/
2026-08-13 09:53:47,873 - WARNING - No post content rendered after 1.6s of waiting (only loading skeletons or empty containers were present) -- Facebook may be loading slowly or this feed may be empty.
2026-08-13 09:53:47,873 - WARNING - [27/31] No post content rendered (likely needs joining or is inaccessible); skipping without joining: https://www.facebook.com/groups/1102047611258448/
2026-08-13 09:53:47,873 - INFO - [28/31] Visiting group: Video Editing (https://www.facebook.com/groups/editingvideofilms/)
2026-08-13 09:53:52,495 - INFO - Current page detected: https://www.facebook.com/groups/editingvideofilms/
2026-08-13 09:53:54,980 - INFO - Skipping post (not a clear remote/freelance video-editing lead) [intent classified as 'unknown', not 'buyer']: https://www.facebook.com/groups/editingvideofilms/posts/28025870300400408 | text: "Video Editing classes will start soon It's free for 2 months Plus job confirmation yes to be Added"
2026-08-13 09:53:55,314 - INFO - Ran out of loaded posts; scrolling for more (attempt 1/3).
2026-08-13 09:54:00,032 - INFO - Ran out of loaded posts; scrolling for more (attempt 1/3).
2026-08-13 09:54:01,582 - INFO - Ran out of loaded posts; scrolling for more (attempt 2/3).
2026-08-13 09:54:03,130 - INFO - Ran out of loaded posts; scrolling for more (attempt 3/3).
2026-08-13 09:54:06,158 - INFO - Finished scrolling (3 rounds) to load additional posts.
2026-08-13 09:54:08,092 - INFO - Ran out of loaded posts; scrolling for more (attempt 1/3).
2026-08-13 09:54:09,608 - INFO - Ran out of loaded posts; scrolling for more (attempt 2/3).
2026-08-13 09:54:11,062 - INFO - Ran out of loaded posts; scrolling for more (attempt 3/3).
2026-08-13 09:54:14,092 - INFO - Finished scrolling (3 rounds) to load additional posts.
2026-08-13 09:54:16,118 - INFO - Ran out of loaded posts; scrolling for more (attempt 1/3).
2026-08-13 09:54:17,701 - INFO - Ran out of loaded posts; scrolling for more (attempt 2/3).
2026-08-13 09:54:19,275 - INFO - Ran out of loaded posts; scrolling for more (attempt 3/3).
2026-08-13 09:54:22,308 - INFO - Finished scrolling (3 rounds) to load additional posts.
2026-08-13 09:54:22,545 - INFO - No further unprocessed posts available after 3 scroll attempts; treating this group as fully scanned.
2026-08-13 09:54:22,545 - INFO - [28/31] Video Editing -- processed 3, qualifying 2, old 0, dup 0, invalid 1, ts-unparseable 0, not-qualifying 1
2026-08-13 09:54:23,461 - ERROR - Google Sheets write failed for this group's leads, preserving locally: ('invalid_grant: Invalid grant: account not found', {'error': 'invalid_grant', 'error_description': 'Invalid grant: account not found'})
2026-08-13 09:54:23,461 - INFO - Collected URLs preserved locally in fb_urls_backup_20260813_095423.json
2026-08-13 09:54:23,476 - INFO - [29/31] Visiting group: YouTube Video editing (https://www.facebook.com/groups/302737219333992/)
2026-08-13 09:54:28,063 - INFO - Current page detected: https://www.facebook.com/groups/302737219333992/
2026-08-13 09:54:32,322 - INFO - Skipping post (not a clear remote/freelance video-editing lead) [intent classified as 'unknown', not 'buyer']: https://www.facebook.com/groups/302737219333992/posts/1036761769264863 | text: 'I need video edittor'
2026-08-13 09:54:32,881 - INFO - Ran out of loaded posts; scrolling for more (attempt 1/3).
2026-08-13 09:54:34,449 - INFO - Ran out of loaded posts; scrolling for more (attempt 2/3).
2026-08-13 09:54:35,913 - INFO - Ran out of loaded posts; scrolling for more (attempt 3/3).
2026-08-13 09:54:38,960 - INFO - Finished scrolling (3 rounds) to load additional posts.
2026-08-13 09:54:39,330 - INFO - No further unprocessed posts available after 3 scroll attempts; treating this group as fully scanned.
2026-08-13 09:54:39,330 - INFO - [29/31] YouTube Video editing -- processed 1, qualifying 0, old 0, dup 0, invalid 0, ts-unparseable 0, not-qualifying 1
2026-08-13 09:54:39,331 - INFO - [30/31] Visiting group: Video Editors Make Money Online (https://www.facebook.com/groups/evokeverse/)
2026-08-13 09:54:44,572 - INFO - Current page detected: https://www.facebook.com/groups/evokeverse/
2026-08-13 09:54:46,255 - WARNING - No post content rendered after 1.6s of waiting (only loading skeletons or empty containers were present) -- Facebook may be loading slowly or this feed may be empty.
2026-08-13 09:54:46,255 - WARNING - [30/31] No post content rendered (likely needs joining or is inaccessible); skipping without joining: https://www.facebook.com/groups/evokeverse/
2026-08-13 09:54:46,255 - INFO - [31/31] Visiting group: Video Editing Jobs (India) (https://www.facebook.com/groups/1080596700055075/)
2026-08-13 09:54:55,139 - INFO - Current page detected: https://www.facebook.com/groups/1080596700055075/
2026-08-13 09:54:57,659 - INFO - Skipping post (not a clear remote/freelance video-editing lead) [intent classified as 'unknown', not 'buyer'; no video-editing context keyword found]: https://www.facebook.com/stories/107833091764557/UzpfSVNDOjEwODUwMTA0OTQwMzI3MTc= | text: 'I need a flex design not chatgpt'
2026-08-13 09:54:58,052 - INFO - Ran out of loaded posts; scrolling for more (attempt 1/3).
2026-08-13 09:55:02,703 - INFO - Ran out of loaded posts; scrolling for more (attempt 1/3).
2026-08-13 09:55:04,291 - INFO - Ran out of loaded posts; scrolling for more (attempt 2/3).
2026-08-13 09:55:05,870 - INFO - Ran out of loaded posts; scrolling for more (attempt 3/3).
2026-08-13 09:55:08,902 - INFO - Finished scrolling (3 rounds) to load additional posts.
2026-08-13 09:55:10,575 - WARNING - No post content rendered after 1.6s of waiting (only loading skeletons or empty containers were present) -- Facebook may be loading slowly or this feed may be empty.
2026-08-13 09:55:10,575 - INFO - No further unprocessed posts available after 3 scroll attempts; treating this group as fully scanned.
2026-08-13 09:55:10,575 - INFO - [31/31] Video Editing Jobs (India) -- processed 3, qualifying 0, old 0, dup 0, invalid 1, ts-unparseable 0, not-qualifying 1
2026-08-13 09:55:12,672 - INFO - Daily multi-group scrape finished. New leads saved this run: 0. Daily total: 0/20. Groups skipped (inaccessible): 15. Groups errored: 0.
2026-08-13 09:55:37,938 - WARNING - The Chrome window appears MINIMIZED or hidden (document.visibilityState is not 'visible'). Chrome throttles hidden pages, so Facebook will not render or paginate group feeds and this run will find few or no posts. Please leave the debug Chrome window open and NOT minimized while the scraper runs.
2026-08-13 09:55:39,470 - INFO - Reached the cap of 20 new lead(s) for this run; stopping immediately.
2026-08-13 09:55:39,470 - WARNING - The Chrome window appears MINIMIZED or hidden (document.visibilityState is not 'visible'). Chrome throttles hidden pages, so Facebook will not render or paginate group feeds and this run will find few or no posts. Please leave the debug Chrome window open and NOT minimized while the scraper runs.
2026-08-13 09:55:40,984 - WARNING - The Chrome window appears MINIMIZED or hidden (document.visibilityState is not 'visible'). Chrome throttles hidden pages, so Facebook will not render or paginate group feeds and this run will find few or no posts. Please leave the debug Chrome window open and NOT minimized while the scraper runs.
2026-08-13 09:55:42,486 - INFO - Skipping post (not a clear remote/freelance video-editing lead) [intent classified as 'seller', not 'buyer']: https://www.facebook.com/groups/999/posts/1100 | text: 'I am a video editor, available for hire, DM me.'
2026-08-13 09:55:42,486 - INFO - Skipping post (not a clear remote/freelance video-editing lead) [intent classified as 'seller', not 'buyer']: https://www.facebook.com/groups/999/posts/1101 | text: 'I am a video editor, available for hire, DM me.'
2026-08-13 09:55:42,487 - INFO - Skipping post (not a clear remote/freelance video-editing lead) [intent classified as 'seller', not 'buyer']: https://www.facebook.com/groups/999/posts/1102 | text: 'I am a video editor, available for hire, DM me.'
2026-08-13 09:55:42,487 - WARNING - The Chrome window appears MINIMIZED or hidden (document.visibilityState is not 'visible'). Chrome throttles hidden pages, so Facebook will not render or paginate group feeds and this run will find few or no posts. Please leave the debug Chrome window open and NOT minimized while the scraper runs.
2026-08-13 09:55:43,991 - WARNING - The Chrome window appears MINIMIZED or hidden (document.visibilityState is not 'visible'). Chrome throttles hidden pages, so Facebook will not render or paginate group feeds and this run will find few or no posts. Please leave the debug Chrome window open and NOT minimized while the scraper runs.
2026-08-13 09:55:45,497 - WARNING - The Chrome window appears MINIMIZED or hidden (document.visibilityState is not 'visible'). Chrome throttles hidden pages, so Facebook will not render or paginate group feeds and this run will find few or no posts. Please leave the debug Chrome window open and NOT minimized while the scraper runs.
2026-08-13 09:55:47,000 - INFO - Hit 8 consecutive posts older than the 2-day window; treating this group's recent history as fully covered and stopping.
2026-08-13 09:55:47,002 - WARNING - The Chrome window appears MINIMIZED or hidden (document.visibilityState is not 'visible'). Chrome throttles hidden pages, so Facebook will not render or paginate group feeds and this run will find few or no posts. Please leave the debug Chrome window open and NOT minimized while the scraper runs.
2026-08-13 09:55:48,505 - INFO - Ran out of loaded posts; scrolling for more (attempt 1/3).
2026-08-13 09:55:48,505 - INFO - Ran out of loaded posts; scrolling for more (attempt 2/3).
2026-08-13 09:55:48,505 - INFO - Ran out of loaded posts; scrolling for more (attempt 1/3).
2026-08-13 09:55:48,505 - INFO - Ran out of loaded posts; scrolling for more (attempt 2/3).
2026-08-13 09:55:48,505 - INFO - Ran out of loaded posts; scrolling for more (attempt 3/3).
2026-08-13 09:55:48,505 - INFO - No further unprocessed posts available after 3 scroll attempts; treating this group as fully scanned.
2026-08-13 09:55:48,507 - WARNING - The Chrome window appears MINIMIZED or hidden (document.visibilityState is not 'visible'). Chrome throttles hidden pages, so Facebook will not render or paginate group feeds and this run will find few or no posts. Please leave the debug Chrome window open and NOT minimized while the scraper runs.
2026-08-13 09:55:50,009 - INFO - Ran out of loaded posts; scrolling for more (attempt 1/3).
2026-08-13 09:55:51,010 - INFO - Ran out of loaded posts; scrolling for more (attempt 2/3).
2026-08-13 09:55:52,011 - INFO - Ran out of loaded posts; scrolling for more (attempt 3/3).
2026-08-13 09:55:55,012 - INFO - Finished scrolling (3 rounds) to load additional posts.
2026-08-13 09:55:55,012 - INFO - No further unprocessed posts available after 3 scroll attempts; treating this group as fully scanned.
2026-08-13 10:33:03,561 - WARNING - The Chrome window appears MINIMIZED or hidden (document.visibilityState is not 'visible'). Chrome throttles hidden pages, so Facebook will not render or paginate group feeds and this run will find few or no posts. Please leave the debug Chrome window open and NOT minimized while the scraper runs.
2026-08-13 10:33:05,100 - INFO - Reached the cap of 20 new lead(s) for this run; stopping immediately.
2026-08-13 10:33:05,108 - WARNING - The Chrome window appears MINIMIZED or hidden (document.visibilityState is not 'visible'). Chrome throttles hidden pages, so Facebook will not render or paginate group feeds and this run will find few or no posts. Please leave the debug Chrome window open and NOT minimized while the scraper runs.
2026-08-13 10:33:06,614 - WARNING - The Chrome window appears MINIMIZED or hidden (document.visibilityState is not 'visible'). Chrome throttles hidden pages, so Facebook will not render or paginate group feeds and this run will find few or no posts. Please leave the debug Chrome window open and NOT minimized while the scraper runs.
2026-08-13 10:33:08,116 - INFO - Skipping post (not a clear remote/freelance video-editing lead) [intent classified as 'seller', not 'buyer']: https://www.facebook.com/groups/999/posts/1100 | text: 'I am a video editor, available for hire, DM me.'
2026-08-13 10:33:08,116 - INFO - Skipping post (not a clear remote/freelance video-editing lead) [intent classified as 'seller', not 'buyer']: https://www.facebook.com/groups/999/posts/1101 | text: 'I am a video editor, available for hire, DM me.'
2026-08-13 10:33:08,117 - INFO - Skipping post (not a clear remote/freelance video-editing lead) [intent classified as 'seller', not 'buyer']: https://www.facebook.com/groups/999/posts/1102 | text: 'I am a video editor, available for hire, DM me.'
2026-08-13 10:33:08,119 - WARNING - The Chrome window appears MINIMIZED or hidden (document.visibilityState is not 'visible'). Chrome throttles hidden pages, so Facebook will not render or paginate group feeds and this run will find few or no posts. Please leave the debug Chrome window open and NOT minimized while the scraper runs.
2026-08-13 10:33:09,625 - WARNING - The Chrome window appears MINIMIZED or hidden (document.visibilityState is not 'visible'). Chrome throttles hidden pages, so Facebook will not render or paginate group feeds and this run will find few or no posts. Please leave the debug Chrome window open and NOT minimized while the scraper runs.
2026-08-13 10:33:11,132 - WARNING - The Chrome window appears MINIMIZED or hidden (document.visibilityState is not 'visible'). Chrome throttles hidden pages, so Facebook will not render or paginate group feeds and this run will find few or no posts. Please leave the debug Chrome window open and NOT minimized while the scraper runs.
2026-08-13 10:33:12,633 - INFO - Hit 8 consecutive posts older than the 2-day window; treating this group's recent history as fully covered and stopping.
2026-08-13 10:33:12,636 - WARNING - The Chrome window appears MINIMIZED or hidden (document.visibilityState is not 'visible'). Chrome throttles hidden pages, so Facebook will not render or paginate group feeds and this run will find few or no posts. Please leave the debug Chrome window open and NOT minimized while the scraper runs.
2026-08-13 10:33:14,138 - INFO - Ran out of loaded posts; scrolling for more (attempt 1/3).
2026-08-13 10:33:14,138 - INFO - Ran out of loaded posts; scrolling for more (attempt 2/3).
2026-08-13 10:33:14,139 - INFO - Ran out of loaded posts; scrolling for more (attempt 1/3).
2026-08-13 10:33:14,139 - INFO - Ran out of loaded posts; scrolling for more (attempt 2/3).
2026-08-13 10:33:14,139 - INFO - Ran out of loaded posts; scrolling for more (attempt 3/3).
2026-08-13 10:33:14,140 - INFO - No further unprocessed posts available after 3 scroll attempts; treating this group as fully scanned.
2026-08-13 10:33:14,143 - WARNING - The Chrome window appears MINIMIZED or hidden (document.visibilityState is not 'visible'). Chrome throttles hidden pages, so Facebook will not render or paginate group feeds and this run will find few or no posts. Please leave the debug Chrome window open and NOT minimized while the scraper runs.
2026-08-13 10:33:15,644 - INFO - Ran out of loaded posts; scrolling for more (attempt 1/3).
2026-08-13 10:33:16,646 - INFO - Ran out of loaded posts; scrolling for more (attempt 2/3).
2026-08-13 10:33:17,647 - INFO - Ran out of loaded posts; scrolling for more (attempt 3/3).
2026-08-13 10:33:20,648 - INFO - Finished scrolling (3 rounds) to load additional posts.
2026-08-13 10:33:20,648 - INFO - No further unprocessed posts available after 3 scroll attempts; treating this group as fully scanned.
2026-08-13 10:34:59,413 - WARNING - The Chrome window appears MINIMIZED or hidden (document.visibilityState is not 'visible'). Chrome throttles hidden pages, so Facebook will not render or paginate group feeds and this run will find few or no posts. Please leave the debug Chrome window open and NOT minimized while the scraper runs.
2026-08-13 10:35:00,943 - INFO - Reached the cap of 20 new lead(s) for this run; stopping immediately.
2026-08-13 10:35:00,946 - WARNING - The Chrome window appears MINIMIZED or hidden (document.visibilityState is not 'visible'). Chrome throttles hidden pages, so Facebook will not render or paginate group feeds and this run will find few or no posts. Please leave the debug Chrome window open and NOT minimized while the scraper runs.
2026-08-13 10:35:02,450 - WARNING - The Chrome window appears MINIMIZED or hidden (document.visibilityState is not 'visible'). Chrome throttles hidden pages, so Facebook will not render or paginate group feeds and this run will find few or no posts. Please leave the debug Chrome window open and NOT minimized while the scraper runs.
2026-08-13 10:35:03,952 - INFO - Skipping post (not a clear remote/freelance video-editing lead) [intent classified as 'seller', not 'buyer']: https://www.facebook.com/groups/999/posts/1100 | text: 'I am a video editor, available for hire, DM me.'
2026-08-13 10:35:03,952 - INFO - Skipping post (not a clear remote/freelance video-editing lead) [intent classified as 'seller', not 'buyer']: https://www.facebook.com/groups/999/posts/1101 | text: 'I am a video editor, available for hire, DM me.'
2026-08-13 10:35:03,952 - INFO - Skipping post (not a clear remote/freelance video-editing lead) [intent classified as 'seller', not 'buyer']: https://www.facebook.com/groups/999/posts/1102 | text: 'I am a video editor, available for hire, DM me.'
2026-08-13 10:35:03,956 - WARNING - The Chrome window appears MINIMIZED or hidden (document.visibilityState is not 'visible'). Chrome throttles hidden pages, so Facebook will not render or paginate group feeds and this run will find few or no posts. Please leave the debug Chrome window open and NOT minimized while the scraper runs.
2026-08-13 10:35:05,458 - WARNING - The Chrome window appears MINIMIZED or hidden (document.visibilityState is not 'visible'). Chrome throttles hidden pages, so Facebook will not render or paginate group feeds and this run will find few or no posts. Please leave the debug Chrome window open and NOT minimized while the scraper runs.
2026-08-13 10:35:06,966 - WARNING - The Chrome window appears MINIMIZED or hidden (document.visibilityState is not 'visible'). Chrome throttles hidden pages, so Facebook will not render or paginate group feeds and this run will find few or no posts. Please leave the debug Chrome window open and NOT minimized while the scraper runs.
2026-08-13 10:35:08,468 - INFO - Hit 8 consecutive posts older than the 2-day window; treating this group's recent history as fully covered and stopping.
2026-08-13 10:35:08,472 - WARNING - The Chrome window appears MINIMIZED or hidden (document.visibilityState is not 'visible'). Chrome throttles hidden pages, so Facebook will not render or paginate group feeds and this run will find few or no posts. Please leave the debug Chrome window open and NOT minimized while the scraper runs.
2026-08-13 10:35:09,974 - INFO - Ran out of loaded posts; scrolling for more (attempt 1/3).
2026-08-13 10:35:09,974 - INFO - Ran out of loaded posts; scrolling for more (attempt 2/3).
2026-08-13 10:35:09,974 - INFO - Ran out of loaded posts; scrolling for more (attempt 1/3).
2026-08-13 10:35:09,974 - INFO - Ran out of loaded posts; scrolling for more (attempt 2/3).
2026-08-13 10:35:09,974 - INFO - Ran out of loaded posts; scrolling for more (attempt 3/3).
2026-08-13 10:35:09,975 - INFO - No further unprocessed posts available after 3 scroll attempts; treating this group as fully scanned.
2026-08-13 10:35:09,977 - WARNING - The Chrome window appears MINIMIZED or hidden (document.visibilityState is not 'visible'). Chrome throttles hidden pages, so Facebook will not render or paginate group feeds and this run will find few or no posts. Please leave the debug Chrome window open and NOT minimized while the scraper runs.
2026-08-13 10:35:11,479 - INFO - Ran out of loaded posts; scrolling for more (attempt 1/3).
2026-08-13 10:35:12,479 - INFO - Ran out of loaded posts; scrolling for more (attempt 2/3).
2026-08-13 10:35:13,480 - INFO - Ran out of loaded posts; scrolling for more (attempt 3/3).
2026-08-13 10:35:16,482 - INFO - Finished scrolling (3 rounds) to load additional posts.
2026-08-13 10:35:16,482 - INFO - No further unprocessed posts available after 3 scroll attempts; treating this group as fully scanned.
2026-08-13 10:35:33,216 - WARNING - Groq niche lookup failed (HTTP 401): {"error":{"message":"Invalid API Key","type":"invalid_request_error","code":"invalid_api_key"}}
 -- falling back to hashtags.
2026-08-13 10:39:19,355 - WARNING - The Chrome window appears MINIMIZED or hidden (document.visibilityState is not 'visible'). Chrome throttles hidden pages, so Facebook will not render or paginate group feeds and this run will find few or no posts. Please leave the debug Chrome window open and NOT minimized while the scraper runs.
2026-08-13 10:39:20,898 - INFO - Skipping post (same lead already saved from another group): https://www.facebook.com/groups/999/posts/1001
2026-08-13 10:39:20,899 - INFO - Skipping post (same lead already saved from another group): https://www.facebook.com/groups/999/posts/1002
2026-08-13 10:39:20,899 - INFO - Skipping post (same lead already saved from another group): https://www.facebook.com/groups/999/posts/1003
2026-08-13 10:39:20,900 - INFO - Skipping post (same lead already saved from another group): https://www.facebook.com/groups/999/posts/1004
2026-08-13 10:39:20,900 - INFO - Skipping post (same lead already saved from another group): https://www.facebook.com/groups/999/posts/1005
2026-08-13 10:39:20,901 - INFO - Skipping post (same lead already saved from another group): https://www.facebook.com/groups/999/posts/1006
2026-08-13 10:39:20,901 - INFO - Skipping post (same lead already saved from another group): https://www.facebook.com/groups/999/posts/1007
2026-08-13 10:39:20,901 - INFO - Skipping post (same lead already saved from another group): https://www.facebook.com/groups/999/posts/1008
2026-08-13 10:39:20,902 - INFO - Skipping post (same lead already saved from another group): https://www.facebook.com/groups/999/posts/1009
2026-08-13 10:39:20,902 - INFO - Skipping post (same lead already saved from another group): https://www.facebook.com/groups/999/posts/1010
2026-08-13 10:39:20,902 - INFO - Skipping post (same lead already saved from another group): https://www.facebook.com/groups/999/posts/1011
2026-08-13 10:39:20,903 - INFO - Skipping post (same lead already saved from another group): https://www.facebook.com/groups/999/posts/1012
2026-08-13 10:39:20,903 - INFO - Skipping post (same lead already saved from another group): https://www.facebook.com/groups/999/posts/1013
2026-08-13 10:39:20,903 - INFO - Skipping post (same lead already saved from another group): https://www.facebook.com/groups/999/posts/1014
2026-08-13 10:39:20,904 - INFO - Skipping post (same lead already saved from another group): https://www.facebook.com/groups/999/posts/1015
2026-08-13 10:39:20,904 - INFO - Skipping post (same lead already saved from another group): https://www.facebook.com/groups/999/posts/1016
2026-08-13 10:39:20,904 - INFO - Skipping post (same lead already saved from another group): https://www.facebook.com/groups/999/posts/1017
2026-08-13 10:39:20,904 - INFO - Skipping post (same lead already saved from another group): https://www.facebook.com/groups/999/posts/1018
2026-08-13 10:39:20,904 - INFO - Skipping post (same lead already saved from another group): https://www.facebook.com/groups/999/posts/1019
2026-08-13 10:39:20,907 - INFO - Skipping post (same lead already saved from another group): https://www.facebook.com/groups/999/posts/1020
2026-08-13 10:39:20,908 - INFO - Skipping post (same lead already saved from another group): https://www.facebook.com/groups/999/posts/1021
2026-08-13 10:39:20,908 - INFO - Skipping post (same lead already saved from another group): https://www.facebook.com/groups/999/posts/1022
2026-08-13 10:39:20,909 - INFO - Skipping post (same lead already saved from another group): https://www.facebook.com/groups/999/posts/1023
2026-08-13 10:39:20,910 - INFO - Skipping post (same lead already saved from another group): https://www.facebook.com/groups/999/posts/1024
2026-08-13 10:39:20,913 - WARNING - The Chrome window appears MINIMIZED or hidden (document.visibilityState is not 'visible'). Chrome throttles hidden pages, so Facebook will not render or paginate group feeds and this run will find few or no posts. Please leave the debug Chrome window open and NOT minimized while the scraper runs.
2026-08-13 10:39:22,414 - INFO - Skipping post (same lead already saved from another group): https://www.facebook.com/groups/999/posts/1004
2026-08-13 10:39:22,418 - WARNING - The Chrome window appears MINIMIZED or hidden (document.visibilityState is not 'visible'). Chrome throttles hidden pages, so Facebook will not render or paginate group feeds and this run will find few or no posts. Please leave the debug Chrome window open and NOT minimized while the scraper runs.
2026-08-13 10:39:23,919 - INFO - Skipping post (not a clear remote/freelance video-editing lead) [intent classified as 'seller', not 'buyer']: https://www.facebook.com/groups/999/posts/1100 | text: 'I am a video editor, available for hire, DM me.'
2026-08-13 10:39:23,920 - INFO - Skipping post (not a clear remote/freelance video-editing lead) [intent classified as 'seller', not 'buyer']: https://www.facebook.com/groups/999/posts/1101 | text: 'I am a video editor, available for hire, DM me.'
2026-08-13 10:39:23,922 - INFO - Skipping post (not a clear remote/freelance video-editing lead) [intent classified as 'seller', not 'buyer']: https://www.facebook.com/groups/999/posts/1102 | text: 'I am a video editor, available for hire, DM me.'
2026-08-13 10:39:23,926 - WARNING - The Chrome window appears MINIMIZED or hidden (document.visibilityState is not 'visible'). Chrome throttles hidden pages, so Facebook will not render or paginate group feeds and this run will find few or no posts. Please leave the debug Chrome window open and NOT minimized while the scraper runs.
2026-08-13 10:39:25,430 - WARNING - The Chrome window appears MINIMIZED or hidden (document.visibilityState is not 'visible'). Chrome throttles hidden pages, so Facebook will not render or paginate group feeds and this run will find few or no posts. Please leave the debug Chrome window open and NOT minimized while the scraper runs.
2026-08-13 10:39:26,932 - INFO - Skipping post (same lead already saved from another group): https://www.facebook.com/groups/999/posts/1408
2026-08-13 10:39:26,933 - INFO - Skipping post (same lead already saved from another group): https://www.facebook.com/groups/999/posts/1409
2026-08-13 10:39:26,934 - INFO - Skipping post (same lead already saved from another group): https://www.facebook.com/groups/999/posts/1410
2026-08-13 10:39:26,940 - WARNING - The Chrome window appears MINIMIZED or hidden (document.visibilityState is not 'visible'). Chrome throttles hidden pages, so Facebook will not render or paginate group feeds and this run will find few or no posts. Please leave the debug Chrome window open and NOT minimized while the scraper runs.
2026-08-13 10:39:28,441 - INFO - Hit 8 consecutive posts older than the 2-day window; treating this group's recent history as fully covered and stopping.
2026-08-13 10:39:28,444 - WARNING - The Chrome window appears MINIMIZED or hidden (document.visibilityState is not 'visible'). Chrome throttles hidden pages, so Facebook will not render or paginate group feeds and this run will find few or no posts. Please leave the debug Chrome window open and NOT minimized while the scraper runs.
2026-08-13 10:39:29,947 - INFO - Skipping post (same lead already saved from another group): https://www.facebook.com/groups/999/posts/1601
2026-08-13 10:39:29,947 - INFO - Ran out of loaded posts; scrolling for more (attempt 1/3).
2026-08-13 10:39:29,947 - INFO - Ran out of loaded posts; scrolling for more (attempt 2/3).
2026-08-13 10:39:29,948 - INFO - Skipping post (same lead already saved from another group): https://www.facebook.com/groups/999/posts/1650
2026-08-13 10:39:29,948 - INFO - Ran out of loaded posts; scrolling for more (attempt 1/3).
2026-08-13 10:39:29,948 - INFO - Ran out of loaded posts; scrolling for more (attempt 2/3).
2026-08-13 10:39:29,949 - INFO - Ran out of loaded posts; scrolling for more (attempt 3/3).
2026-08-13 10:39:29,949 - INFO - No further unprocessed posts available after 3 scroll attempts; treating this group as fully scanned.
2026-08-13 10:39:29,952 - WARNING - The Chrome window appears MINIMIZED or hidden (document.visibilityState is not 'visible'). Chrome throttles hidden pages, so Facebook will not render or paginate group feeds and this run will find few or no posts. Please leave the debug Chrome window open and NOT minimized while the scraper runs.
2026-08-13 10:39:31,455 - INFO - Ran out of loaded posts; scrolling for more (attempt 1/3).
2026-08-13 10:39:32,456 - INFO - Ran out of loaded posts; scrolling for more (attempt 2/3).
2026-08-13 10:39:33,457 - INFO - Ran out of loaded posts; scrolling for more (attempt 3/3).
2026-08-13 10:39:36,459 - INFO - Finished scrolling (3 rounds) to load additional posts.
2026-08-13 10:39:36,459 - INFO - No further unprocessed posts available after 3 scroll attempts; treating this group as fully scanned.
2026-08-13 10:40:11,490 - WARNING - The Chrome window appears MINIMIZED or hidden (document.visibilityState is not 'visible'). Chrome throttles hidden pages, so Facebook will not render or paginate group feeds and this run will find few or no posts. Please leave the debug Chrome window open and NOT minimized while the scraper runs.
2026-08-13 10:40:13,029 - INFO - Reached the cap of 20 new lead(s) for this run; stopping immediately.
2026-08-13 10:40:13,036 - WARNING - The Chrome window appears MINIMIZED or hidden (document.visibilityState is not 'visible'). Chrome throttles hidden pages, so Facebook will not render or paginate group feeds and this run will find few or no posts. Please leave the debug Chrome window open and NOT minimized while the scraper runs.
2026-08-13 10:40:14,541 - WARNING - The Chrome window appears MINIMIZED or hidden (document.visibilityState is not 'visible'). Chrome throttles hidden pages, so Facebook will not render or paginate group feeds and this run will find few or no posts. Please leave the debug Chrome window open and NOT minimized while the scraper runs.
2026-08-13 10:40:16,042 - INFO - Skipping post (not a clear remote/freelance video-editing lead) [intent classified as 'seller', not 'buyer']: https://www.facebook.com/groups/999/posts/1100 | text: 'I am a video editor, available for hire, DM me.'
2026-08-13 10:40:16,042 - INFO - Skipping post (not a clear remote/freelance video-editing lead) [intent classified as 'seller', not 'buyer']: https://www.facebook.com/groups/999/posts/1101 | text: 'I am a video editor, available for hire, DM me.'
2026-08-13 10:40:16,042 - INFO - Skipping post (not a clear remote/freelance video-editing lead) [intent classified as 'seller', not 'buyer']: https://www.facebook.com/groups/999/posts/1102 | text: 'I am a video editor, available for hire, DM me.'
2026-08-13 10:40:16,044 - WARNING - The Chrome window appears MINIMIZED or hidden (document.visibilityState is not 'visible'). Chrome throttles hidden pages, so Facebook will not render or paginate group feeds and this run will find few or no posts. Please leave the debug Chrome window open and NOT minimized while the scraper runs.
2026-08-13 10:40:17,550 - WARNING - The Chrome window appears MINIMIZED or hidden (document.visibilityState is not 'visible'). Chrome throttles hidden pages, so Facebook will not render or paginate group feeds and this run will find few or no posts. Please leave the debug Chrome window open and NOT minimized while the scraper runs.
2026-08-13 10:40:19,055 - WARNING - The Chrome window appears MINIMIZED or hidden (document.visibilityState is not 'visible'). Chrome throttles hidden pages, so Facebook will not render or paginate group feeds and this run will find few or no posts. Please leave the debug Chrome window open and NOT minimized while the scraper runs.
2026-08-13 10:40:20,557 - INFO - Hit 8 consecutive posts older than the 2-day window; treating this group's recent history as fully covered and stopping.
2026-08-13 10:40:20,562 - WARNING - The Chrome window appears MINIMIZED or hidden (document.visibilityState is not 'visible'). Chrome throttles hidden pages, so Facebook will not render or paginate group feeds and this run will find few or no posts. Please leave the debug Chrome window open and NOT minimized while the scraper runs.
2026-08-13 10:40:22,064 - INFO - Ran out of loaded posts; scrolling for more (attempt 1/3).
2026-08-13 10:40:22,064 - INFO - Ran out of loaded posts; scrolling for more (attempt 2/3).
2026-08-13 10:40:22,065 - INFO - Ran out of loaded posts; scrolling for more (attempt 1/3).
2026-08-13 10:40:22,066 - INFO - Ran out of loaded posts; scrolling for more (attempt 2/3).
2026-08-13 10:40:22,066 - INFO - Ran out of loaded posts; scrolling for more (attempt 3/3).
2026-08-13 10:40:22,066 - INFO - No further unprocessed posts available after 3 scroll attempts; treating this group as fully scanned.
2026-08-13 10:40:22,070 - WARNING - The Chrome window appears MINIMIZED or hidden (document.visibilityState is not 'visible'). Chrome throttles hidden pages, so Facebook will not render or paginate group feeds and this run will find few or no posts. Please leave the debug Chrome window open and NOT minimized while the scraper runs.
2026-08-13 10:40:23,571 - INFO - Ran out of loaded posts; scrolling for more (attempt 1/3).
2026-08-13 10:40:24,572 - INFO - Ran out of loaded posts; scrolling for more (attempt 2/3).
2026-08-13 10:40:25,572 - INFO - Ran out of loaded posts; scrolling for more (attempt 3/3).
2026-08-13 10:40:28,574 - INFO - Finished scrolling (3 rounds) to load additional posts.
2026-08-13 10:40:28,574 - INFO - No further unprocessed posts available after 3 scroll attempts; treating this group as fully scanned.
2026-08-13 10:40:51,587 - WARNING - The Chrome window appears MINIMIZED or hidden (document.visibilityState is not 'visible'). Chrome throttles hidden pages, so Facebook will not render or paginate group feeds and this run will find few or no posts. Please leave the debug Chrome window open and NOT minimized while the scraper runs.
2026-08-13 10:40:53,122 - INFO - Reached the cap of 20 new lead(s) for this run; stopping immediately.
2026-08-13 10:40:53,129 - WARNING - The Chrome window appears MINIMIZED or hidden (document.visibilityState is not 'visible'). Chrome throttles hidden pages, so Facebook will not render or paginate group feeds and this run will find few or no posts. Please leave the debug Chrome window open and NOT minimized while the scraper runs.
2026-08-13 10:40:54,637 - WARNING - The Chrome window appears MINIMIZED or hidden (document.visibilityState is not 'visible'). Chrome throttles hidden pages, so Facebook will not render or paginate group feeds and this run will find few or no posts. Please leave the debug Chrome window open and NOT minimized while the scraper runs.
2026-08-13 10:40:56,138 - INFO - Skipping post (not a clear remote/freelance video-editing lead) [intent classified as 'seller', not 'buyer']: https://www.facebook.com/groups/999/posts/1100 | text: 'I am a video editor, available for hire, DM me.'
2026-08-13 10:40:56,139 - INFO - Skipping post (not a clear remote/freelance video-editing lead) [intent classified as 'seller', not 'buyer']: https://www.facebook.com/groups/999/posts/1101 | text: 'I am a video editor, available for hire, DM me.'
2026-08-13 10:40:56,140 - INFO - Skipping post (not a clear remote/freelance video-editing lead) [intent classified as 'seller', not 'buyer']: https://www.facebook.com/groups/999/posts/1102 | text: 'I am a video editor, available for hire, DM me.'
2026-08-13 10:40:56,145 - WARNING - The Chrome window appears MINIMIZED or hidden (document.visibilityState is not 'visible'). Chrome throttles hidden pages, so Facebook will not render or paginate group feeds and this run will find few or no posts. Please leave the debug Chrome window open and NOT minimized while the scraper runs.
2026-08-13 10:40:57,650 - WARNING - The Chrome window appears MINIMIZED or hidden (document.visibilityState is not 'visible'). Chrome throttles hidden pages, so Facebook will not render or paginate group feeds and this run will find few or no posts. Please leave the debug Chrome window open and NOT minimized while the scraper runs.
2026-08-13 10:40:59,157 - WARNING - The Chrome window appears MINIMIZED or hidden (document.visibilityState is not 'visible'). Chrome throttles hidden pages, so Facebook will not render or paginate group feeds and this run will find few or no posts. Please leave the debug Chrome window open and NOT minimized while the scraper runs.
2026-08-13 10:41:00,660 - INFO - Hit 8 consecutive posts older than the 2-day window; treating this group's recent history as fully covered and stopping.
2026-08-13 10:41:00,663 - WARNING - The Chrome window appears MINIMIZED or hidden (document.visibilityState is not 'visible'). Chrome throttles hidden pages, so Facebook will not render or paginate group feeds and this run will find few or no posts. Please leave the debug Chrome window open and NOT minimized while the scraper runs.
2026-08-13 10:41:02,166 - INFO - Ran out of loaded posts; scrolling for more (attempt 1/3).
2026-08-13 10:41:02,167 - INFO - Ran out of loaded posts; scrolling for more (attempt 2/3).
2026-08-13 10:41:02,167 - INFO - Ran out of loaded posts; scrolling for more (attempt 1/3).
2026-08-13 10:41:02,169 - INFO - Ran out of loaded posts; scrolling for more (attempt 2/3).
2026-08-13 10:41:02,169 - INFO - Ran out of loaded posts; scrolling for more (attempt 3/3).
2026-08-13 10:41:02,170 - INFO - No further unprocessed posts available after 3 scroll attempts; treating this group as fully scanned.
2026-08-13 10:41:02,180 - WARNING - The Chrome window appears MINIMIZED or hidden (document.visibilityState is not 'visible'). Chrome throttles hidden pages, so Facebook will not render or paginate group feeds and this run will find few or no posts. Please leave the debug Chrome window open and NOT minimized while the scraper runs.
2026-08-13 10:41:03,682 - INFO - Ran out of loaded posts; scrolling for more (attempt 1/3).
2026-08-13 10:41:04,683 - INFO - Ran out of loaded posts; scrolling for more (attempt 2/3).
2026-08-13 10:41:05,684 - INFO - Ran out of loaded posts; scrolling for more (attempt 3/3).
2026-08-13 10:41:08,685 - INFO - Finished scrolling (3 rounds) to load additional posts.
2026-08-13 10:41:08,685 - INFO - No further unprocessed posts available after 3 scroll attempts; treating this group as fully scanned.
2026-08-13 10:41:28,130 - INFO - Skipping post (same lead already saved from another group): https://www.facebook.com/groups/902/posts/5002
2026-08-13 10:43:37,708 - INFO - Subset run: last 11 group(s) of 31.
2026-08-13 10:43:41,880 - INFO - [1/11] Visiting: Freelance Video Editor Philippines
2026-08-13 10:43:48,301 - INFO - Current page detected: https://www.facebook.com/groups/786509760938079/?rdid=sQc2ghglYtU3GJx9&share_url=https%3A%2F%2Fwww.facebook.com%2Fshare%2Fg%2F1b6kxk64Ny%2F#
2026-08-13 10:43:53,342 - INFO - Ran out of loaded posts; scrolling for more (attempt 1/3).
2026-08-13 10:43:59,176 - INFO - Ran out of loaded posts; scrolling for more (attempt 1/3).
2026-08-13 10:44:00,724 - INFO - Ran out of loaded posts; scrolling for more (attempt 2/3).
2026-08-13 10:44:02,204 - INFO - Ran out of loaded posts; scrolling for more (attempt 3/3).
2026-08-13 10:44:05,271 - INFO - Finished scrolling (3 rounds) to load additional posts.
2026-08-13 10:44:06,953 - WARNING - No post content rendered after 1.6s of waiting (only loading skeletons or empty containers were present) -- Facebook may be loading slowly or this feed may be empty.
2026-08-13 10:44:06,954 - INFO - No further unprocessed posts available after 3 scroll attempts; treating this group as fully scanned.
2026-08-13 10:44:06,954 - INFO - [1/11] Freelance Video Editor Philippines -- qualifying 1, old 0, dup 0, cross-dup 0, not-qualifying 0
2026-08-13 10:44:06,956 - INFO - [2/11] Visiting: Video Editors of the Philippines (2)
2026-08-13 10:44:14,287 - INFO - Current page detected: https://www.facebook.com/groups/914755432934212/?rdid=xxiCFaC7hCKdw6iS&share_url=https%3A%2F%2Fwww.facebook.com%2Fshare%2Fg%2F1D1Cud11Wk%2F#
2026-08-13 10:44:16,745 - INFO - Skipping post (not a clear remote/freelance video-editing lead) [intent classified as 'unknown', not 'buyer']: https://www.facebook.com/groups/914755432934212/posts/1678104326599315 | text: 'Good morning, I’m looking for SAME DAY EDIT EDITOR FOR OUR WEDDING! yung affordable lang and just the SDE only! kindly recommend someone and dm, this is so ASAP!'
2026-08-13 10:44:17,170 - INFO - Ran out of loaded posts; scrolling for more (attempt 1/3).
2026-08-13 10:44:20,211 - INFO - Skipping post (not a clear remote/freelance video-editing lead) [intent classified as 'unknown', not 'buyer']: https://www.facebook.com/groups/914755432934212/posts/1677684496641298 | text: 'Starting Freelance Video Editor | Short-Form & Long-Form Content I turn raw footage into content that performs. As a freelance editor building my client base, I bring fresh energy, full attention, and range across two content styles to every project: Short-Form (Reels, TikTok, YouTube Shorts, Real Estate Showcases) Fast-paced, trend-aware cuts built to hook viewers in the first 3 seconds Dynamic captions, sound-synced transitions, and pacing built for retention See more'
2026-08-13 10:44:23,854 - INFO - Ran out of loaded posts; scrolling for more (attempt 1/3).
2026-08-13 10:44:25,879 - INFO - Ran out of loaded posts; scrolling for more (attempt 2/3).
2026-08-13 10:44:27,392 - INFO - Ran out of loaded posts; scrolling for more (attempt 3/3).
2026-08-13 10:44:30,417 - INFO - Finished scrolling (3 rounds) to load additional posts.
2026-08-13 10:44:32,917 - INFO - Ran out of loaded posts; scrolling for more (attempt 1/3).
2026-08-13 10:44:36,353 - INFO - Ran out of loaded posts; scrolling for more (attempt 1/3).
2026-08-13 10:44:39,766 - INFO - Ran out of loaded posts; scrolling for more (attempt 1/3).
2026-08-13 10:44:41,253 - INFO - Ran out of loaded posts; scrolling for more (attempt 2/3).
2026-08-13 10:44:42,660 - INFO - Ran out of loaded posts; scrolling for more (attempt 3/3).
2026-08-13 10:44:45,692 - INFO - Finished scrolling (3 rounds) to load additional posts.
2026-08-13 10:44:47,373 - WARNING - No post content rendered after 1.6s of waiting (only loading skeletons or empty containers were present) -- Facebook may be loading slowly or this feed may be empty.
2026-08-13 10:44:47,374 - INFO - No further unprocessed posts available after 3 scroll attempts; treating this group as fully scanned.
2026-08-13 10:44:47,374 - INFO - [2/11] Video Editors of the Philippines (2) -- qualifying 1, old 0, dup 0, cross-dup 0, not-qualifying 2
2026-08-13 10:44:47,377 - INFO - [3/11] Visiting: Video editors(Philippines) (2)
2026-08-13 10:44:51,379 - INFO - Current page detected: https://www.facebook.com/groups/1417223878967262/?rdid=DSvW7HiKCz1XJbnB&share_url=https%3A%2F%2Fwww.facebook.com%2Fshare%2Fg%2F1NsqCBmshn%2F#
2026-08-13 10:44:53,952 - INFO - Skipping post (not a clear remote/freelance video-editing lead) [intent classified as 'unknown', not 'buyer'; no video-editing context keyword found]: https://www.facebook.com/groups/1417223878967262/posts/1969676153722029 | text: 'logo design needed'
2026-08-13 10:44:54,397 - INFO - Ran out of loaded posts; scrolling for more (attempt 1/3).
2026-08-13 10:45:00,157 - INFO - Ran out of loaded posts; scrolling for more (attempt 1/3).
2026-08-13 10:45:01,779 - INFO - Ran out of loaded posts; scrolling for more (attempt 2/3).
2026-08-13 10:45:03,264 - INFO - Ran out of loaded posts; scrolling for more (attempt 3/3).
2026-08-13 10:45:06,294 - INFO - Finished scrolling (3 rounds) to load additional posts.
2026-08-13 10:45:07,967 - WARNING - No post content rendered after 1.6s of waiting (only loading skeletons or empty containers were present) -- Facebook may be loading slowly or this feed may be empty.
2026-08-13 10:45:07,967 - INFO - No further unprocessed posts available after 3 scroll attempts; treating this group as fully scanned.
2026-08-13 10:45:07,967 - INFO - [3/11] Video editors(Philippines) (2) -- qualifying 0, old 0, dup 0, cross-dup 0, not-qualifying 1
2026-08-13 10:45:07,969 - INFO - [4/11] Visiting: Video Editing Jobs & video Editors (USA/UK/Canada)
2026-08-13 10:45:12,154 - INFO - Current page detected: https://www.facebook.com/groups/147032671260514/?rdid=MhziVP2bSI2gcmi3&share_url=https%3A%2F%2Fwww.facebook.com%2Fshare%2Fg%2F17fWUHPZGW%2F#
2026-08-13 10:45:13,832 - WARNING - No post content rendered after 1.6s of waiting (only loading skeletons or empty containers were present) -- Facebook may be loading slowly or this feed may be empty.
2026-08-13 10:45:13,832 - WARNING - [4/11] No post content rendered; skipping: Video Editing Jobs & video Editors (USA/UK/Canada)
2026-08-13 10:45:13,832 - INFO - [5/11] Visiting: Video Editing Jobs & video Editors (worldwide)
2026-08-13 10:45:19,459 - INFO - Current page detected: https://www.facebook.com/groups/6100423586635776/
2026-08-13 10:45:21,127 - WARNING - No post content rendered after 1.6s of waiting (only loading skeletons or empty containers were present) -- Facebook may be loading slowly or this feed may be empty.
2026-08-13 10:45:21,127 - WARNING - [5/11] No post content rendered; skipping: Video Editing Jobs & video Editors (worldwide)
2026-08-13 10:45:21,128 - INFO - [6/11] Visiting: Video Editing JOBS
2026-08-13 10:45:25,386 - INFO - Current page detected: https://www.facebook.com/groups/510764166305355/
2026-08-13 10:45:27,068 - WARNING - No post content rendered after 1.6s of waiting (only loading skeletons or empty containers were present) -- Facebook may be loading slowly or this feed may be empty.
2026-08-13 10:45:27,069 - WARNING - [6/11] No post content rendered; skipping: Video Editing JOBS
2026-08-13 10:45:27,069 - INFO - [7/11] Visiting: Video Editing, Voice over, Whiteboard, 2D & 3D Jobs in Pakistan
2026-08-13 10:45:30,859 - INFO - Current page detected: https://www.facebook.com/groups/1102047611258448/
2026-08-13 10:45:32,642 - WARNING - No post content rendered after 1.6s of waiting (only loading skeletons or empty containers were present) -- Facebook may be loading slowly or this feed may be empty.
2026-08-13 10:45:32,642 - WARNING - [7/11] No post content rendered; skipping: Video Editing, Voice over, Whiteboard, 2D & 3D Jobs in Pakistan
2026-08-13 10:45:32,643 - INFO - [8/11] Visiting: Video Editing
2026-08-13 10:45:38,396 - INFO - Current page detected: https://www.facebook.com/groups/editingvideofilms/
2026-08-13 10:45:41,257 - INFO - Ran out of loaded posts; scrolling for more (attempt 1/3).
2026-08-13 10:45:42,620 - INFO - Ran out of loaded posts; scrolling for more (attempt 2/3).
2026-08-13 10:45:46,001 - INFO - Skipping post (not a clear remote/freelance video-editing lead) [intent classified as 'unknown', not 'buyer']: https://www.facebook.com/groups/editingvideofilms/posts/28025870300400408 | text: "Video Editing classes will start soon It's free for 2 months Plus job confirmation yes to be Added"
2026-08-13 10:45:49,330 - INFO - Ran out of loaded posts; scrolling for more (attempt 1/3).
2026-08-13 10:45:50,813 - INFO - Ran out of loaded posts; scrolling for more (attempt 2/3).
2026-08-13 10:45:52,279 - INFO - Ran out of loaded posts; scrolling for more (attempt 3/3).
2026-08-13 10:45:55,305 - INFO - Finished scrolling (3 rounds) to load additional posts.
2026-08-13 10:45:56,966 - INFO - Ran out of loaded posts; scrolling for more (attempt 1/3).
2026-08-13 10:45:58,476 - INFO - Ran out of loaded posts; scrolling for more (attempt 2/3).
2026-08-13 10:46:00,080 - INFO - Ran out of loaded posts; scrolling for more (attempt 3/3).
2026-08-13 10:46:03,114 - INFO - Finished scrolling (3 rounds) to load additional posts.
2026-08-13 10:46:03,351 - INFO - No further unprocessed posts available after 3 scroll attempts; treating this group as fully scanned.
2026-08-13 10:46:03,351 - INFO - [8/11] Video Editing -- qualifying 0, old 0, dup 2, cross-dup 0, not-qualifying 1
2026-08-13 10:46:03,352 - INFO - [9/11] Visiting: YouTube Video editing
2026-08-13 10:46:07,720 - INFO - Current page detected: https://www.facebook.com/groups/302737219333992/
2026-08-13 10:46:11,280 - INFO - Ran out of loaded posts; scrolling for more (attempt 1/3).
2026-08-13 10:46:15,546 - INFO - Ran out of loaded posts; scrolling for more (attempt 1/3).
2026-08-13 10:46:17,325 - INFO - Ran out of loaded posts; scrolling for more (attempt 2/3).
2026-08-13 10:46:19,163 - INFO - Ran out of loaded posts; scrolling for more (attempt 3/3).
2026-08-13 10:46:22,200 - INFO - Finished scrolling (3 rounds) to load additional posts.
2026-08-13 10:46:23,880 - WARNING - No post content rendered after 1.6s of waiting (only loading skeletons or empty containers were present) -- Facebook may be loading slowly or this feed may be empty.
2026-08-13 10:46:23,880 - INFO - No further unprocessed posts available after 3 scroll attempts; treating this group as fully scanned.
2026-08-13 10:46:23,880 - INFO - [9/11] YouTube Video editing -- qualifying 1, old 0, dup 0, cross-dup 0, not-qualifying 0
2026-08-13 10:46:23,881 - INFO - [10/11] Visiting: Video Editors Make Money Online
2026-08-13 10:46:28,078 - INFO - Current page detected: https://www.facebook.com/groups/evokeverse/
2026-08-13 10:46:32,644 - INFO - Ran out of loaded posts; scrolling for more (attempt 1/3).
2026-08-13 10:46:39,910 - INFO - Ran out of loaded posts; scrolling for more (attempt 1/3).
2026-08-13 10:46:41,406 - INFO - Ran out of loaded posts; scrolling for more (attempt 2/3).
2026-08-13 10:46:43,290 - INFO - Ran out of loaded posts; scrolling for more (attempt 3/3).
2026-08-13 10:46:46,327 - INFO - Finished scrolling (3 rounds) to load additional posts.
2026-08-13 10:46:48,020 - WARNING - No post content rendered after 1.6s of waiting (only loading skeletons or empty containers were present) -- Facebook may be loading slowly or this feed may be empty.
2026-08-13 10:46:48,020 - INFO - No further unprocessed posts available after 3 scroll attempts; treating this group as fully scanned.
2026-08-13 10:46:48,021 - INFO - [10/11] Video Editors Make Money Online -- qualifying 1, old 0, dup 0, cross-dup 0, not-qualifying 0
2026-08-13 10:46:48,024 - INFO - [11/11] Visiting: Video Editing Jobs (India)
2026-08-13 10:46:51,992 - INFO - Current page detected: https://www.facebook.com/groups/1080596700055075/
2026-08-13 10:46:54,630 - INFO - Skipping post (not a clear remote/freelance video-editing lead) [intent classified as 'unknown', not 'buyer'; no video-editing context keyword found]: https://www.facebook.com/groups/1080596700055075/posts/1772913580823380 | text: 'I need a flex design not chatgpt'
2026-08-13 10:46:55,006 - INFO - Ran out of loaded posts; scrolling for more (attempt 1/3).
2026-08-13 10:47:01,614 - INFO - Ran out of loaded posts; scrolling for more (attempt 1/3).
2026-08-13 10:47:03,003 - INFO - Ran out of loaded posts; scrolling for more (attempt 2/3).
2026-08-13 10:47:04,261 - INFO - Ran out of loaded posts; scrolling for more (attempt 3/3).
2026-08-13 10:47:07,293 - INFO - Finished scrolling (3 rounds) to load additional posts.
2026-08-13 10:47:09,680 - INFO - Ran out of loaded posts; scrolling for more (attempt 1/3).
2026-08-13 10:47:13,056 - INFO - Ran out of loaded posts; scrolling for more (attempt 1/3).
2026-08-13 10:47:14,330 - INFO - Ran out of loaded posts; scrolling for more (attempt 2/3).
2026-08-13 10:47:15,590 - INFO - Ran out of loaded posts; scrolling for more (attempt 3/3).
2026-08-13 10:47:18,617 - INFO - Finished scrolling (3 rounds) to load additional posts.
2026-08-13 10:47:18,853 - INFO - No further unprocessed posts available after 3 scroll attempts; treating this group as fully scanned.
2026-08-13 10:47:18,854 - INFO - [11/11] Video Editing Jobs (India) -- qualifying 1, old 2, dup 0, cross-dup 0, not-qualifying 1
2026-08-13 10:52:47,818 - INFO - Subset run: groups 1..20 (20 of 31).
2026-08-13 10:53:36,314 - INFO - Subset run: groups 1..20 (20 of 31).
2026-08-13 10:53:38,603 - INFO - [1/20] Visiting: I Need a Editor
2026-08-13 10:53:48,903 - INFO - Current page detected: https://www.facebook.com/groups/ineedavideoeditor/?rdid=SHjKqu6tHn0xkg1l&share_url=https%3A%2F%2Fwww.facebook.com%2Fshare%2Fg%2F1YpD7y4noQ%2F#
2026-08-13 10:53:52,560 - INFO - Ran out of loaded posts; scrolling for more (attempt 1/3).
2026-08-13 10:53:54,540 - INFO - Ran out of loaded posts; scrolling for more (attempt 2/3).
2026-08-13 10:53:56,017 - INFO - Ran out of loaded posts; scrolling for more (attempt 3/3).
2026-08-13 10:53:59,083 - INFO - Finished scrolling (3 rounds) to load additional posts.
2026-08-13 10:54:01,722 - INFO - Ran out of loaded posts; scrolling for more (attempt 1/3).
2026-08-13 10:54:04,441 - INFO - Skipping post (not a clear remote/freelance video-editing lead) [no video-editing context keyword found]: https://www.facebook.com/groups/ineedavideoeditor/posts/2629382457515080 | text: 'Hi, I need a Thumbnail Designer.... For long term projects'
2026-08-13 10:54:05,285 - INFO - Ran out of loaded posts; scrolling for more (attempt 1/3).
2026-08-13 10:54:21,318 - INFO - Ran out of loaded posts; scrolling for more (attempt 1/3).
2026-08-13 10:54:24,086 - INFO - Ran out of loaded posts; scrolling for more (attempt 2/3).
2026-08-13 10:54:26,077 - INFO - Ran out of loaded posts; scrolling for more (attempt 3/3).
2026-08-13 10:54:29,118 - INFO - Finished scrolling (3 rounds) to load additional posts.
2026-08-13 10:54:34,800 - INFO - Ran out of loaded posts; scrolling for more (attempt 1/3).
2026-08-13 10:54:36,830 - INFO - Ran out of loaded posts; scrolling for more (attempt 2/3).
2026-08-13 10:54:38,769 - INFO - Ran out of loaded posts; scrolling for more (attempt 3/3).
2026-08-13 10:54:41,807 - INFO - Finished scrolling (3 rounds) to load additional posts.
2026-08-13 10:54:44,394 - INFO - Ran out of loaded posts; scrolling for more (attempt 1/3).
2026-08-13 10:54:45,674 - INFO - Ran out of loaded posts; scrolling for more (attempt 2/3).
2026-08-13 10:54:47,002 - INFO - Ran out of loaded posts; scrolling for more (attempt 3/3).
2026-08-13 10:54:50,039 - INFO - Finished scrolling (3 rounds) to load additional posts.
2026-08-13 10:54:52,728 - INFO - Ran out of loaded posts; scrolling for more (attempt 1/3).
2026-08-13 10:54:54,281 - INFO - Ran out of loaded posts; scrolling for more (attempt 2/3).
2026-08-13 10:54:55,829 - INFO - Ran out of loaded posts; scrolling for more (attempt 3/3).
2026-08-13 10:54:58,863 - INFO - Finished scrolling (3 rounds) to load additional posts.
2026-08-13 10:55:00,546 - WARNING - No post content rendered after 1.6s of waiting (only loading skeletons or empty containers were present) -- Facebook may be loading slowly or this feed may be empty.
2026-08-13 10:55:00,546 - INFO - No further unprocessed posts available after 3 scroll attempts; treating this group as fully scanned.
2026-08-13 10:55:00,547 - INFO - [1/20] I Need a Editor -- qualifying 3, old 0, dup 3, cross-dup 0, not-qualifying 1
2026-08-13 10:55:00,552 - INFO - [2/20] Visiting: VIDEO EDITORS for TIKTOK YOUTUBE & INSTAGRAM
2026-08-13 10:55:05,810 - INFO - Current page detected: https://www.facebook.com/groups/1535727757545719/?rdid=PRK6Do0zzJOnC5MR&share_url=https%3A%2F%2Fwww.facebook.com%2Fshare%2Fg%2F1SZ9Bs6Dn1%2F#
2026-08-13 10:55:11,877 - INFO - Ran out of loaded posts; scrolling for more (attempt 1/3).
2026-08-13 10:55:15,843 - INFO - Skipping post (same lead already saved from another group): https://www.facebook.com/groups/1535727757545719/posts/1736583817460111
2026-08-13 10:55:20,858 - INFO - Ran out of loaded posts; scrolling for more (attempt 1/3).
2026-08-13 10:55:25,205 - INFO - Ran out of loaded posts; scrolling for more (attempt 1/3).
2026-08-13 10:55:28,748 - INFO - Ran out of loaded posts; scrolling for more (attempt 1/3).
2026-08-13 10:55:32,938 - INFO - Ran out of loaded posts; scrolling for more (attempt 1/3).
2026-08-13 10:55:34,552 - INFO - Ran out of loaded posts; scrolling for more (attempt 2/3).
2026-08-13 10:55:36,035 - INFO - Ran out of loaded posts; scrolling for more (attempt 3/3).
2026-08-13 10:55:39,065 - INFO - Finished scrolling (3 rounds) to load additional posts.
2026-08-13 10:55:40,833 - WARNING - No post content rendered after 1.6s of waiting (only loading skeletons or empty containers were present) -- Facebook may be loading slowly or this feed may be empty.
2026-08-13 10:55:40,833 - INFO - No further unprocessed posts available after 3 scroll attempts; treating this group as fully scanned.
2026-08-13 10:55:40,833 - INFO - [2/20] VIDEO EDITORS for TIKTOK YOUTUBE & INSTAGRAM -- qualifying 1, old 0, dup 0, cross-dup 1, not-qualifying 0
2026-08-13 10:55:40,837 - INFO - [3/20] Visiting: Looking For Video Editor UK
2026-08-13 10:55:45,797 - INFO - Current page detected: https://www.facebook.com/groups/470532055541674/?rdid=BXs7s09LJ9wfpCUM&share_url=https%3A%2F%2Fwww.facebook.com%2Fshare%2Fg%2F1EN1BBuUB8%2F#
2026-08-13 10:55:48,695 - INFO - Skipping post (not a clear remote/freelance video-editing lead) [intent classified as 'seller', not 'buyer']: https://www.facebook.com/groups/470532055541674/posts/1087561257172081 | text: 'Hello Everyone  I am a creative and adaptive Video Editor  who can make Map animations and also Talking Head Videos I can also make content Reels for Facebook or Instagram … See more'
2026-08-13 10:55:49,254 - INFO - Ran out of loaded posts; scrolling for more (attempt 1/3).
2026-08-13 10:55:52,636 - INFO - Skipping post (not a clear remote/freelance video-editing lead) [intent classified as 'unknown', not 'buyer']: https://www.facebook.com/groups/470532055541674/posts/1089140620347478 | text: "Looking for a YouTube Video Editor for a New Global Travel Channel! I already travel a lot and share my journeys on Instagram, but now I want to document more extensively on YouTube. I'm launching a travel vlogging channel starting with short UK trips, expanding to European city breaks, and eventually scaling to all around the world. I'm looking for a reliable, long-term editor to grow with me. The Vibe: Raw, authentic, and natural not overly polished or over-produced. See more"
2026-08-13 10:55:53,547 - INFO - Ran out of loaded posts; scrolling for more (attempt 1/3).
2026-08-13 10:55:54,987 - INFO - Ran out of loaded posts; scrolling for more (attempt 2/3).
2026-08-13 10:55:56,447 - INFO - Ran out of loaded posts; scrolling for more (attempt 3/3).
2026-08-13 10:55:59,476 - INFO - Finished scrolling (3 rounds) to load additional posts.
2026-08-13 10:56:00,399 - INFO - Skipping post (not a clear remote/freelance video-editing lead) [intent classified as 'unknown', not 'buyer']: https://www.facebook.com/groups/470532055541674/posts/1088582753736598 | text: 'HIRING FULL-TIME VIDEO EDITOR — DIRECT RESPONSE E-COMMERCE We are a fast-growing Italian e-commerce brand looking for a Full-Time Video Editor to join our team on a long-term basis. We produce a high volume of video ads for Meta (Facebook & Instagram) and are looking for someone who can create scroll-stopping hooks and edit creatives designed to convert.… See more'
2026-08-13 10:56:00,982 - INFO - Ran out of loaded posts; scrolling for more (attempt 1/3).
2026-08-13 10:56:02,607 - INFO - Ran out of loaded posts; scrolling for more (attempt 2/3).
2026-08-13 10:56:04,393 - INFO - Ran out of loaded posts; scrolling for more (attempt 3/3).
2026-08-13 10:56:07,429 - INFO - Finished scrolling (3 rounds) to load additional posts.
2026-08-13 10:56:10,769 - INFO - Ran out of loaded posts; scrolling for more (attempt 1/3).
2026-08-13 10:56:12,897 - INFO - Ran out of loaded posts; scrolling for more (attempt 2/3).
2026-08-13 10:56:14,597 - INFO - Ran out of loaded posts; scrolling for more (attempt 3/3).
2026-08-13 10:56:17,632 - INFO - Finished scrolling (3 rounds) to load additional posts.
2026-08-13 10:56:20,379 - INFO - Ran out of loaded posts; scrolling for more (attempt 1/3).
2026-08-13 10:56:24,460 - INFO - Ran out of loaded posts; scrolling for more (attempt 1/3).
2026-08-13 10:56:26,014 - INFO - Ran out of loaded posts; scrolling for more (attempt 2/3).
2026-08-13 10:56:27,515 - INFO - Ran out of loaded posts; scrolling for more (attempt 3/3).
2026-08-13 10:56:30,551 - INFO - Finished scrolling (3 rounds) to load additional posts.
2026-08-13 10:56:32,233 - WARNING - No post content rendered after 1.6s of waiting (only loading skeletons or empty containers were present) -- Facebook may be loading slowly or this feed may be empty.
2026-08-13 10:56:32,233 - INFO - No further unprocessed posts available after 3 scroll attempts; treating this group as fully scanned.
2026-08-13 10:56:32,233 - INFO - [3/20] Looking For Video Editor UK -- qualifying 0, old 0, dup 0, cross-dup 0, not-qualifying 3
2026-08-13 10:56:32,235 - INFO - [4/20] Visiting: Professional Video Editors
2026-08-13 10:56:36,797 - INFO - Current page detected: https://www.facebook.com/groups/310584494121197/?rdid=AqIUe8y6fxbEiVHV&share_url=https%3A%2F%2Fwww.facebook.com%2Fshare%2Fg%2F17sYQhzdR4%2F#
2026-08-13 10:56:38,583 - WARNING - No post content rendered after 1.6s of waiting (only loading skeletons or empty containers were present) -- Facebook may be loading slowly or this feed may be empty.
2026-08-13 10:56:38,583 - WARNING - [4/20] No post content rendered; skipping: Professional Video Editors
2026-08-13 10:56:38,583 - INFO - [5/20] Visiting: Freelance Video Editor Philippines Official
2026-08-13 10:56:48,676 - INFO - Current page detected: https://www.facebook.com/groups/563297302882280/?rdid=OIOh88tLHxh4Ia7V&share_url=https%3A%2F%2Fwww.facebook.com%2Fshare%2Fg%2F1BiuKWizbZ%2F#
2026-08-13 10:56:51,966 - INFO - Ran out of loaded posts; scrolling for more (attempt 1/3).
2026-08-13 10:56:56,000 - INFO - Skipping post (not a clear remote/freelance video-editing lead) [intent classified as 'seller', not 'buyer']: https://www.facebook.com/groups/563297302882280/posts/1085327644012574 | text: 'Need mo ng content pero wala kang time mag-edit? We help small businesses, coaches, creators, and brands create clean and engaging videos for Facebook, TikTok, and Reels. We offer:… See more'
2026-08-13 10:56:56,807 - INFO - Ran out of loaded posts; scrolling for more (attempt 1/3).
2026-08-13 10:56:59,364 - INFO - Ran out of loaded posts; scrolling for more (attempt 2/3).
2026-08-13 10:57:01,077 - INFO - Ran out of loaded posts; scrolling for more (attempt 3/3).
2026-08-13 10:57:04,111 - INFO - Finished scrolling (3 rounds) to load additional posts.
2026-08-13 10:57:05,972 - INFO - Ran out of loaded posts; scrolling for more (attempt 1/3).
2026-08-13 10:57:07,555 - INFO - Ran out of loaded posts; scrolling for more (attempt 2/3).
2026-08-13 10:57:09,072 - INFO - Ran out of loaded posts; scrolling for more (attempt 3/3).
2026-08-13 10:57:12,117 - INFO - Finished scrolling (3 rounds) to load additional posts.
2026-08-13 10:57:13,086 - INFO - Skipping post (same lead already saved from another group): https://www.facebook.com/groups/563297302882280/posts/1087114277167244
2026-08-13 10:57:13,572 - INFO - Ran out of loaded posts; scrolling for more (attempt 1/3).
2026-08-13 10:57:15,193 - INFO - Ran out of loaded posts; scrolling for more (attempt 2/3).
2026-08-13 10:57:16,689 - INFO - Ran out of loaded posts; scrolling for more (attempt 3/3).
2026-08-13 10:57:19,725 - INFO - Finished scrolling (3 rounds) to load additional posts.
2026-08-13 10:57:21,221 - INFO - Ran out of loaded posts; scrolling for more (attempt 1/3).
2026-08-13 10:57:22,790 - INFO - Ran out of loaded posts; scrolling for more (attempt 2/3).
2026-08-13 10:57:24,340 - INFO - Ran out of loaded posts; scrolling for more (attempt 3/3).
2026-08-13 10:57:27,372 - INFO - Finished scrolling (3 rounds) to load additional posts.
2026-08-13 10:57:28,247 - INFO - Skipping post (not a clear remote/freelance video-editing lead) [intent classified as 'unknown', not 'buyer']: https://www.facebook.com/groups/563297302882280/posts/1086144440597561 | text: 'Hello! I’m looking for a video editor for a vlog-style video. Ideally, someone who understands Bisaya/Cebuano, as there will occasionally be Bisaya conversations. Videos are usually 15–20 minutes long. I’m open to both experienced editors and beginners building their portfolios!… See more'
2026-08-13 10:57:28,831 - INFO - Ran out of loaded posts; scrolling for more (attempt 1/3).
2026-08-13 10:57:30,632 - INFO - Ran out of loaded posts; scrolling for more (attempt 2/3).
2026-08-13 10:57:32,486 - INFO - Ran out of loaded posts; scrolling for more (attempt 3/3).
2026-08-13 10:57:35,541 - INFO - Finished scrolling (3 rounds) to load additional posts.
2026-08-13 10:57:37,652 - INFO - Ran out of loaded posts; scrolling for more (attempt 1/3).
2026-08-13 10:57:39,269 - INFO - Ran out of loaded posts; scrolling for more (attempt 2/3).
2026-08-13 10:57:41,300 - INFO - Ran out of loaded posts; scrolling for more (attempt 3/3).
2026-08-13 10:57:44,331 - INFO - Finished scrolling (3 rounds) to load additional posts.
2026-08-13 10:57:44,638 - INFO - No further unprocessed posts available after 3 scroll attempts; treating this group as fully scanned.
2026-08-13 10:57:44,638 - INFO - [5/20] Freelance Video Editor Philippines Official -- qualifying 0, old 4, dup 0, cross-dup 1, not-qualifying 2
2026-08-13 10:57:44,640 - INFO - [6/20] Visiting: Hire A VIDEO EDITOR WORLDWIDE Here
2026-08-13 10:57:50,365 - INFO - Current page detected: https://www.facebook.com/groups/185647597308414/?rdid=TKsQyMEx8O2yoCtQ&share_url=https%3A%2F%2Fwww.facebook.com%2Fshare%2Fg%2F14fbrHUzmsZ%2F#
2026-08-13 10:57:52,033 - WARNING - No post content rendered after 1.6s of waiting (only loading skeletons or empty containers were present) -- Facebook may be loading slowly or this feed may be empty.
2026-08-13 10:57:52,033 - WARNING - [6/20] No post content rendered; skipping: Hire A VIDEO EDITOR WORLDWIDE Here
2026-08-13 10:57:52,034 - INFO - [7/20] Visiting: Video Editors of the Philippines
2026-08-13 10:58:03,614 - INFO - Current page detected: https://www.facebook.com/groups/914755432934212/?rdid=wyQBGXpBgHZlxCWP&share_url=https%3A%2F%2Fwww.facebook.com%2Fshare%2Fg%2F1AhHHfAAdS%2F#
2026-08-13 10:58:05,302 - WARNING - No post content rendered after 1.6s of waiting (only loading skeletons or empty containers were present) -- Facebook may be loading slowly or this feed may be empty.
2026-08-13 10:58:05,302 - WARNING - [7/20] No post content rendered; skipping: Video Editors of the Philippines
2026-08-13 10:58:05,303 - INFO - [8/20] Visiting: PHILIPPINES - FOR PROFESSIONAL VIDEO EDITORS ONLY
2026-08-13 10:58:10,429 - INFO - Current page detected: https://www.facebook.com/groups/philippinesforprofessionalvideoeditorsonly/?rdid=sEFRcwqPUK2u1z8u&share_url=https%3A%2F%2Fwww.facebook.com%2Fshare%2Fg%2F1Gq6caq1u8%2F#
2026-08-13 10:58:12,766 - INFO - Skipping post (not a clear remote/freelance video-editing lead) [intent classified as 'unknown', not 'buyer']: https://www.facebook.com/groups/philippinesforprofessionalvideoeditorsonly/posts/1466725101930215 | text: 'LF AI promt specialist for videos! DM me your best pixar sample and realistic AI video samples. budget : Full time for 40-70k a month depends on your speed and quality outputs. … See more'
2026-08-13 10:58:13,027 - INFO - Ran out of loaded posts; scrolling for more (attempt 1/3).
2026-08-13 10:58:18,316 - INFO - Ran out of loaded posts; scrolling for more (attempt 1/3).
2026-08-13 10:58:21,004 - WARNING - No post content rendered after 1.6s of waiting (only loading skeletons or empty containers were present) -- Facebook may be loading slowly or this feed may be empty.
2026-08-13 10:58:21,004 - INFO - Ran out of loaded posts; scrolling for more (attempt 2/3).
2026-08-13 10:58:23,694 - WARNING - No post content rendered after 1.6s of waiting (only loading skeletons or empty containers were present) -- Facebook may be loading slowly or this feed may be empty.
2026-08-13 10:58:23,694 - INFO - Ran out of loaded posts; scrolling for more (attempt 3/3).
2026-08-13 10:58:26,738 - INFO - Finished scrolling (3 rounds) to load additional posts.
2026-08-13 10:58:28,416 - WARNING - No post content rendered after 1.6s of waiting (only loading skeletons or empty containers were present) -- Facebook may be loading slowly or this feed may be empty.
2026-08-13 10:58:28,416 - INFO - No further unprocessed posts available after 3 scroll attempts; treating this group as fully scanned.
2026-08-13 10:58:28,416 - INFO - [8/20] PHILIPPINES - FOR PROFESSIONAL VIDEO EDITORS ONLY -- qualifying 0, old 0, dup 0, cross-dup 0, not-qualifying 1
2026-08-13 10:58:28,418 - INFO - [9/20] Visiting: Pakistani Video Editors
2026-08-13 10:58:33,553 - INFO - Current page detected: https://www.facebook.com/groups/497041285819747/?rdid=bUtHBMq6tm9wl76J&share_url=https%3A%2F%2Fwww.facebook.com%2Fshare%2Fg%2F17wWHArQg5%2F#
2026-08-13 10:58:35,985 - INFO - Skipping post (not a clear remote/freelance video-editing lead) [intent classified as 'unknown', not 'buyer']: https://www.facebook.com/groups/497041285819747/posts/1444873254369874 | text: 'Mujhe AI cartoon aur short AI videos banwane hain Agar koi ye service provide karta hai to please Inbox/DM kare. Paid work hai.'
2026-08-13 10:58:36,526 - INFO - Ran out of loaded posts; scrolling for more (attempt 1/3).
2026-08-13 10:58:47,308 - INFO - Ran out of loaded posts; scrolling for more (attempt 1/3).
2026-08-13 10:58:48,916 - INFO - Ran out of loaded posts; scrolling for more (attempt 2/3).
2026-08-13 10:58:50,446 - INFO - Ran out of loaded posts; scrolling for more (attempt 3/3).
2026-08-13 10:58:53,541 - INFO - Finished scrolling (3 rounds) to load additional posts.
2026-08-13 10:58:54,782 - INFO - Skipping post (not a clear remote/freelance video-editing lead) [classified as onsite/in-person, not remote/freelance]: https://www.facebook.com/groups/497041285819747/posts/1446230684234131 | text: 'Any Video Editor From Bahawalpur? Office Based Job'
2026-08-13 10:58:55,500 - INFO - Ran out of loaded posts; scrolling for more (attempt 1/3).
2026-08-13 10:58:57,147 - INFO - Ran out of loaded posts; scrolling for more (attempt 2/3).
2026-08-13 10:58:58,838 - INFO - Ran out of loaded posts; scrolling for more (attempt 3/3).
2026-08-13 10:59:01,872 - INFO - Finished scrolling (3 rounds) to load additional posts.
2026-08-13 10:59:04,075 - INFO - Ran out of loaded posts; scrolling for more (attempt 1/3).
2026-08-13 10:59:05,388 - INFO - Ran out of loaded posts; scrolling for more (attempt 2/3).
2026-08-13 10:59:06,997 - INFO - Ran out of loaded posts; scrolling for more (attempt 3/3).
2026-08-13 10:59:10,041 - INFO - Finished scrolling (3 rounds) to load additional posts.
2026-08-13 10:59:11,745 - INFO - Ran out of loaded posts; scrolling for more (attempt 1/3).
2026-08-13 10:59:12,986 - INFO - Ran out of loaded posts; scrolling for more (attempt 2/3).
2026-08-13 10:59:14,246 - INFO - Ran out of loaded posts; scrolling for more (attempt 3/3).
2026-08-13 10:59:17,276 - INFO - Finished scrolling (3 rounds) to load additional posts.
2026-08-13 10:59:18,409 - INFO - Skipping post (not a clear remote/freelance video-editing lead) [intent classified as 'seller', not 'buyer'; classified as onsite/in-person, not remote/freelance]: https://www.facebook.com/groups/497041285819747/posts/1446463197544213 | text: 'One year experience in premium pro. Basic editing required only premium pro. No capcut on side job. Full-time job bonuses and incentives are separate. Good salary at Johar town lahore 03024644637 One year experience in premium pro. Basic editing required only premium pro. No capcut on side job. Full-time job bonuses and incentives are separate. Good salary at Johar town lahore'
2026-08-13 10:59:19,175 - INFO - Ran out of loaded posts; scrolling for more (attempt 1/3).
2026-08-13 10:59:20,495 - INFO - Ran out of loaded posts; scrolling for more (attempt 2/3).
2026-08-13 10:59:21,811 - INFO - Ran out of loaded posts; scrolling for more (attempt 3/3).
2026-08-13 10:59:24,845 - INFO - Finished scrolling (3 rounds) to load additional posts.
2026-08-13 10:59:26,888 - INFO - Ran out of loaded posts; scrolling for more (attempt 1/3).
2026-08-13 10:59:28,522 - INFO - Ran out of loaded posts; scrolling for more (attempt 2/3).
2026-08-13 10:59:30,232 - INFO - Ran out of loaded posts; scrolling for more (attempt 3/3).
2026-08-13 10:59:33,343 - INFO - Finished scrolling (3 rounds) to load additional posts.
2026-08-13 10:59:35,222 - INFO - Skipping post (not a clear remote/freelance video-editing lead) [intent classified as 'unknown', not 'buyer']: https://www.facebook.com/groups/497041285819747/posts/1446163564240843 | text: 'Building A Remote Video Editing Team Admin Approve please !!! I’d prefer to work with Pakistani editors, but if you’re based somewhere else and genuinely skilled at what you do, feel free to DM as well. **Please read the post carefully before messaging and DM me on the account mentioned in the post.** See more'
2026-08-13 10:59:36,041 - INFO - Ran out of loaded posts; scrolling for more (attempt 1/3).
2026-08-13 10:59:37,413 - INFO - Ran out of loaded posts; scrolling for more (attempt 2/3).
2026-08-13 10:59:38,876 - INFO - Ran out of loaded posts; scrolling for more (attempt 3/3).
2026-08-13 10:59:41,967 - INFO - Finished scrolling (3 rounds) to load additional posts.
2026-08-13 10:59:42,405 - INFO - No further unprocessed posts available after 3 scroll attempts; treating this group as fully scanned.
2026-08-13 10:59:42,405 - INFO - [9/20] Pakistani Video Editors -- qualifying 0, old 1, dup 4, cross-dup 0, not-qualifying 4
2026-08-13 10:59:42,407 - INFO - [10/20] Visiting: Video editors(Philippines)
2026-08-13 10:59:46,632 - INFO - Current page detected: https://www.facebook.com/groups/1417223878967262/?rdid=jzrzUvQiaobzDhMN&share_url=https%3A%2F%2Fwww.facebook.com%2Fshare%2Fg%2F1EZBXK2SzH%2F#
2026-08-13 10:59:48,349 - WARNING - No post content rendered after 1.6s of waiting (only loading skeletons or empty containers were present) -- Facebook may be loading slowly or this feed may be empty.
2026-08-13 10:59:48,349 - WARNING - [10/20] No post content rendered; skipping: Video editors(Philippines)
2026-08-13 10:59:48,349 - INFO - [11/20] Visiting: Video Editing Groups
2026-08-13 10:59:52,597 - INFO - Current page detected: https://www.facebook.com/groups/294830932856749/
2026-08-13 10:59:54,301 - WARNING - No post content rendered after 1.6s of waiting (only loading skeletons or empty containers were present) -- Facebook may be loading slowly or this feed may be empty.
2026-08-13 10:59:54,301 - WARNING - [11/20] No post content rendered; skipping: Video Editing Groups
2026-08-13 10:59:54,301 - INFO - [12/20] Visiting: Hire a Video Editor - Freelance Hub
2026-08-13 10:59:58,915 - INFO - Current page detected: https://www.facebook.com/groups/2045519552480506/
2026-08-13 11:00:01,928 - INFO - Ran out of loaded posts; scrolling for more (attempt 1/3).
2026-08-13 11:00:09,603 - INFO - Ran out of loaded posts; scrolling for more (attempt 1/3).
2026-08-13 11:00:10,937 - INFO - Ran out of loaded posts; scrolling for more (attempt 2/3).
2026-08-13 11:00:12,275 - INFO - Ran out of loaded posts; scrolling for more (attempt 3/3).
2026-08-13 11:00:15,344 - INFO - Finished scrolling (3 rounds) to load additional posts.
2026-08-13 11:00:16,709 - INFO - Skipping post (not a clear remote/freelance video-editing lead) [intent classified as 'unknown', not 'buyer']: https://www.facebook.com/groups/editverse.freelancehub/posts/2811647489201038 | text: 'Assalam O Alaikum Pakistan Sy Is Waqt Koi Editor Available Hy Jisy Voice Script Images Sb Mily Or Usy Bs Adjust Krna Ata Ho Daily 1,2 Videos Daily Payment Hy Long Term Work Come Only Whatsapp No Messenger Inbox Please Msg Fast 03185442458'
2026-08-13 11:00:17,425 - INFO - Ran out of loaded posts; scrolling for more (attempt 1/3).
2026-08-13 11:00:19,131 - INFO - Ran out of loaded posts; scrolling for more (attempt 2/3).
2026-08-13 11:00:20,947 - INFO - Ran out of loaded posts; scrolling for more (attempt 3/3).
2026-08-13 11:00:23,994 - INFO - Finished scrolling (3 rounds) to load additional posts.
2026-08-13 11:00:25,741 - INFO - Skipping post (not a clear remote/freelance video-editing lead) [intent classified as 'unknown', not 'buyer']: https://www.facebook.com/groups/editverse.freelancehub/posts/2813936178972169 | text: 'VIDEO EDITOR WANTED — SCOPE CREEP I run Scope Creep, a video game essay channel (~3K subscribers and growing steadily). I write, record, and capture everything myself, and I’m looking for an editor to bring the finished VO and footage together. The Work See more'
2026-08-13 11:00:26,365 - INFO - Ran out of loaded posts; scrolling for more (attempt 1/3).
2026-08-13 11:00:29,643 - INFO - Ran out of loaded posts; scrolling for more (attempt 1/3).
2026-08-13 11:00:31,408 - INFO - Ran out of loaded posts; scrolling for more (attempt 2/3).
2026-08-13 11:00:33,115 - INFO - Ran out of loaded posts; scrolling for more (attempt 3/3).
2026-08-13 11:00:36,163 - INFO - Finished scrolling (3 rounds) to load additional posts.
2026-08-13 11:00:38,584 - INFO - Ran out of loaded posts; scrolling for more (attempt 1/3).
2026-08-13 11:00:39,984 - INFO - Ran out of loaded posts; scrolling for more (attempt 2/3).
2026-08-13 11:00:41,573 - INFO - Ran out of loaded posts; scrolling for more (attempt 3/3).
2026-08-13 11:00:44,617 - INFO - Finished scrolling (3 rounds) to load additional posts.
2026-08-13 11:00:47,895 - INFO - Ran out of loaded posts; scrolling for more (attempt 1/3).
2026-08-13 11:00:49,797 - INFO - Ran out of loaded posts; scrolling for more (attempt 2/3).
2026-08-13 11:00:51,485 - INFO - Ran out of loaded posts; scrolling for more (attempt 3/3).
2026-08-13 11:00:54,534 - INFO - Finished scrolling (3 rounds) to load additional posts.
2026-08-13 11:00:56,256 - WARNING - No post content rendered after 1.6s of waiting (only loading skeletons or empty containers were present) -- Facebook may be loading slowly or this feed may be empty.
2026-08-13 11:00:56,256 - INFO - No further unprocessed posts available after 3 scroll attempts; treating this group as fully scanned.
2026-08-13 11:00:56,256 - INFO - [12/20] Hire a Video Editor - Freelance Hub -- qualifying 0, old 0, dup 4, cross-dup 0, not-qualifying 2
2026-08-13 11:00:56,256 - INFO - [13/20] Visiting: Video Editors Community
2026-08-13 11:00:59,951 - INFO - Current page detected: https://www.facebook.com/groups/503066452462593/
2026-08-13 11:01:02,918 - INFO - Skipping post (not a clear remote/freelance video-editing lead) [intent classified as 'seller', not 'buyer']: https://www.facebook.com/groups/503066452462593/posts/891530056949562 | text: 'Hi, I need a high-quality 60-second Fiverr gig promotional video for my Funnel Design service. STYLE & QUALITY Modern, premium, and clean Fast-paced with smooth transitions See more'
2026-08-13 11:01:03,394 - INFO - Ran out of loaded posts; scrolling for more (attempt 1/3).
2026-08-13 11:01:05,363 - INFO - Ran out of loaded posts; scrolling for more (attempt 2/3).
2026-08-13 11:01:11,771 - WARNING - No post content rendered after 1.6s of waiting (only loading skeletons or empty containers were present) -- Facebook may be loading slowly or this feed may be empty.
2026-08-13 11:01:11,806 - INFO - Ran out of loaded posts; scrolling for more (attempt 1/3).
2026-08-13 11:01:14,642 - WARNING - No post content rendered after 1.6s of waiting (only loading skeletons or empty containers were present) -- Facebook may be loading slowly or this feed may be empty.
2026-08-13 11:01:14,642 - INFO - Ran out of loaded posts; scrolling for more (attempt 2/3).
2026-08-13 11:01:17,376 - WARNING - No post content rendered after 1.6s of waiting (only loading skeletons or empty containers were present) -- Facebook may be loading slowly or this feed may be empty.
2026-08-13 11:01:17,376 - INFO - Ran out of loaded posts; scrolling for more (attempt 3/3).
2026-08-13 11:01:20,462 - INFO - Finished scrolling (3 rounds) to load additional posts.
2026-08-13 11:01:22,228 - WARNING - No post content rendered after 1.6s of waiting (only loading skeletons or empty containers were present) -- Facebook may be loading slowly or this feed may be empty.
2026-08-13 11:01:22,228 - INFO - No further unprocessed posts available after 3 scroll attempts; treating this group as fully scanned.
2026-08-13 11:01:22,228 - INFO - [13/20] Video Editors Community -- qualifying 0, old 0, dup 0, cross-dup 0, not-qualifying 1
2026-08-13 11:01:22,232 - INFO - [14/20] Visiting: Video Editing Services and Community Worldwide
2026-08-13 11:01:25,788 - INFO - Current page detected: https://www.facebook.com/groups/610594114897677/
2026-08-13 11:01:27,487 - WARNING - No post content rendered after 1.6s of waiting (only loading skeletons or empty containers were present) -- Facebook may be loading slowly or this feed may be empty.
2026-08-13 11:01:27,487 - WARNING - [14/20] No post content rendered; skipping: Video Editing Services and Community Worldwide
2026-08-13 11:01:27,487 - INFO - [15/20] Visiting: YouTube Creators - Promote Your YouTube Channel
2026-08-13 11:01:31,827 - INFO - Current page detected: https://www.facebook.com/groups/ytcreatorspromo/
2026-08-13 11:01:33,521 - WARNING - No post content rendered after 1.6s of waiting (only loading skeletons or empty containers were present) -- Facebook may be loading slowly or this feed may be empty.
2026-08-13 11:01:33,521 - WARNING - [15/20] No post content rendered; skipping: YouTube Creators - Promote Your YouTube Channel
2026-08-13 11:01:33,521 - INFO - [16/20] Visiting: Video Editor freelancer
2026-08-13 11:01:37,633 - INFO - Current page detected: https://www.facebook.com/groups/396537685660594/
2026-08-13 11:01:39,424 - WARNING - No post content rendered after 1.6s of waiting (only loading skeletons or empty containers were present) -- Facebook may be loading slowly or this feed may be empty.
2026-08-13 11:01:39,424 - WARNING - [16/20] No post content rendered; skipping: Video Editor freelancer
2026-08-13 11:01:39,424 - INFO - [17/20] Visiting: EDITOR HUB
2026-08-13 11:01:43,606 - INFO - Current page detected: https://www.facebook.com/groups/1380781919968166/
2026-08-13 11:01:45,336 - WARNING - No post content rendered after 1.6s of waiting (only loading skeletons or empty containers were present) -- Facebook may be loading slowly or this feed may be empty.
2026-08-13 11:01:45,336 - WARNING - [17/20] No post content rendered; skipping: EDITOR HUB
2026-08-13 11:01:45,336 - INFO - [18/20] Visiting: Video editing
2026-08-13 11:01:50,080 - INFO - Current page detected: https://www.facebook.com/groups/409392954169013/
2026-08-13 11:01:51,817 - WARNING - No post content rendered after 1.6s of waiting (only loading skeletons or empty containers were present) -- Facebook may be loading slowly or this feed may be empty.
2026-08-13 11:01:51,817 - WARNING - [18/20] No post content rendered; skipping: Video editing
2026-08-13 11:01:51,817 - INFO - [19/20] Visiting: AI Video Editing Jobs & Services Online
2026-08-13 11:01:55,650 - INFO - Current page detected: https://www.facebook.com/groups/1155257268851946/
2026-08-13 11:01:57,374 - WARNING - No post content rendered after 1.6s of waiting (only loading skeletons or empty containers were present) -- Facebook may be loading slowly or this feed may be empty.
2026-08-13 11:01:57,374 - WARNING - [19/20] No post content rendered; skipping: AI Video Editing Jobs & Services Online
2026-08-13 11:01:57,374 - INFO - [20/20] Visiting: Freelancer Video Editing
2026-08-13 11:02:01,900 - INFO - Current page detected: https://www.facebook.com/groups/1326223411530920/
2026-08-13 11:02:03,641 - WARNING - No post content rendered after 1.6s of waiting (only loading skeletons or empty containers were present) -- Facebook may be loading slowly or this feed may be empty.
2026-08-13 11:02:03,641 - WARNING - [20/20] No post content rendered; skipping: Freelancer Video Editing
2026-08-13 11:02:43,595 - WARNING - The Chrome window appears MINIMIZED or hidden (document.visibilityState is not 'visible'). Chrome throttles hidden pages, so Facebook will not render or paginate group feeds and this run will find few or no posts. Please leave the debug Chrome window open and NOT minimized while the scraper runs.
2026-08-13 11:02:45,216 - INFO - Reached the cap of 20 new lead(s) for this run; stopping immediately.
2026-08-13 11:02:45,229 - WARNING - The Chrome window appears MINIMIZED or hidden (document.visibilityState is not 'visible'). Chrome throttles hidden pages, so Facebook will not render or paginate group feeds and this run will find few or no posts. Please leave the debug Chrome window open and NOT minimized while the scraper runs.
2026-08-13 11:02:46,737 - WARNING - The Chrome window appears MINIMIZED or hidden (document.visibilityState is not 'visible'). Chrome throttles hidden pages, so Facebook will not render or paginate group feeds and this run will find few or no posts. Please leave the debug Chrome window open and NOT minimized while the scraper runs.
2026-08-13 11:02:48,239 - INFO - Skipping post (not a clear remote/freelance video-editing lead) [intent classified as 'seller', not 'buyer']: https://www.facebook.com/groups/999/posts/1100 | text: 'I am a video editor, available for hire, DM me.'
2026-08-13 11:02:48,241 - INFO - Skipping post (not a clear remote/freelance video-editing lead) [intent classified as 'seller', not 'buyer']: https://www.facebook.com/groups/999/posts/1101 | text: 'I am a video editor, available for hire, DM me.'
2026-08-13 11:02:48,242 - INFO - Skipping post (not a clear remote/freelance video-editing lead) [intent classified as 'seller', not 'buyer']: https://www.facebook.com/groups/999/posts/1102 | text: 'I am a video editor, available for hire, DM me.'
2026-08-13 11:02:48,248 - WARNING - The Chrome window appears MINIMIZED or hidden (document.visibilityState is not 'visible'). Chrome throttles hidden pages, so Facebook will not render or paginate group feeds and this run will find few or no posts. Please leave the debug Chrome window open and NOT minimized while the scraper runs.
2026-08-13 11:02:49,754 - WARNING - The Chrome window appears MINIMIZED or hidden (document.visibilityState is not 'visible'). Chrome throttles hidden pages, so Facebook will not render or paginate group feeds and this run will find few or no posts. Please leave the debug Chrome window open and NOT minimized while the scraper runs.
2026-08-13 11:02:51,259 - WARNING - The Chrome window appears MINIMIZED or hidden (document.visibilityState is not 'visible'). Chrome throttles hidden pages, so Facebook will not render or paginate group feeds and this run will find few or no posts. Please leave the debug Chrome window open and NOT minimized while the scraper runs.
2026-08-13 11:02:52,766 - INFO - Hit 8 consecutive posts older than the 2-day window; treating this group's recent history as fully covered and stopping.
2026-08-13 11:02:52,775 - WARNING - The Chrome window appears MINIMIZED or hidden (document.visibilityState is not 'visible'). Chrome throttles hidden pages, so Facebook will not render or paginate group feeds and this run will find few or no posts. Please leave the debug Chrome window open and NOT minimized while the scraper runs.
2026-08-13 11:02:54,277 - INFO - Ran out of loaded posts; scrolling for more (attempt 1/3).
2026-08-13 11:02:54,277 - INFO - Ran out of loaded posts; scrolling for more (attempt 2/3).
2026-08-13 11:02:54,277 - INFO - Ran out of loaded posts; scrolling for more (attempt 1/3).
2026-08-13 11:02:54,277 - INFO - Ran out of loaded posts; scrolling for more (attempt 2/3).
2026-08-13 11:02:54,277 - INFO - Ran out of loaded posts; scrolling for more (attempt 3/3).
2026-08-13 11:02:54,277 - INFO - No further unprocessed posts available after 3 scroll attempts; treating this group as fully scanned.
2026-08-13 11:02:54,284 - WARNING - The Chrome window appears MINIMIZED or hidden (document.visibilityState is not 'visible'). Chrome throttles hidden pages, so Facebook will not render or paginate group feeds and this run will find few or no posts. Please leave the debug Chrome window open and NOT minimized while the scraper runs.
2026-08-13 11:02:55,786 - INFO - Ran out of loaded posts; scrolling for more (attempt 1/3).
2026-08-13 11:02:56,787 - INFO - Ran out of loaded posts; scrolling for more (attempt 2/3).
2026-08-13 11:02:57,788 - INFO - Ran out of loaded posts; scrolling for more (attempt 3/3).
2026-08-13 11:03:00,792 - INFO - Finished scrolling (3 rounds) to load additional posts.
2026-08-13 11:03:00,792 - INFO - No further unprocessed posts available after 3 scroll attempts; treating this group as fully scanned.
2026-08-13 11:03:12,692 - WARNING - The Chrome window appears MINIMIZED or hidden (document.visibilityState is not 'visible'). Chrome throttles hidden pages, so Facebook will not render or paginate group feeds and this run will find few or no posts. Please leave the debug Chrome window open and NOT minimized while the scraper runs.
2026-08-13 11:03:14,358 - INFO - Reached the cap of 20 new lead(s) for this run; stopping immediately.
2026-08-13 11:03:14,369 - WARNING - The Chrome window appears MINIMIZED or hidden (document.visibilityState is not 'visible'). Chrome throttles hidden pages, so Facebook will not render or paginate group feeds and this run will find few or no posts. Please leave the debug Chrome window open and NOT minimized while the scraper runs.
2026-08-13 11:03:15,884 - WARNING - The Chrome window appears MINIMIZED or hidden (document.visibilityState is not 'visible'). Chrome throttles hidden pages, so Facebook will not render or paginate group feeds and this run will find few or no posts. Please leave the debug Chrome window open and NOT minimized while the scraper runs.
2026-08-13 11:03:17,387 - INFO - Skipping post (not a clear remote/freelance video-editing lead) [intent classified as 'seller', not 'buyer']: https://www.facebook.com/groups/999/posts/1100 | text: 'I am a video editor, available for hire, DM me.'
2026-08-13 11:03:17,390 - INFO - Skipping post (not a clear remote/freelance video-editing lead) [intent classified as 'seller', not 'buyer']: https://www.facebook.com/groups/999/posts/1101 | text: 'I am a video editor, available for hire, DM me.'
2026-08-13 11:03:17,392 - INFO - Skipping post (not a clear remote/freelance video-editing lead) [intent classified as 'seller', not 'buyer']: https://www.facebook.com/groups/999/posts/1102 | text: 'I am a video editor, available for hire, DM me.'
2026-08-13 11:03:17,396 - WARNING - The Chrome window appears MINIMIZED or hidden (document.visibilityState is not 'visible'). Chrome throttles hidden pages, so Facebook will not render or paginate group feeds and this run will find few or no posts. Please leave the debug Chrome window open and NOT minimized while the scraper runs.
2026-08-13 11:03:18,900 - WARNING - The Chrome window appears MINIMIZED or hidden (document.visibilityState is not 'visible'). Chrome throttles hidden pages, so Facebook will not render or paginate group feeds and this run will find few or no posts. Please leave the debug Chrome window open and NOT minimized while the scraper runs.
2026-08-13 11:03:20,417 - WARNING - The Chrome window appears MINIMIZED or hidden (document.visibilityState is not 'visible'). Chrome throttles hidden pages, so Facebook will not render or paginate group feeds and this run will find few or no posts. Please leave the debug Chrome window open and NOT minimized while the scraper runs.
2026-08-13 11:03:21,921 - INFO - Hit 8 consecutive posts older than the 2-day window; treating this group's recent history as fully covered and stopping.
2026-08-13 11:03:21,928 - WARNING - The Chrome window appears MINIMIZED or hidden (document.visibilityState is not 'visible'). Chrome throttles hidden pages, so Facebook will not render or paginate group feeds and this run will find few or no posts. Please leave the debug Chrome window open and NOT minimized while the scraper runs.
2026-08-13 11:03:23,430 - INFO - Ran out of loaded posts; scrolling for more (attempt 1/3).
2026-08-13 11:03:23,434 - INFO - Ran out of loaded posts; scrolling for more (attempt 2/3).
2026-08-13 11:03:23,434 - INFO - Ran out of loaded posts; scrolling for more (attempt 1/3).
2026-08-13 11:03:23,441 - INFO - Ran out of loaded posts; scrolling for more (attempt 2/3).
2026-08-13 11:03:23,441 - INFO - Ran out of loaded posts; scrolling for more (attempt 3/3).
2026-08-13 11:03:23,441 - INFO - No further unprocessed posts available after 3 scroll attempts; treating this group as fully scanned.
2026-08-13 11:03:23,445 - WARNING - The Chrome window appears MINIMIZED or hidden (document.visibilityState is not 'visible'). Chrome throttles hidden pages, so Facebook will not render or paginate group feeds and this run will find few or no posts. Please leave the debug Chrome window open and NOT minimized while the scraper runs.
2026-08-13 11:03:24,948 - INFO - Ran out of loaded posts; scrolling for more (attempt 1/3).
2026-08-13 11:03:25,949 - INFO - Ran out of loaded posts; scrolling for more (attempt 2/3).
2026-08-13 11:03:26,950 - INFO - Ran out of loaded posts; scrolling for more (attempt 3/3).
2026-08-13 11:03:29,951 - INFO - Finished scrolling (3 rounds) to load additional posts.
2026-08-13 11:03:29,951 - INFO - No further unprocessed posts available after 3 scroll attempts; treating this group as fully scanned.
2026-08-13 11:28:26,949 - WARNING - The Chrome window appears MINIMIZED or hidden (document.visibilityState is not 'visible'). Chrome throttles hidden pages, so Facebook will not render or paginate group feeds and this run will find few or no posts. Please leave the debug Chrome window open and NOT minimized while the scraper runs.
2026-08-13 11:28:28,508 - INFO - Reached the cap of 20 new lead(s) for this run; stopping immediately.
2026-08-13 11:28:28,508 - WARNING - The Chrome window appears MINIMIZED or hidden (document.visibilityState is not 'visible'). Chrome throttles hidden pages, so Facebook will not render or paginate group feeds and this run will find few or no posts. Please leave the debug Chrome window open and NOT minimized while the scraper runs.
2026-08-13 11:28:30,025 - WARNING - The Chrome window appears MINIMIZED or hidden (document.visibilityState is not 'visible'). Chrome throttles hidden pages, so Facebook will not render or paginate group feeds and this run will find few or no posts. Please leave the debug Chrome window open and NOT minimized while the scraper runs.
2026-08-13 11:28:31,529 - INFO - Skipping post (not a clear remote/freelance video-editing lead) [intent classified as 'seller', not 'buyer']: https://www.facebook.com/groups/999/posts/1100 | text: 'I am a video editor, available for hire, DM me.'
2026-08-13 11:28:31,530 - INFO - Skipping post (not a clear remote/freelance video-editing lead) [intent classified as 'seller', not 'buyer']: https://www.facebook.com/groups/999/posts/1101 | text: 'I am a video editor, available for hire, DM me.'
2026-08-13 11:28:31,530 - INFO - Skipping post (not a clear remote/freelance video-editing lead) [intent classified as 'seller', not 'buyer']: https://www.facebook.com/groups/999/posts/1102 | text: 'I am a video editor, available for hire, DM me.'
2026-08-13 11:28:31,538 - WARNING - The Chrome window appears MINIMIZED or hidden (document.visibilityState is not 'visible'). Chrome throttles hidden pages, so Facebook will not render or paginate group feeds and this run will find few or no posts. Please leave the debug Chrome window open and NOT minimized while the scraper runs.
2026-08-13 11:28:33,046 - WARNING - The Chrome window appears MINIMIZED or hidden (document.visibilityState is not 'visible'). Chrome throttles hidden pages, so Facebook will not render or paginate group feeds and this run will find few or no posts. Please leave the debug Chrome window open and NOT minimized while the scraper runs.
2026-08-13 11:28:34,562 - WARNING - The Chrome window appears MINIMIZED or hidden (document.visibilityState is not 'visible'). Chrome throttles hidden pages, so Facebook will not render or paginate group feeds and this run will find few or no posts. Please leave the debug Chrome window open and NOT minimized while the scraper runs.
2026-08-13 11:28:36,066 - INFO - Hit 8 consecutive posts older than the 2-day window; treating this group's recent history as fully covered and stopping.
2026-08-13 11:28:36,094 - WARNING - The Chrome window appears MINIMIZED or hidden (document.visibilityState is not 'visible'). Chrome throttles hidden pages, so Facebook will not render or paginate group feeds and this run will find few or no posts. Please leave the debug Chrome window open and NOT minimized while the scraper runs.
2026-08-13 11:28:37,597 - INFO - Ran out of loaded posts; scrolling for more (attempt 1/3).
2026-08-13 11:28:37,599 - INFO - Ran out of loaded posts; scrolling for more (attempt 2/3).
2026-08-13 11:28:37,600 - INFO - Ran out of loaded posts; scrolling for more (attempt 1/3).
2026-08-13 11:28:37,600 - INFO - Ran out of loaded posts; scrolling for more (attempt 2/3).
2026-08-13 11:28:37,600 - INFO - Ran out of loaded posts; scrolling for more (attempt 3/3).
2026-08-13 11:28:37,600 - INFO - No further unprocessed posts available after 3 scroll attempts; treating this group as fully scanned.
2026-08-13 11:28:37,605 - WARNING - The Chrome window appears MINIMIZED or hidden (document.visibilityState is not 'visible'). Chrome throttles hidden pages, so Facebook will not render or paginate group feeds and this run will find few or no posts. Please leave the debug Chrome window open and NOT minimized while the scraper runs.
2026-08-13 11:28:39,109 - INFO - Ran out of loaded posts; scrolling for more (attempt 1/3).
2026-08-13 11:28:40,111 - INFO - Ran out of loaded posts; scrolling for more (attempt 2/3).
2026-08-13 11:28:41,112 - INFO - Ran out of loaded posts; scrolling for more (attempt 3/3).
2026-08-13 11:28:44,114 - INFO - Finished scrolling (3 rounds) to load additional posts.
2026-08-13 11:28:44,114 - INFO - No further unprocessed posts available after 3 scroll attempts; treating this group as fully scanned.
2026-08-13 11:28:44,837 - INFO - FRESH RUN: lead cap disabled for this run (config value on disk stays 20).
2026-08-13 11:28:44,874 - INFO - FRESH RUN: seen_fb_urls.json set aside as seen_fb_urls.json.before_fresh_20260813_112844.bak
2026-08-13 11:28:44,882 - INFO - FRESH RUN: seen_lead_signatures.json set aside as seen_lead_signatures.json.before_fresh_20260813_112844.bak
2026-08-13 11:28:44,888 - INFO - FRESH RUN: daily_lead_quota.json set aside as daily_lead_quota.json.before_fresh_20260813_112844.bak
2026-08-13 11:28:46,707 - INFO - FRESH RUN: cutoff 2026-08-11 11:28:46.707497 (last 2 days), 31 groups.
2026-08-13 11:28:46,749 - INFO - [1/31] Visiting: I Need a Editor
2026-08-13 11:28:51,729 - INFO - Current page detected: https://www.facebook.com/groups/ineedavideoeditor/?rdid=S02EWKABTJX8bvjz&share_url=https%3A%2F%2Fwww.facebook.com%2Fshare%2Fg%2F1YpD7y4noQ%2F#
2026-08-13 11:28:57,755 - INFO - Ran out of loaded posts; scrolling for more (attempt 1/3).
2026-08-13 11:28:59,335 - INFO - Ran out of loaded posts; scrolling for more (attempt 2/3).
2026-08-13 11:29:06,128 - INFO - Skipping post (not a clear remote/freelance video-editing lead) [no video-editing context keyword found]: https://www.facebook.com/groups/ineedavideoeditor/posts/2629382457515080 | text: 'Hi, I need a Thumbnail Designer.... For long term projects'
2026-08-13 11:29:07,409 - INFO - Ran out of loaded posts; scrolling for more (attempt 1/3).
2026-08-13 11:29:09,570 - INFO - Ran out of loaded posts; scrolling for more (attempt 2/3).
2026-08-13 11:29:11,050 - INFO - Ran out of loaded posts; scrolling for more (attempt 3/3).
2026-08-13 11:29:14,091 - INFO - Finished scrolling (3 rounds) to load additional posts.
2026-08-13 11:29:18,217 - INFO - Ran out of loaded posts; scrolling for more (attempt 1/3).
2026-08-13 11:29:20,033 - INFO - Ran out of loaded posts; scrolling for more (attempt 2/3).
2026-08-13 11:29:21,847 - INFO - Ran out of loaded posts; scrolling for more (attempt 3/3).
2026-08-13 11:29:24,889 - INFO - Finished scrolling (3 rounds) to load additional posts.
2026-08-13 11:29:28,955 - INFO - Ran out of loaded posts; scrolling for more (attempt 1/3).
2026-08-13 11:29:30,826 - INFO - Ran out of loaded posts; scrolling for more (attempt 2/3).
2026-08-13 11:29:32,711 - INFO - Ran out of loaded posts; scrolling for more (attempt 3/3).
2026-08-13 11:29:35,803 - INFO - Finished scrolling (3 rounds) to load additional posts.
2026-08-13 11:29:39,302 - INFO - Ran out of loaded posts; scrolling for more (attempt 1/3).
2026-08-13 11:29:40,652 - INFO - Ran out of loaded posts; scrolling for more (attempt 2/3).
2026-08-13 11:29:41,975 - INFO - Ran out of loaded posts; scrolling for more (attempt 3/3).
2026-08-13 11:29:45,022 - INFO - Finished scrolling (3 rounds) to load additional posts.
2026-08-13 11:29:48,555 - INFO - Ran out of loaded posts; scrolling for more (attempt 1/3).
2026-08-13 11:29:49,889 - INFO - Ran out of loaded posts; scrolling for more (attempt 2/3).
2026-08-13 11:29:51,256 - INFO - Ran out of loaded posts; scrolling for more (attempt 3/3).
2026-08-13 11:29:54,301 - INFO - Finished scrolling (3 rounds) to load additional posts.
2026-08-13 11:29:57,653 - INFO - Ran out of loaded posts; scrolling for more (attempt 1/3).
2026-08-13 11:29:59,506 - INFO - Ran out of loaded posts; scrolling for more (attempt 2/3).
2026-08-13 11:30:01,058 - INFO - Ran out of loaded posts; scrolling for more (attempt 3/3).
2026-08-13 11:30:04,109 - INFO - Finished scrolling (3 rounds) to load additional posts.
2026-08-13 11:30:07,437 - INFO - Ran out of loaded posts; scrolling for more (attempt 1/3).
2026-08-13 11:30:09,125 - INFO - Ran out of loaded posts; scrolling for more (attempt 2/3).
2026-08-13 11:30:10,783 - INFO - Ran out of loaded posts; scrolling for more (attempt 3/3).
2026-08-13 11:30:13,865 - INFO - Finished scrolling (3 rounds) to load additional posts.
2026-08-13 11:30:15,581 - WARNING - No post content rendered after 1.6s of waiting (only loading skeletons or empty containers were present) -- Facebook may be loading slowly or this feed may be empty.
2026-08-13 11:30:15,581 - INFO - No further unprocessed posts available after 3 scroll attempts; treating this group as fully scanned.
2026-08-13 11:30:15,581 - INFO - [1/31] I Need a Editor -- qualifying 7 (running total 7), old 0, dup 0, cross-dup 0, not-qualifying 1
2026-08-13 11:30:15,581 - INFO - [2/31] Visiting: VIDEO EDITORS for TIKTOK YOUTUBE & INSTAGRAM
2026-08-13 11:30:20,949 - INFO - Current page detected: https://www.facebook.com/groups/1535727757545719/?rdid=Wb3VtidsmK4M8a19&share_url=https%3A%2F%2Fwww.facebook.com%2Fshare%2Fg%2F1SZ9Bs6Dn1%2F#
2026-08-13 11:30:22,661 - WARNING - No post content rendered after 1.6s of waiting (only loading skeletons or empty containers were present) -- Facebook may be loading slowly or this feed may be empty.
2026-08-13 11:30:22,661 - WARNING - [2/31] No post content rendered; skipping: VIDEO EDITORS for TIKTOK YOUTUBE & INSTAGRAM
2026-08-13 11:30:22,661 - INFO - [3/31] Visiting: Looking For Video Editor UK
2026-08-13 11:30:27,578 - INFO - Current page detected: https://www.facebook.com/groups/470532055541674/?rdid=BBIM72pWISxWaHjJ&share_url=https%3A%2F%2Fwww.facebook.com%2Fshare%2Fg%2F1EN1BBuUB8%2F#
2026-08-13 11:30:30,277 - INFO - Skipping post (not a clear remote/freelance video-editing lead) [intent classified as 'unknown', not 'buyer']: https://www.facebook.com/groups/470532055541674/posts/1088985077029699 | text: 'video editor Graphic design needed urgently inbox me if you are interested'
2026-08-13 11:30:30,754 - INFO - Ran out of loaded posts; scrolling for more (attempt 1/3).
2026-08-13 11:30:35,860 - INFO - Ran out of loaded posts; scrolling for more (attempt 1/3).
2026-08-13 11:30:38,186 - INFO - Skipping post (not a clear remote/freelance video-editing lead) [intent classified as 'unknown', not 'buyer']: https://www.facebook.com/groups/470532055541674/posts/1089140620347478 | text: "Looking for a YouTube Video Editor for a New Global Travel Channel! I already travel a lot and share my journeys on Instagram, but now I want to document more extensively on YouTube. I'm launching a travel vlogging channel starting with short UK trips, expanding to European city breaks, and eventually scaling to all around the world. I'm looking for a reliable, long-term editor to grow with me. The Vibe: Raw, authentic, and natural not overly polished or over-produced. See more"
2026-08-13 11:30:38,853 - INFO - Ran out of loaded posts; scrolling for more (attempt 1/3).
2026-08-13 11:30:40,263 - INFO - Ran out of loaded posts; scrolling for more (attempt 2/3).
2026-08-13 11:30:41,697 - INFO - Ran out of loaded posts; scrolling for more (attempt 3/3).
2026-08-13 11:30:44,733 - INFO - Finished scrolling (3 rounds) to load additional posts.
2026-08-13 11:30:46,539 - INFO - Skipping post (not a clear remote/freelance video-editing lead) [intent classified as 'seller', not 'buyer']: https://www.facebook.com/groups/470532055541674/posts/1087561257172081 | text: 'Hello Everyone  I am a creative and adaptive Video Editor  who can make Map animations and also Talking Head Videos I can also make content Reels for Facebook or Instagram … See more'
2026-08-13 11:30:47,360 - INFO - Ran out of loaded posts; scrolling for more (attempt 1/3).
2026-08-13 11:30:49,201 - INFO - Ran out of loaded posts; scrolling for more (attempt 2/3).
2026-08-13 11:30:50,958 - INFO - Ran out of loaded posts; scrolling for more (attempt 3/3).
2026-08-13 11:30:53,995 - INFO - Finished scrolling (3 rounds) to load additional posts.
2026-08-13 11:30:54,375 - INFO - No further unprocessed posts available after 3 scroll attempts; treating this group as fully scanned.
2026-08-13 11:30:54,375 - INFO - [3/31] Looking For Video Editor UK -- qualifying 0 (running total 7), old 0, dup 0, cross-dup 0, not-qualifying 3
2026-08-13 11:30:54,375 - INFO - [4/31] Visiting: Professional Video Editors
2026-08-13 11:30:59,446 - INFO - Current page detected: https://www.facebook.com/groups/310584494121197/?rdid=6h6jI9hwogR5zy4S&share_url=https%3A%2F%2Fwww.facebook.com%2Fshare%2Fg%2F17sYQhzdR4%2F#
2026-08-13 11:31:01,187 - WARNING - No post content rendered after 1.6s of waiting (only loading skeletons or empty containers were present) -- Facebook may be loading slowly or this feed may be empty.
2026-08-13 11:31:01,187 - WARNING - [4/31] No post content rendered; skipping: Professional Video Editors
2026-08-13 11:31:01,187 - INFO - [5/31] Visiting: Freelance Video Editor Philippines Official
2026-08-13 11:31:05,873 - INFO - Current page detected: https://www.facebook.com/groups/563297302882280/?rdid=ZYZtcMu4RgJZY2Pi&share_url=https%3A%2F%2Fwww.facebook.com%2Fshare%2Fg%2F1BiuKWizbZ%2F#
2026-08-13 11:31:10,396 - INFO - Ran out of loaded posts; scrolling for more (attempt 1/3).
2026-08-13 11:31:12,306 - INFO - Ran out of loaded posts; scrolling for more (attempt 2/3).
2026-08-13 11:31:16,001 - INFO - Ran out of loaded posts; scrolling for more (attempt 1/3).
2026-08-13 11:31:17,730 - INFO - Ran out of loaded posts; scrolling for more (attempt 2/3).
2026-08-13 11:31:19,439 - INFO - Ran out of loaded posts; scrolling for more (attempt 3/3).
2026-08-13 11:31:22,488 - INFO - Finished scrolling (3 rounds) to load additional posts.
2026-08-13 11:31:22,841 - INFO - No further unprocessed posts available after 3 scroll attempts; treating this group as fully scanned.
2026-08-13 11:31:22,841 - INFO - [5/31] Freelance Video Editor Philippines Official -- qualifying 1 (running total 8), old 1, dup 0, cross-dup 0, not-qualifying 0
2026-08-13 11:31:22,843 - INFO - [6/31] Visiting: Hire A VIDEO EDITOR WORLDWIDE Here
2026-08-13 11:31:27,749 - INFO - Current page detected: https://www.facebook.com/groups/185647597308414/?rdid=CnGKcW8M2FVgHdfX&share_url=https%3A%2F%2Fwww.facebook.com%2Fshare%2Fg%2F14fbrHUzmsZ%2F#
2026-08-13 11:31:29,522 - WARNING - No post content rendered after 1.6s of waiting (only loading skeletons or empty containers were present) -- Facebook may be loading slowly or this feed may be empty.
2026-08-13 11:31:29,522 - WARNING - [6/31] No post content rendered; skipping: Hire A VIDEO EDITOR WORLDWIDE Here
2026-08-13 11:31:29,522 - INFO - [7/31] Visiting: Video Editors of the Philippines
2026-08-13 11:31:34,697 - INFO - Current page detected: https://www.facebook.com/groups/914755432934212/?rdid=pyCUmtISCftCWXc0&share_url=https%3A%2F%2Fwww.facebook.com%2Fshare%2Fg%2F1AhHHfAAdS%2F#
2026-08-13 11:31:36,520 - WARNING - No post content rendered after 1.6s of waiting (only loading skeletons or empty containers were present) -- Facebook may be loading slowly or this feed may be empty.
2026-08-13 11:31:36,520 - WARNING - [7/31] No post content rendered; skipping: Video Editors of the Philippines
2026-08-13 11:31:36,520 - INFO - [8/31] Visiting: PHILIPPINES - FOR PROFESSIONAL VIDEO EDITORS ONLY
2026-08-13 11:31:41,640 - INFO - Current page detected: https://www.facebook.com/groups/philippinesforprofessionalvideoeditorsonly/?rdid=YA2B8qgPWE4jnQt8&share_url=https%3A%2F%2Fwww.facebook.com%2Fshare%2Fg%2F1Gq6caq1u8%2F#
2026-08-13 11:31:43,362 - WARNING - No post content rendered after 1.6s of waiting (only loading skeletons or empty containers were present) -- Facebook may be loading slowly or this feed may be empty.
2026-08-13 11:31:43,362 - WARNING - [8/31] No post content rendered; skipping: PHILIPPINES - FOR PROFESSIONAL VIDEO EDITORS ONLY
2026-08-13 11:31:43,362 - INFO - [9/31] Visiting: Pakistani Video Editors
2026-08-13 11:31:48,130 - INFO - Current page detected: https://www.facebook.com/groups/497041285819747/?rdid=y9bMgh0cEuQVXJEl&share_url=https%3A%2F%2Fwww.facebook.com%2Fshare%2Fg%2F17wWHArQg5%2F#
2026-08-13 11:31:52,439 - INFO - Ran out of loaded posts; scrolling for more (attempt 1/3).
2026-08-13 11:31:58,910 - INFO - Skipping post (not a clear remote/freelance video-editing lead) [intent classified as 'unknown', not 'buyer']: https://www.facebook.com/groups/497041285819747/posts/1445748464282353 | text: 'Koi movie explained ka editor h is field me expert ho long or short dono ka'
2026-08-13 11:31:59,926 - INFO - Ran out of loaded posts; scrolling for more (attempt 1/3).
2026-08-13 11:32:01,935 - INFO - Ran out of loaded posts; scrolling for more (attempt 2/3).
2026-08-13 11:32:03,570 - INFO - Ran out of loaded posts; scrolling for more (attempt 3/3).
2026-08-13 11:32:06,616 - INFO - Finished scrolling (3 rounds) to load additional posts.
2026-08-13 11:32:08,091 - INFO - Skipping post (not a clear remote/freelance video-editing lead) [intent classified as 'seller', not 'buyer']: https://www.facebook.com/groups/497041285819747/posts/1445640554293144 | text: 'ISO LONG TERM REEL EDITOR I’m looking to add a reliable video editor for consistent short form reel editing. The workload will be approximately 15 to 20 reels per month. See more'
2026-08-13 11:32:08,946 - INFO - Ran out of loaded posts; scrolling for more (attempt 1/3).
2026-08-13 11:32:10,712 - INFO - Ran out of loaded posts; scrolling for more (attempt 2/3).
2026-08-13 11:32:12,554 - INFO - Ran out of loaded posts; scrolling for more (attempt 3/3).
2026-08-13 11:32:15,590 - INFO - Finished scrolling (3 rounds) to load additional posts.
2026-08-13 11:32:18,044 - INFO - Ran out of loaded posts; scrolling for more (attempt 1/3).
2026-08-13 11:32:19,673 - INFO - Ran out of loaded posts; scrolling for more (attempt 2/3).
2026-08-13 11:32:21,302 - INFO - Ran out of loaded posts; scrolling for more (attempt 3/3).
2026-08-13 11:32:24,345 - INFO - Finished scrolling (3 rounds) to load additional posts.
2026-08-13 11:32:26,523 - INFO - Ran out of loaded posts; scrolling for more (attempt 1/3).
2026-08-13 11:32:27,954 - INFO - Ran out of loaded posts; scrolling for more (attempt 2/3).
2026-08-13 11:32:29,269 - INFO - Ran out of loaded posts; scrolling for more (attempt 3/3).
2026-08-13 11:32:32,336 - INFO - Finished scrolling (3 rounds) to load additional posts.
2026-08-13 11:32:33,672 - INFO - Skipping post (not a clear remote/freelance video-editing lead) [intent classified as 'unknown', not 'buyer']: https://www.facebook.com/groups/497041285819747/posts/1444873254369874 | text: 'Mujhe AI cartoon aur short AI videos banwane hain Agar koi ye service provide karta hai to please Inbox/DM kare. Paid work hai.'
2026-08-13 11:32:34,417 - INFO - Ran out of loaded posts; scrolling for more (attempt 1/3).
2026-08-13 11:32:36,209 - INFO - Ran out of loaded posts; scrolling for more (attempt 2/3).
2026-08-13 11:32:37,997 - INFO - Ran out of loaded posts; scrolling for more (attempt 3/3).
2026-08-13 11:32:41,037 - INFO - Finished scrolling (3 rounds) to load additional posts.
2026-08-13 11:32:43,025 - INFO - Ran out of loaded posts; scrolling for more (attempt 1/3).
2026-08-13 11:32:44,504 - INFO - Ran out of loaded posts; scrolling for more (attempt 2/3).
2026-08-13 11:32:45,849 - INFO - Ran out of loaded posts; scrolling for more (attempt 3/3).
2026-08-13 11:32:48,895 - INFO - Finished scrolling (3 rounds) to load additional posts.
2026-08-13 11:32:50,688 - INFO - Ran out of loaded posts; scrolling for more (attempt 1/3).
2026-08-13 11:32:52,352 - INFO - Ran out of loaded posts; scrolling for more (attempt 2/3).
2026-08-13 11:32:54,102 - INFO - Ran out of loaded posts; scrolling for more (attempt 3/3).
2026-08-13 11:32:57,159 - INFO - Finished scrolling (3 rounds) to load additional posts.
2026-08-13 11:32:58,457 - INFO - Skipping post (not a clear remote/freelance video-editing lead) [intent classified as 'unknown', not 'buyer'; no video-editing context keyword found]: https://www.facebook.com/groups/497041285819747/posts/1446725404184659 | text: '"سلام! میں اپنی ایجنسی ClipScale کے لیے ایک ایسا ویڈیو ایڈیٹر ڈھونڈ رہا ہوں جو پرسنٹیج (Percentage) کی بنیاد پر کام کرے۔ میں باہر سے کلائنٹ لاؤں گا، منافع کا 50% آپ کا ہوگا اور 50% میرا۔ جو انٹرسٹڈ ہے، اپنا پورٹ فولیو ان باکس کرے'
2026-08-13 11:32:59,154 - INFO - Ran out of loaded posts; scrolling for more (attempt 1/3).
2026-08-13 11:33:00,480 - INFO - Ran out of loaded posts; scrolling for more (attempt 2/3).
2026-08-13 11:33:01,823 - INFO - Ran out of loaded posts; scrolling for more (attempt 3/3).
2026-08-13 11:33:04,865 - INFO - Finished scrolling (3 rounds) to load additional posts.
2026-08-13 11:33:08,163 - INFO - Ran out of loaded posts; scrolling for more (attempt 1/3).
2026-08-13 11:33:10,072 - INFO - Ran out of loaded posts; scrolling for more (attempt 2/3).
2026-08-13 11:33:11,703 - INFO - Ran out of loaded posts; scrolling for more (attempt 3/3).
2026-08-13 11:33:14,757 - INFO - Finished scrolling (3 rounds) to load additional posts.
2026-08-13 11:33:21,002 - INFO - Ran out of loaded posts; scrolling for more (attempt 1/3).
2026-08-13 11:33:22,598 - INFO - Ran out of loaded posts; scrolling for more (attempt 2/3).
2026-08-13 11:33:24,098 - INFO - Ran out of loaded posts; scrolling for more (attempt 3/3).
2026-08-13 11:33:27,139 - INFO - Finished scrolling (3 rounds) to load additional posts.
2026-08-13 11:33:28,415 - INFO - Skipping post (not a clear remote/freelance video-editing lead) [classified as onsite/in-person, not remote/freelance]: https://www.facebook.com/groups/497041285819747/posts/1446230684234131 | text: 'Any Video Editor From Bahawalpur? Office Based Job'
2026-08-13 11:33:29,144 - INFO - Ran out of loaded posts; scrolling for more (attempt 1/3).
2026-08-13 11:33:30,773 - INFO - Ran out of loaded posts; scrolling for more (attempt 2/3).
2026-08-13 11:33:32,386 - INFO - Ran out of loaded posts; scrolling for more (attempt 3/3).
2026-08-13 11:33:35,436 - INFO - Finished scrolling (3 rounds) to load additional posts.
2026-08-13 11:33:39,005 - INFO - Ran out of loaded posts; scrolling for more (attempt 1/3).
2026-08-13 11:33:40,271 - INFO - Ran out of loaded posts; scrolling for more (attempt 2/3).
2026-08-13 11:33:41,562 - INFO - Ran out of loaded posts; scrolling for more (attempt 3/3).
2026-08-13 11:33:44,602 - INFO - Finished scrolling (3 rounds) to load additional posts.
2026-08-13 11:33:46,110 - INFO - Skipping post (not a clear remote/freelance video-editing lead) [intent classified as 'seller', not 'buyer'; classified as onsite/in-person, not remote/freelance]: https://www.facebook.com/groups/497041285819747/posts/1446463197544213 | text: 'One year experience in premium pro. Basic editing required only premium pro. No capcut on side job. Full-time job bonuses and incentives are separate. Good salary at Johar town lahore 03024644637 One year experience in premium pro. Basic editing required only premium pro. No capcut on side job. Full-time job bonuses and incentives are separate. Good salary at Johar town lahore'
2026-08-13 11:33:47,338 - INFO - Ran out of loaded posts; scrolling for more (attempt 1/3).
2026-08-13 11:33:48,975 - INFO - Ran out of loaded posts; scrolling for more (attempt 2/3).
2026-08-13 11:33:50,288 - INFO - Ran out of loaded posts; scrolling for more (attempt 3/3).
2026-08-13 11:33:53,337 - INFO - Finished scrolling (3 rounds) to load additional posts.
2026-08-13 11:33:55,327 - INFO - Ran out of loaded posts; scrolling for more (attempt 1/3).
2026-08-13 11:33:56,986 - INFO - Ran out of loaded posts; scrolling for more (attempt 2/3).
2026-08-13 11:33:58,757 - INFO - Ran out of loaded posts; scrolling for more (attempt 3/3).
2026-08-13 11:34:01,873 - INFO - Finished scrolling (3 rounds) to load additional posts.
2026-08-13 11:34:03,226 - INFO - Skipping post (not a clear remote/freelance video-editing lead) [intent classified as 'unknown', not 'buyer']: https://www.facebook.com/groups/497041285819747/posts/1446163564240843 | text: 'Building A Remote Video Editing Team Admin Approve please !!! I’d prefer to work with Pakistani editors, but if you’re based somewhere else and genuinely skilled at what you do, feel free to DM as well. **Please read the post carefully before messaging and DM me on the account mentioned in the post.** See more'
2026-08-13 11:34:03,927 - INFO - Ran out of loaded posts; scrolling for more (attempt 1/3).
2026-08-13 11:34:05,336 - INFO - Ran out of loaded posts; scrolling for more (attempt 2/3).
2026-08-13 11:34:06,699 - INFO - Ran out of loaded posts; scrolling for more (attempt 3/3).
2026-08-13 11:34:09,756 - INFO - Finished scrolling (3 rounds) to load additional posts.
2026-08-13 11:34:10,142 - INFO - No further unprocessed posts available after 3 scroll attempts; treating this group as fully scanned.
2026-08-13 11:34:10,142 - INFO - [9/31] Pakistani Video Editors -- qualifying 5 (running total 13), old 5, dup 0, cross-dup 0, not-qualifying 7
2026-08-13 11:34:10,142 - INFO - [10/31] Visiting: Video editors(Philippines)
2026-08-13 11:34:14,858 - INFO - Current page detected: https://www.facebook.com/groups/1417223878967262/?rdid=bBQA2oI6CI6dVTVX&share_url=https%3A%2F%2Fwww.facebook.com%2Fshare%2Fg%2F1EZBXK2SzH%2F#
2026-08-13 11:34:16,565 - WARNING - No post content rendered after 1.6s of waiting (only loading skeletons or empty containers were present) -- Facebook may be loading slowly or this feed may be empty.
2026-08-13 11:34:16,565 - WARNING - [10/31] No post content rendered; skipping: Video editors(Philippines)
2026-08-13 11:34:16,565 - INFO - [11/31] Visiting: Video Editing Groups
2026-08-13 11:34:21,209 - INFO - Current page detected: https://www.facebook.com/groups/294830932856749/
2026-08-13 11:34:22,966 - WARNING - No post content rendered after 1.6s of waiting (only loading skeletons or empty containers were present) -- Facebook may be loading slowly or this feed may be empty.
2026-08-13 11:34:22,966 - WARNING - [11/31] No post content rendered; skipping: Video Editing Groups
2026-08-13 11:34:22,966 - INFO - [12/31] Visiting: Hire a Video Editor - Freelance Hub
2026-08-13 11:34:27,400 - INFO - Current page detected: https://www.facebook.com/groups/2045519552480506/
2026-08-13 11:34:31,840 - INFO - Ran out of loaded posts; scrolling for more (attempt 1/3).
2026-08-13 11:34:39,987 - INFO - Ran out of loaded posts; scrolling for more (attempt 1/3).
2026-08-13 11:34:41,387 - INFO - Ran out of loaded posts; scrolling for more (attempt 2/3).
2026-08-13 11:34:42,742 - INFO - Ran out of loaded posts; scrolling for more (attempt 3/3).
2026-08-13 11:34:45,797 - INFO - Finished scrolling (3 rounds) to load additional posts.
2026-08-13 11:34:47,347 - INFO - Skipping post (not a clear remote/freelance video-editing lead) [intent classified as 'unknown', not 'buyer']: https://www.facebook.com/groups/editverse.freelancehub/posts/2811647489201038 | text: 'Assalam O Alaikum Pakistan Sy Is Waqt Koi Editor Available Hy Jisy Voice Script Images Sb Mily Or Usy Bs Adjust Krna Ata Ho Daily 1,2 Videos Daily Payment Hy Long Term Work Come Only Whatsapp No Messenger Inbox Please Msg Fast 03185442458'
2026-08-13 11:34:48,046 - INFO - Ran out of loaded posts; scrolling for more (attempt 1/3).
2026-08-13 11:34:49,832 - INFO - Ran out of loaded posts; scrolling for more (attempt 2/3).
2026-08-13 11:34:51,503 - INFO - Ran out of loaded posts; scrolling for more (attempt 3/3).
2026-08-13 11:34:54,542 - INFO - Finished scrolling (3 rounds) to load additional posts.
2026-08-13 11:34:55,936 - INFO - Skipping post (not a clear remote/freelance video-editing lead) [intent classified as 'unknown', not 'buyer']: https://www.facebook.com/groups/editverse.freelancehub/posts/2813936178972169 | text: 'VIDEO EDITOR WANTED — SCOPE CREEP I run Scope Creep, a video game essay channel (~3K subscribers and growing steadily). I write, record, and capture everything myself, and I’m looking for an editor to bring the finished VO and footage together. The Work See more'
2026-08-13 11:34:56,596 - INFO - Ran out of loaded posts; scrolling for more (attempt 1/3).
2026-08-13 11:35:00,339 - INFO - Ran out of loaded posts; scrolling for more (attempt 1/3).
2026-08-13 11:35:01,919 - INFO - Ran out of loaded posts; scrolling for more (attempt 2/3).
2026-08-13 11:35:03,462 - INFO - Ran out of loaded posts; scrolling for more (attempt 3/3).
2026-08-13 11:35:06,501 - INFO - Finished scrolling (3 rounds) to load additional posts.
2026-08-13 11:35:09,831 - INFO - Ran out of loaded posts; scrolling for more (attempt 1/3).
2026-08-13 11:35:11,169 - INFO - Ran out of loaded posts; scrolling for more (attempt 2/3).
2026-08-13 11:35:12,488 - INFO - Ran out of loaded posts; scrolling for more (attempt 3/3).
2026-08-13 11:35:15,520 - INFO - Finished scrolling (3 rounds) to load additional posts.
2026-08-13 11:35:18,699 - INFO - Ran out of loaded posts; scrolling for more (attempt 1/3).
2026-08-13 11:35:20,369 - INFO - Ran out of loaded posts; scrolling for more (attempt 2/3).
2026-08-13 11:35:21,866 - INFO - Ran out of loaded posts; scrolling for more (attempt 3/3).
2026-08-13 11:35:24,911 - INFO - Finished scrolling (3 rounds) to load additional posts.
2026-08-13 11:35:26,618 - WARNING - No post content rendered after 1.6s of waiting (only loading skeletons or empty containers were present) -- Facebook may be loading slowly or this feed may be empty.
2026-08-13 11:35:26,618 - INFO - No further unprocessed posts available after 3 scroll attempts; treating this group as fully scanned.
2026-08-13 11:35:26,618 - INFO - [12/31] Hire a Video Editor - Freelance Hub -- qualifying 4 (running total 17), old 0, dup 0, cross-dup 0, not-qualifying 2
2026-08-13 11:35:26,618 - INFO - [13/31] Visiting: Video Editors Community
2026-08-13 11:35:31,052 - INFO - Current page detected: https://www.facebook.com/groups/503066452462593/
2026-08-13 11:35:33,665 - INFO - Skipping post (not a clear remote/freelance video-editing lead) [intent classified as 'seller', not 'buyer']: https://www.facebook.com/groups/503066452462593/posts/891530056949562 | text: 'Hi, I need a high-quality 60-second Fiverr gig promotional video for my Funnel Design service. STYLE & QUALITY Modern, premium, and clean Fast-paced with smooth transitions See more'
2026-08-13 11:35:33,994 - INFO - Ran out of loaded posts; scrolling for more (attempt 1/3).
2026-08-13 11:35:36,025 - INFO - Ran out of loaded posts; scrolling for more (attempt 2/3).
2026-08-13 11:35:38,948 - WARNING - No post content rendered after 1.6s of waiting (only loading skeletons or empty containers were present) -- Facebook may be loading slowly or this feed may be empty.
2026-08-13 11:35:38,948 - INFO - Ran out of loaded posts; scrolling for more (attempt 3/3).
2026-08-13 11:35:42,075 - INFO - Finished scrolling (3 rounds) to load additional posts.
2026-08-13 11:35:43,791 - WARNING - No post content rendered after 1.6s of waiting (only loading skeletons or empty containers were present) -- Facebook may be loading slowly or this feed may be empty.
2026-08-13 11:35:43,791 - INFO - No further unprocessed posts available after 3 scroll attempts; treating this group as fully scanned.
2026-08-13 11:35:43,791 - INFO - [13/31] Video Editors Community -- qualifying 0 (running total 17), old 0, dup 0, cross-dup 0, not-qualifying 1
2026-08-13 11:35:43,791 - INFO - [14/31] Visiting: Video Editing Services and Community Worldwide
2026-08-13 11:35:47,202 - INFO - Current page detected: https://www.facebook.com/groups/610594114897677/
2026-08-13 11:35:48,898 - WARNING - No post content rendered after 1.6s of waiting (only loading skeletons or empty containers were present) -- Facebook may be loading slowly or this feed may be empty.
2026-08-13 11:35:48,898 - WARNING - [14/31] No post content rendered; skipping: Video Editing Services and Community Worldwide
2026-08-13 11:35:48,898 - INFO - [15/31] Visiting: YouTube Creators - Promote Your YouTube Channel
2026-08-13 11:35:53,212 - INFO - Current page detected: https://www.facebook.com/groups/ytcreatorspromo/
2026-08-13 11:35:54,924 - WARNING - No post content rendered after 1.6s of waiting (only loading skeletons or empty containers were present) -- Facebook may be loading slowly or this feed may be empty.
2026-08-13 11:35:54,924 - WARNING - [15/31] No post content rendered; skipping: YouTube Creators - Promote Your YouTube Channel
2026-08-13 11:35:54,924 - INFO - [16/31] Visiting: Video Editor freelancer
2026-08-13 11:35:59,227 - INFO - Current page detected: https://www.facebook.com/groups/396537685660594/
2026-08-13 11:36:00,958 - WARNING - No post content rendered after 1.6s of waiting (only loading skeletons or empty containers were present) -- Facebook may be loading slowly or this feed may be empty.
2026-08-13 11:36:00,958 - WARNING - [16/31] No post content rendered; skipping: Video Editor freelancer
2026-08-13 11:36:00,958 - INFO - [17/31] Visiting: EDITOR HUB
2026-08-13 11:36:04,604 - INFO - Current page detected: https://www.facebook.com/groups/1380781919968166/
2026-08-13 11:36:06,299 - WARNING - No post content rendered after 1.6s of waiting (only loading skeletons or empty containers were present) -- Facebook may be loading slowly or this feed may be empty.
2026-08-13 11:36:06,299 - WARNING - [17/31] No post content rendered; skipping: EDITOR HUB
2026-08-13 11:36:06,299 - INFO - [18/31] Visiting: Video editing
2026-08-13 11:36:10,693 - INFO - Current page detected: https://www.facebook.com/groups/409392954169013/
2026-08-13 11:36:15,035 - INFO - Ran out of loaded posts; scrolling for more (attempt 1/3).
2026-08-13 11:36:21,265 - WARNING - No post content rendered after 1.6s of waiting (only loading skeletons or empty containers were present) -- Facebook may be loading slowly or this feed may be empty.
2026-08-13 11:36:21,267 - INFO - Ran out of loaded posts; scrolling for more (attempt 1/3).
2026-08-13 11:36:24,984 - INFO - Ran out of loaded posts; scrolling for more (attempt 1/3).
2026-08-13 11:36:28,909 - INFO - Ran out of loaded posts; scrolling for more (attempt 1/3).
2026-08-13 11:36:33,439 - INFO - Ran out of loaded posts; scrolling for more (attempt 1/3).
2026-08-13 11:36:37,408 - INFO - Ran out of loaded posts; scrolling for more (attempt 1/3).
2026-08-13 11:36:38,919 - INFO - Ran out of loaded posts; scrolling for more (attempt 2/3).
2026-08-13 11:36:40,518 - INFO - Ran out of loaded posts; scrolling for more (attempt 3/3).
2026-08-13 11:36:43,559 - INFO - Finished scrolling (3 rounds) to load additional posts.
2026-08-13 11:36:45,277 - WARNING - No post content rendered after 1.6s of waiting (only loading skeletons or empty containers were present) -- Facebook may be loading slowly or this feed may be empty.
2026-08-13 11:36:45,277 - INFO - No further unprocessed posts available after 3 scroll attempts; treating this group as fully scanned.
2026-08-13 11:36:45,277 - INFO - [18/31] Video editing -- qualifying 1 (running total 18), old 0, dup 0, cross-dup 0, not-qualifying 0
2026-08-13 11:36:45,277 - INFO - [19/31] Visiting: AI Video Editing Jobs & Services Online
2026-08-13 11:36:49,708 - INFO - Current page detected: https://www.facebook.com/groups/1155257268851946/
2026-08-13 11:36:51,485 - WARNING - No post content rendered after 1.6s of waiting (only loading skeletons or empty containers were present) -- Facebook may be loading slowly or this feed may be empty.
2026-08-13 11:36:51,485 - WARNING - [19/31] No post content rendered; skipping: AI Video Editing Jobs & Services Online
2026-08-13 11:36:51,485 - INFO - [20/31] Visiting: Freelancer Video Editing
2026-08-13 11:36:55,772 - INFO - Current page detected: https://www.facebook.com/groups/1326223411530920/
2026-08-13 11:36:57,504 - WARNING - No post content rendered after 1.6s of waiting (only loading skeletons or empty containers were present) -- Facebook may be loading slowly or this feed may be empty.
2026-08-13 11:36:57,504 - WARNING - [20/31] No post content rendered; skipping: Freelancer Video Editing
2026-08-13 11:36:57,504 - INFO - [21/31] Visiting: Freelance Video Editor Philippines
2026-08-13 11:37:02,407 - INFO - Current page detected: https://www.facebook.com/groups/786509760938079/?rdid=LkEixZW0pdhcCSDf&share_url=https%3A%2F%2Fwww.facebook.com%2Fshare%2Fg%2F1b6kxk64Ny%2F#
2026-08-13 11:37:06,749 - INFO - Ran out of loaded posts; scrolling for more (attempt 1/3).
2026-08-13 11:37:13,194 - INFO - Skipping post (timestamp could not be reliably determined): https://www.facebook.com/groups/786509760938079/posts/1038411519081234
2026-08-13 11:37:14,347 - INFO - Ran out of loaded posts; scrolling for more (attempt 1/3).
2026-08-13 11:37:16,036 - INFO - Ran out of loaded posts; scrolling for more (attempt 2/3).
2026-08-13 11:37:17,653 - INFO - Ran out of loaded posts; scrolling for more (attempt 3/3).
2026-08-13 11:37:20,693 - INFO - Finished scrolling (3 rounds) to load additional posts.
2026-08-13 11:37:21,036 - INFO - No further unprocessed posts available after 3 scroll attempts; treating this group as fully scanned.
2026-08-13 11:37:21,036 - INFO - [21/31] Freelance Video Editor Philippines -- qualifying 1 (running total 19), old 0, dup 0, cross-dup 0, not-qualifying 0
2026-08-13 11:37:21,038 - INFO - [22/31] Visiting: Video Editors of the Philippines (2)
2026-08-13 11:37:25,416 - INFO - Current page detected: https://www.facebook.com/groups/914755432934212/?rdid=cwnICQ8VEB6InBrD&share_url=https%3A%2F%2Fwww.facebook.com%2Fshare%2Fg%2F1D1Cud11Wk%2F#
2026-08-13 11:37:29,649 - INFO - Ran out of loaded posts; scrolling for more (attempt 1/3).
2026-08-13 11:37:30,971 - INFO - Ran out of loaded posts; scrolling for more (attempt 2/3).
2026-08-13 11:37:35,648 - INFO - Ran out of loaded posts; scrolling for more (attempt 1/3).
2026-08-13 11:37:38,371 - WARNING - No post content rendered after 1.6s of waiting (only loading skeletons or empty containers were present) -- Facebook may be loading slowly or this feed may be empty.
2026-08-13 11:37:38,371 - INFO - Ran out of loaded posts; scrolling for more (attempt 2/3).
2026-08-13 11:37:41,095 - WARNING - No post content rendered after 1.6s of waiting (only loading skeletons or empty containers were present) -- Facebook may be loading slowly or this feed may be empty.
2026-08-13 11:37:41,096 - INFO - Ran out of loaded posts; scrolling for more (attempt 3/3).
2026-08-13 11:37:44,141 - INFO - Finished scrolling (3 rounds) to load additional posts.
2026-08-13 11:37:45,842 - WARNING - No post content rendered after 1.6s of waiting (only loading skeletons or empty containers were present) -- Facebook may be loading slowly or this feed may be empty.
2026-08-13 11:37:45,842 - INFO - No further unprocessed posts available after 3 scroll attempts; treating this group as fully scanned.
2026-08-13 11:37:45,842 - INFO - [22/31] Video Editors of the Philippines (2) -- qualifying 1 (running total 20), old 0, dup 0, cross-dup 0, not-qualifying 0
2026-08-13 11:37:45,842 - INFO - [23/31] Visiting: Video editors(Philippines) (2)
2026-08-13 11:37:50,322 - INFO - Current page detected: https://www.facebook.com/groups/1417223878967262/?rdid=iCN4RXj4aTRYx9yR&share_url=https%3A%2F%2Fwww.facebook.com%2Fshare%2Fg%2F1NsqCBmshn%2F#
2026-08-13 11:37:52,944 - INFO - Skipping post (same lead already saved from another group): https://www.facebook.com/groups/1417223878967262/posts/1969969783692666
2026-08-13 11:37:53,329 - INFO - Ran out of loaded posts; scrolling for more (attempt 1/3).
2026-08-13 11:37:58,395 - INFO - Ran out of loaded posts; scrolling for more (attempt 1/3).
2026-08-13 11:37:59,909 - INFO - Ran out of loaded posts; scrolling for more (attempt 2/3).
2026-08-13 11:38:01,547 - INFO - Ran out of loaded posts; scrolling for more (attempt 3/3).
2026-08-13 11:38:04,612 - INFO - Finished scrolling (3 rounds) to load additional posts.
2026-08-13 11:38:06,439 - WARNING - No post content rendered after 1.6s of waiting (only loading skeletons or empty containers were present) -- Facebook may be loading slowly or this feed may be empty.
2026-08-13 11:38:06,439 - INFO - No further unprocessed posts available after 3 scroll attempts; treating this group as fully scanned.
2026-08-13 11:38:06,439 - INFO - [23/31] Video editors(Philippines) (2) -- qualifying 0 (running total 20), old 0, dup 0, cross-dup 1, not-qualifying 0
2026-08-13 11:38:06,439 - INFO - [24/31] Visiting: Video Editing Jobs & video Editors (USA/UK/Canada)
2026-08-13 11:38:11,016 - INFO - Current page detected: https://www.facebook.com/groups/147032671260514/?rdid=5VkuIbeQ4epfiOmG&share_url=https%3A%2F%2Fwww.facebook.com%2Fshare%2Fg%2F17fWUHPZGW%2F#
2026-08-13 11:38:12,730 - WARNING - No post content rendered after 1.6s of waiting (only loading skeletons or empty containers were present) -- Facebook may be loading slowly or this feed may be empty.
2026-08-13 11:38:12,730 - WARNING - [24/31] No post content rendered; skipping: Video Editing Jobs & video Editors (USA/UK/Canada)
2026-08-13 11:38:12,730 - INFO - [25/31] Visiting: Video Editing Jobs & video Editors (worldwide)
2026-08-13 11:38:17,348 - INFO - Current page detected: https://www.facebook.com/groups/6100423586635776/
2026-08-13 11:38:19,080 - WARNING - No post content rendered after 1.6s of waiting (only loading skeletons or empty containers were present) -- Facebook may be loading slowly or this feed may be empty.
2026-08-13 11:38:19,080 - WARNING - [25/31] No post content rendered; skipping: Video Editing Jobs & video Editors (worldwide)
2026-08-13 11:38:19,080 - INFO - [26/31] Visiting: Video Editing JOBS
2026-08-13 11:38:23,355 - INFO - Current page detected: https://www.facebook.com/groups/510764166305355/
2026-08-13 11:38:25,061 - WARNING - No post content rendered after 1.6s of waiting (only loading skeletons or empty containers were present) -- Facebook may be loading slowly or this feed may be empty.
2026-08-13 11:38:25,061 - WARNING - [26/31] No post content rendered; skipping: Video Editing JOBS
2026-08-13 11:38:25,061 - INFO - [27/31] Visiting: Video Editing, Voice over, Whiteboard, 2D & 3D Jobs in Pakistan
2026-08-13 11:38:28,941 - INFO - Current page detected: https://www.facebook.com/groups/1102047611258448/
2026-08-13 11:38:30,710 - WARNING - No post content rendered after 1.6s of waiting (only loading skeletons or empty containers were present) -- Facebook may be loading slowly or this feed may be empty.
2026-08-13 11:38:30,710 - WARNING - [27/31] No post content rendered; skipping: Video Editing, Voice over, Whiteboard, 2D & 3D Jobs in Pakistan
2026-08-13 11:38:30,710 - INFO - [28/31] Visiting: Video Editing
2026-08-13 11:38:34,911 - INFO - Current page detected: https://www.facebook.com/groups/editingvideofilms/
2026-08-13 11:38:37,740 - INFO - Skipping post (same lead already saved from another group): https://www.facebook.com/groups/editingvideofilms/posts/28023881120599326
2026-08-13 11:38:38,143 - INFO - Ran out of loaded posts; scrolling for more (attempt 1/3).
2026-08-13 11:38:41,182 - INFO - Skipping post (not a clear remote/freelance video-editing lead) [intent classified as 'unknown', not 'buyer']: https://www.facebook.com/groups/editingvideofilms/posts/28025870300400408 | text: "Video Editing classes will start soon It's free for 2 months Plus job confirmation yes to be Added"
2026-08-13 11:38:44,595 - INFO - Ran out of loaded posts; scrolling for more (attempt 1/3).
2026-08-13 11:38:46,139 - INFO - Ran out of loaded posts; scrolling for more (attempt 2/3).
2026-08-13 11:38:47,667 - INFO - Ran out of loaded posts; scrolling for more (attempt 3/3).
2026-08-13 11:38:50,712 - INFO - Finished scrolling (3 rounds) to load additional posts.
2026-08-13 11:38:53,687 - INFO - Ran out of loaded posts; scrolling for more (attempt 1/3).
2026-08-13 11:38:55,221 - INFO - Ran out of loaded posts; scrolling for more (attempt 2/3).
2026-08-13 11:38:56,907 - INFO - Ran out of loaded posts; scrolling for more (attempt 3/3).
2026-08-13 11:38:59,959 - INFO - Finished scrolling (3 rounds) to load additional posts.
2026-08-13 11:39:00,270 - INFO - No further unprocessed posts available after 3 scroll attempts; treating this group as fully scanned.
2026-08-13 11:39:00,270 - INFO - [28/31] Video Editing -- qualifying 1 (running total 21), old 0, dup 0, cross-dup 1, not-qualifying 1
2026-08-13 11:39:00,270 - INFO - [29/31] Visiting: YouTube Video editing
2026-08-13 11:39:03,804 - INFO - Current page detected: https://www.facebook.com/groups/302737219333992/
2026-08-13 11:39:07,828 - INFO - Ran out of loaded posts; scrolling for more (attempt 1/3).
2026-08-13 11:39:13,583 - WARNING - No post content rendered after 1.6s of waiting (only loading skeletons or empty containers were present) -- Facebook may be loading slowly or this feed may be empty.
2026-08-13 11:39:13,583 - INFO - Ran out of loaded posts; scrolling for more (attempt 1/3).
2026-08-13 11:39:16,326 - WARNING - No post content rendered after 1.6s of waiting (only loading skeletons or empty containers were present) -- Facebook may be loading slowly or this feed may be empty.
2026-08-13 11:39:16,326 - INFO - Ran out of loaded posts; scrolling for more (attempt 2/3).
2026-08-13 11:39:19,050 - WARNING - No post content rendered after 1.6s of waiting (only loading skeletons or empty containers were present) -- Facebook may be loading slowly or this feed may be empty.
2026-08-13 11:39:19,053 - INFO - Ran out of loaded posts; scrolling for more (attempt 3/3).
2026-08-13 11:39:22,107 - INFO - Finished scrolling (3 rounds) to load additional posts.
2026-08-13 11:39:23,821 - WARNING - No post content rendered after 1.6s of waiting (only loading skeletons or empty containers were present) -- Facebook may be loading slowly or this feed may be empty.
2026-08-13 11:39:23,821 - INFO - No further unprocessed posts available after 3 scroll attempts; treating this group as fully scanned.
2026-08-13 11:39:23,821 - INFO - [29/31] YouTube Video editing -- qualifying 1 (running total 22), old 0, dup 0, cross-dup 0, not-qualifying 0
2026-08-13 11:39:23,821 - INFO - [30/31] Visiting: Video Editors Make Money Online
2026-08-13 11:39:27,853 - INFO - Current page detected: https://www.facebook.com/groups/evokeverse/
2026-08-13 11:39:29,572 - WARNING - No post content rendered after 1.6s of waiting (only loading skeletons or empty containers were present) -- Facebook may be loading slowly or this feed may be empty.
2026-08-13 11:39:29,572 - WARNING - [30/31] No post content rendered; skipping: Video Editors Make Money Online
2026-08-13 11:39:29,572 - INFO - [31/31] Visiting: Video Editing Jobs (India)
2026-08-13 11:39:33,841 - INFO - Current page detected: https://www.facebook.com/groups/1080596700055075/
2026-08-13 11:39:36,351 - INFO - Skipping post (not a clear remote/freelance video-editing lead) [intent classified as 'unknown', not 'buyer'; no video-editing context keyword found]: https://www.facebook.com/groups/1080596700055075/posts/1772913580823380 | text: 'I need a flex design not chatgpt'
2026-08-13 11:39:36,651 - INFO - Ran out of loaded posts; scrolling for more (attempt 1/3).
2026-08-13 11:39:41,089 - INFO - Ran out of loaded posts; scrolling for more (attempt 1/3).
2026-08-13 11:39:42,728 - INFO - Ran out of loaded posts; scrolling for more (attempt 2/3).
2026-08-13 11:39:44,214 - INFO - Ran out of loaded posts; scrolling for more (attempt 3/3).
2026-08-13 11:39:47,262 - INFO - Finished scrolling (3 rounds) to load additional posts.
2026-08-13 11:39:48,977 - WARNING - No post content rendered after 1.6s of waiting (only loading skeletons or empty containers were present) -- Facebook may be loading slowly or this feed may be empty.
2026-08-13 11:39:48,977 - INFO - No further unprocessed posts available after 3 scroll attempts; treating this group as fully scanned.
2026-08-13 11:39:48,977 - INFO - [31/31] Video Editing Jobs (India) -- qualifying 0 (running total 22), old 0, dup 0, cross-dup 0, not-qualifying 1
2026-08-13 11:39:53,456 - ERROR - Google Sheets write failed: ('invalid_grant: Invalid grant: account not found', {'error': 'invalid_grant', 'error_description': 'Invalid grant: account not found'})
